<?xml version="1.0" encoding="utf-8"?>
<COLLADA xmlns="http://www.collada.org/2005/11/COLLADASchema" version="1.4.1" xmlns:xsi="http://www.w3.org/2001/XMLSchema-instance">
  <asset>
    <contributor>
      <author>Blender User</author>
      <authoring_tool>Blender 3.4.1 commit date:2022-12-19, commit time:17:00, hash:55485cb379f7</authoring_tool>
    </contributor>
    <created>2025-07-18T16:14:29</created>
    <modified>2025-07-18T16:14:29</modified>
    <unit name="meter" meter="1"/>
    <up_axis>Z_UP</up_axis>
  </asset>
  <library_effects>
    <effect id="MaterialFBXASC032FBXASC03525-effect">
      <profile_COMMON>
        <technique sid="common">
          <lambert>
            <emission>
              <color sid="emission">0 0 0 1</color>
            </emission>
            <diffuse>
              <color sid="diffuse">1 1 1 1</color>
            </diffuse>
            <reflectivity>
              <float sid="specular">1</float>
            </reflectivity>
            <index_of_refraction>
              <float sid="ior">1.45</float>
            </index_of_refraction>
          </lambert>
        </technique>
      </profile_COMMON>
    </effect>
  </library_effects>
  <library_images/>
  <library_materials>
    <material id="MaterialFBXASC032FBXASC03525-material" name="MaterialFBXASC032FBXASC03525">
      <instance_effect url="#MaterialFBXASC032FBXASC03525-effect"/>
    </material>
  </library_materials>
  <library_geometries>
    <geometry id="stitch_result_stitchFBXASC032allMesh-mesh" name="stitch_result_stitchFBXASC032allMesh">
      <mesh>
        <source id="stitch_result_stitchFBXASC032allMesh-mesh-positions">
          <float_array id="stitch_result_stitchFBXASC032allMesh-mesh-positions-array" count="3132">0 80.99999 -71.5 -12.41584 80.99999 -70.41374 -24.45444 80.99999 -67.18801 -35.75 80.99999 -61.9208 -45.9593 80.99999 -54.77217 -54.77217 80.99999 -45.9593 -61.9208 80.99999 -35.75 -67.18801 80.99999 -24.45444 -70.41374 80.99999 -12.41584 -71.5 80.99999 0 -70.41374 80.99999 12.41584 -67.18801 80.99999 24.45444 -61.9208 80.99999 35.75 -54.77217 80.99999 45.9593 -45.9593 80.99999 54.77217 -35.75 80.99999 61.9208 -24.45444 80.99999 67.18801 -12.41584 80.99999 70.41374 0 80.99999 71.5 12.41584 80.99999 70.41374 24.45444 80.99999 67.18801 35.75 80.99999 61.9208 45.9593 80.99999 54.77217 54.77217 80.99999 45.9593 61.9208 80.99999 35.75 67.18801 80.99999 24.45444 70.41374 80.99999 12.41584 71.5 80.99999 0 70.41374 80.99999 -12.41584 67.18801 80.99999 -24.45444 61.9208 80.99999 -35.75 54.77217 80.99999 -45.9593 45.9593 80.99999 -54.77217 35.75 80.99999 -61.9208 24.45444 80.99999 -67.18801 12.41584 80.99999 -70.41374 0 84.79998 71.5 0 84.79998 -71.5 -12.41584 84.79998 -70.41374 -24.45444 84.79998 -67.18801 -35.75 84.79998 -61.9208 -45.9593 84.79998 -54.77217 -54.77217 84.79998 -45.9593 -61.9208 84.79998 -35.75 -67.18801 84.79998 -24.45444 -70.41374 84.79998 -12.41584 -71.5 84.79998 0 -70.41374 84.79998 12.41584 -67.18801 84.79998 24.45444 -61.9208 84.79998 35.75 -54.77217 84.79998 45.9593 -45.9593 84.79998 54.77217 -35.75 84.79998 61.9208 -24.45444 84.79998 67.18801 -12.41584 84.79998 70.41374 12.41584 84.79998 70.41374 24.45444 84.79998 67.18801 35.75 84.79998 61.9208 45.9593 84.79998 54.77217 54.77217 84.79998 45.9593 61.9208 84.79998 35.75 67.18801 84.79998 24.45444 70.41374 84.79998 12.41584 71.5 84.79998 0 70.41374 84.79998 -12.41584 67.18801 84.79998 -24.45444 61.9208 84.79998 -35.75 54.77217 84.79998 -45.9593 45.9593 84.79998 -54.77217 35.75 84.79998 -61.9208 24.45444 84.79998 -67.18801 12.41584 84.79998 -70.41374 0.95201 84.79998 -74.69392 0.810382 84.79998 -74.41409 0.589039 84.79998 -74.19188 0.309754 84.79998 -74.04917 0 84.79998 -74 -0.309754 84.79998 -74.04917 -0.589039 84.79998 -74.19188 -0.810382 84.79998 -74.41409 -0.95201 84.79998 -74.69392 -13.51104 84.79998 -73.46795 -25.68453 84.79998 -70.14553 -37.12508 84.79998 -64.82142 -47.50624 84.79998 -57.6476 -56.53177 84.79998 -48.82875 -63.94412 84.79998 -38.61654 -69.53178 84.79998 -27.30238 -73.13529 84.79998 -15.20911 -74.65184 84.79998 -2.68185 -74.03812 84.79998 9.921943 -71.31167 84.79998 22.24261 -66.55029 84.79998 33.92856 -59.88984 84.79998 44.64633 -51.52039 84.79998 54.09009 -41.68076 84.79998 61.99034 -30.65174 84.79998 68.12165 -18.74805 84.79998 72.30905 -6.309363 84.79998 74.43305 6.309363 84.79998 74.43305 18.74805 84.79998 72.30905 30.65174 84.79998 68.12165 41.68076 84.79998 61.99034 51.52039 84.79998 54.09009 59.88984 84.79998 44.64633 66.55029 84.79998 33.92856 71.31167 84.79998 22.24261 74.03812 84.79998 9.921943 74.65184 84.79998 -2.68185 73.13529 84.79998 -15.20911 69.53178 84.79998 -27.30238 63.94412 84.79998 -38.61654 56.53177 84.79998 -48.82875 47.50624 84.79998 -57.6476 37.12508 84.79998 -64.82142 25.68453 84.79998 -70.14553 13.51104 84.79998 -73.46795 0 81.99999 -74 0.999978 84.49999 -74.99332 0.999978 81.99999 -74.99332 0.949395 81.99999 -74.68591 0.806659 81.99999 -74.40897 0.585626 81.99999 -74.18941 0.307749 81.99999 -74.04853 -0.999978 84.49999 -74.99332 -0.307749 81.99999 -74.04853 -0.585626 81.99999 -74.18941 -0.806659 81.99999 -74.40897 -0.949395 81.99999 -74.68591 -0.999978 81.99999 -74.99332 -13.27804 84.49999 -73.81526 -25.19697 84.49999 -70.64072 -36.4344 84.49999 -65.55557 -46.68639 84.49999 -58.69735 -55.67567 84.49999 -50.25155 -63.15909 84.49999 -40.4466 -68.93426 84.49999 -29.54771 -72.84497 84.49999 -17.84963 -74.78545 84.49999 -5.66878 -74.70322 84.49999 6.665393 -72.6005 84.49999 18.81929 -68.53417 84.49999 30.46418 -62.6142 84.49999 41.28511 -55.00071 84.49999 50.98941 -45.89963 84.49999 59.3146 -35.5571 84.49999 66.03553 -24.25287 84.49999 70.97039 -12.29267 84.49999 73.98573 0 84.49999 74.99999 12.29267 84.49999 73.98573 24.25287 84.49999 70.97039 35.5571 84.49999 66.03553 45.89963 84.49999 59.3146 55.00071 84.49999 50.98941 62.6142 84.49999 41.28511 68.53417 84.49999 30.46418 72.6005 84.49999 18.81929 74.70322 84.49999 6.665393 74.78545 84.49999 -5.66878 72.84497 84.49999 -17.84963 68.93426 84.49999 -29.54771 63.15909 84.49999 -40.4466 55.67567 84.49999 -50.25155 46.68639 84.49999 -58.69735 36.4344 84.49999 -65.55557 25.19697 84.49999 -70.64072 13.27804 84.49999 -73.81526 0.666663 81.99999 -74.99703 0.333335 81.99999 -74.99925 0 81.99999 -74.99999 -0.333335 81.99999 -74.99925 -0.666663 81.99999 -74.99703 0 76.29766 74.99999 12.34459 76.29766 73.97709 24.35246 76.29766 70.93628 35.69605 76.29766 65.96052 46.06594 76.29766 59.18553 55.17928 76.29766 50.79611 62.78747 76.29766 41.0211 68.68299 76.29766 30.12715 72.70501 76.29766 18.41141 74.74382 76.29766 6.19345 74.74382 76.29766 -6.19345 72.70501 76.29766 -18.41141 68.68299 76.29766 -30.12715 62.78747 76.29766 -41.0211 55.17928 76.29766 -50.79611 46.06594 76.29766 -59.18553 35.69605 76.29766 -65.96052 24.35246 76.29766 -70.93628 12.34459 76.29766 -73.97709 0 76.29766 -74.99999 -12.34459 76.29766 -73.97709 -24.35246 76.29766 -70.93628 -35.69605 76.29766 -65.96052 -46.06594 76.29766 -59.18553 -55.17928 76.29766 -50.79611 -62.78747 76.29766 -41.0211 -68.68299 76.29766 -30.12715 -72.70501 76.29766 -18.41141 -74.74382 76.29766 -6.19345 -74.74382 76.29766 6.19345 -72.70501 76.29766 18.41141 -68.68299 76.29766 30.12715 -62.78747 76.29766 41.0211 -55.17928 76.29766 50.79611 -46.06594 76.29766 59.18553 -35.69605 76.29766 65.96052 -24.35246 76.29766 70.93628 -12.34459 76.29766 73.97709 -4.301823 20 -78.85635 -21.01573 20 -90.55956 -16.56492 31.70516 -87.44306 -12.31108 42.44688 -84.46449 -8.230611 52.28706 -81.60732 -4.301823 61.27784 -78.85635 -78.85635 20 4.301823 -78.85635 61.27784 4.301823 -78.00079 64.01075 2.694088 -77.65941 65.10976 1.537881 -77.54304 65.48574 0.802056 -77.51095 65.5895 0.400536 -77.49999 65.62499 0 -77.51095 65.5895 -0.400536 -77.54304 65.48574 -0.802056 -77.65941 65.10976 -1.537881 -78.00079 64.01075 -2.694088 -78.85635 61.27784 -4.301823 -78.85635 20 -4.301823 -77.84712 20 -2.255293 -77.49999 20 0 -77.84712 20 2.255293 -81.60732 52.28706 -8.230611 -84.46449 42.44688 -12.31108 -87.44306 31.70516 -16.56492 -90.55956 20 -21.01573 -90.55956 20 21.01573 -87.44306 31.70516 16.56492 -84.46449 42.44688 12.31108 -81.60732 52.28706 8.230611 -4.301823 20 78.85635 -2.970598 20 78.11336 -1.516632 20 77.65493 0 20 77.49999 0 65.62499 77.49999 -0.400536 65.5895 77.51095 -0.802056 65.48574 77.54304 -1.537881 65.10976 77.65941 -2.694088 64.01075 78.00079 -4.301823 61.27784 78.85635 -8.230611 52.28706 81.60732 -12.31108 42.44688 84.46449 -16.56492 31.70516 87.44306 -21.01573 20 90.55956 4.301823 20 78.85635 4.301823 61.27784 78.85635 2.694088 64.01075 78.00079 1.537881 65.10976 77.65941 0.802056 65.48574 77.54304 0.400536 65.5895 77.51095 1.516632 20 77.65493 2.970598 20 78.11336 0 69.87688 76.05867 0 71.97437 75.47285 0 74.12313 75.11856 0 74.12313 -75.11856 0 71.97437 -75.47285 0 69.87688 -76.05867 -12.51884 69.87688 -75.02133 -24.69621 69.87688 -71.9376 -36.19992 69.87688 -66.89161 -46.7162 69.87688 -60.02098 -55.95818 69.87688 -51.51313 -63.67377 69.87688 -41.60015 -69.65251 69.87688 -30.55242 -73.7313 69.87688 -18.6713 -75.7989 69.87688 -6.280875 -75.7989 69.87688 6.280875 -73.7313 69.87688 18.6713 -69.65251 69.87688 30.55242 -63.67377 69.87688 41.60015 -55.95818 69.87688 51.51313 -46.7162 69.87688 60.02098 -36.19992 69.87688 66.89161 -24.69621 69.87688 71.9376 -12.51884 69.87688 75.02133 -10.57421 70.11732 -75.23944 -62.98933 70.11732 -42.48684 -73.72196 70.11732 18.38095 -75.56263 70.11732 7.941954 -25.9863 70.11732 71.39677 -5.300017 70.11732 75.79378 -15.79689 70.11732 74.31854 -35.66991 70.11732 67.08535 -44.65925 70.11732 61.46818 -52.77935 70.11732 54.65462 -59.87216 70.11732 46.77725 -65.79962 70.11732 37.98943 -70.44637 70.11732 28.46218 -75.93258 70.11732 -2.651624 -74.82457 70.11732 -13.19359 -72.26019 70.11732 -23.47876 -68.28935 70.11732 -33.30694 -56.46329 70.11732 -50.83977 -48.83827 70.11732 -58.20317 -40.26266 70.11732 -64.43373 -30.90339 70.11732 -69.41014 -20.94261 70.11732 -73.03557 0 65.62499 -77.49999 -0.400536 65.5895 -77.51095 -0.802056 65.48574 -77.54304 -1.537881 65.10976 -77.65941 -2.694088 64.01075 -78.00079 -14.07827 20 -91.89394 -7.059521 20 -92.69766 0 20 -92.96609 0 17.12311 -93.94131 -14.00122 17.12311 -92.89206 -27.68968 17.12311 -89.76776 -40.7596 17.12311 -84.63819 -52.91901 17.12311 -77.61795 -63.89631 17.12311 -68.86385 -73.44628 17.12311 -58.57144 -81.35556 17.12311 -46.97065 -87.4475 17.12311 -34.32061 -91.58599 17.12311 -20.90391 -93.67863 17.12311 -7.020242 -93.67863 17.12311 7.020242 -91.58599 17.12311 20.90391 -87.4475 17.12311 34.32061 -81.35556 17.12311 46.97065 -73.44628 17.12311 58.57144 -63.89631 17.12311 68.86385 -52.91901 17.12311 77.61795 -40.7596 17.12311 84.63819 -27.68968 17.12311 89.76776 -14.00122 17.12311 92.89206 0 17.12311 93.94131 0 20 92.96609 -7.059521 20 92.69766 -14.07827 20 91.89394 -92.69766 20 7.059521 -92.69766 20 -7.059521 12.51884 69.87688 75.02133 24.69621 69.87688 71.9376 36.19992 69.87688 66.89161 46.7162 69.87688 60.02098 55.95818 69.87688 51.51313 63.67377 69.87688 41.60015 69.65251 69.87688 30.55242 73.7313 69.87688 18.6713 75.7989 69.87688 6.280875 75.7989 69.87688 -6.280875 73.7313 69.87688 -18.6713 69.65251 69.87688 -30.55242 63.67377 69.87688 -41.60015 55.95818 69.87688 -51.51313 46.7162 69.87688 -60.02098 36.19992 69.87688 -66.89161 24.69621 69.87688 -71.9376 12.51884 69.87688 -75.02133 5.300017 70.11732 75.79378 35.66991 70.11732 67.08535 25.9863 70.11732 71.39677 75.56263 70.11732 7.941954 56.46329 70.11732 -50.83977 62.98933 70.11732 -42.48684 15.79689 70.11732 74.31854 44.65925 70.11732 61.46818 52.77935 70.11732 54.65462 59.87216 70.11732 46.77725 65.79962 70.11732 37.98943 70.44637 70.11732 28.46218 73.72196 70.11732 18.38095 75.93258 70.11732 -2.651624 74.82457 70.11732 -13.19359 72.26019 70.11732 -23.47876 68.28935 70.11732 -33.30694 48.83827 70.11732 -58.20317 40.26266 70.11732 -64.43373 30.90339 70.11732 -69.41014 20.94261 70.11732 -73.03557 10.57421 70.11732 -75.23944 78.85635 20 4.301823 90.55956 20 21.01573 92.69766 20 7.059521 92.69766 20 -7.059521 90.55956 20 -21.01573 78.85635 20 -4.301823 77.84712 20 -2.255293 77.49999 20 0 77.84712 20 2.255293 84.99999 20 4.499999 83.60941 20 4.279754 82.35495 20 3.640576 81.35941 20 2.645033 80.72023 20 1.390576 80.49999 20 0 80.72023 20 -1.390576 81.35941 20 -2.645033 82.35495 20 -3.640576 83.60941 20 -4.279754 84.99999 20 -4.499999 86.39056 20 -4.279754 87.64502 20 -3.640576 88.64056 20 -2.645033 89.27975 20 -1.390576 89.49999 20 0 89.27975 20 1.390576 88.64056 20 2.645033 87.64502 20 3.640576 86.39056 20 4.279754 78.85635 61.27784 -4.301823 78.00079 64.01075 -2.694088 77.65941 65.10976 -1.537881 77.54304 65.48574 -0.802056 77.51095 65.5895 -0.400536 77.49999 65.62499 0 77.51095 65.5895 0.400536 77.54304 65.48574 0.802056 77.65941 65.10976 1.537881 78.00079 64.01075 2.694088 78.85635 61.27784 4.301823 81.60732 52.28706 8.230611 84.46449 42.44688 12.31108 87.44306 31.70516 16.56492 87.44306 31.70516 -16.56492 84.46449 42.44688 -12.31108 81.60732 52.28706 -8.230611 4.301823 20 -78.85635 21.01573 20 -90.55956 14.07827 20 -91.89394 7.059521 20 -92.69766 -2.255293 20 -77.84712 0 20 -77.49999 2.255293 20 -77.84712 0 20 -80.49999 -1.390576 20 -80.72023 -2.645033 20 -81.35941 -3.640576 20 -82.35495 -4.279754 20 -83.60941 -4.499999 20 -84.99999 -4.279754 20 -86.39056 -3.640576 20 -87.64502 -2.645033 20 -88.64056 -1.390576 20 -89.27975 0 20 -89.49999 1.390576 20 -89.27975 2.645033 20 -88.64056 3.640576 20 -87.64502 4.279754 20 -86.39056 4.499999 20 -84.99999 4.279754 20 -83.60941 3.640576 20 -82.35495 2.645033 20 -81.35941 1.390576 20 -80.72023 0.400536 65.5895 -77.51095 0.802056 65.48574 -77.54304 1.537881 65.10976 -77.65941 2.694088 64.01075 -78.00079 4.301823 61.27784 -78.85635 8.230611 52.28706 -81.60732 12.31108 42.44688 -84.46449 16.56492 31.70516 -87.44306 -84.99999 20 4.499999 -86.39056 20 4.279754 -87.64502 20 3.640576 -88.64056 20 2.645033 -89.27975 20 1.390576 -89.49999 20 0 -89.27975 20 -1.390576 -88.64056 20 -2.645033 -87.64502 20 -3.640576 -86.39056 20 -4.279754 -84.99999 20 -4.499999 -83.60941 20 -4.279754 -82.35495 20 -3.640576 -81.35941 20 -2.645033 -80.72023 20 -1.390576 -80.49999 20 0 -80.72023 20 1.390576 -81.35941 20 2.645033 -82.35495 20 3.640576 -83.60941 20 4.279754 7.059521 20 92.69766 14.07827 20 91.89394 21.01573 20 90.55956 0 20 89.49999 -1.390576 20 89.27975 -2.645033 20 88.64056 -3.640576 20 87.64502 -4.279754 20 86.39056 -4.499999 20 84.99999 -4.279754 20 83.60941 -3.640576 20 82.35495 -2.645033 20 81.35941 -1.390576 20 80.72023 0 20 80.49999 1.390576 20 80.72023 2.645033 20 81.35941 3.640576 20 82.35495 4.279754 20 83.60941 4.499999 20 84.99999 4.279754 20 86.39056 3.640576 20 87.64502 2.645033 20 88.64056 1.390576 20 89.27975 16.56492 31.70516 87.44306 12.31108 42.44688 84.46449 8.230611 52.28706 81.60732 74.2462 9.999999 40.30508 74.98179 9.999999 41.31754 75.36853 9.999999 42.50777 75.36853 9.999999 43.75924 74.98179 9.999999 44.94947 74.2462 9.999999 45.96194 73.23373 9.999999 46.69753 72.04351 9.999999 47.08425 70.79203 9.999999 47.08425 69.60181 9.999999 46.69753 68.58934 9.999999 45.96194 67.17514 9.999999 44.54772 66.47587 9.999999 43.60488 66.08042 9.999999 42.49966 66.02283 9.999999 41.32722 66.30804 9.999999 40.18856 66.91152 9.999999 39.18172 67.78128 9.999999 38.39342 68.84242 9.999999 37.89154 70.00357 9.999999 37.71929 71.03884 9.999999 37.85559 72.00357 9.999999 38.25519 72.832 9.999999 38.89087 63.6396 9.999999 -41.1764 63.25333 9.999999 -41.23758 62.90487 9.999999 -41.41513 62.62833 9.999999 -41.69167 62.45078 9.999999 -42.04013 62.3896 9.999999 -42.4264 62.45078 9.999999 -42.81267 62.62833 9.999999 -43.16113 62.90487 9.999999 -43.43767 63.25333 9.999999 -43.61522 63.6396 9.999999 -43.6764 63.6396 10.75107 -42.4264 42.4264 9.999999 -62.3896 42.04013 9.999999 -62.45078 41.69167 9.999999 -62.62833 41.41513 9.999999 -62.90487 41.23758 9.999999 -63.25333 41.1764 9.999999 -63.6396 41.23758 9.999999 -64.02587 41.41513 9.999999 -64.37433 41.69167 9.999999 -64.65087 42.04013 9.999999 -64.82843 42.4264 9.999999 -64.8896 42.4264 10.75107 -63.6396 72.832 0 38.89087 70.00357 0 37.71929 71.03884 0 37.85559 72.00357 0 38.25519 -84.99999 0 -4.499999 -84.99999 0 4.499999 -86.39056 0 4.279754 -87.64502 0 3.640576 -88.64056 0 2.645033 -89.27975 0 1.390576 -89.49999 0 0 -89.27975 0 -1.390576 -88.64056 0 -2.645033 -87.64502 0 -3.640576 -86.39056 0 -4.279754 0 0 80.49999 0 0 89.49999 -1.390576 0 89.27975 -2.645033 0 88.64056 -3.640576 0 87.64502 -4.279754 0 86.39056 -4.499999 0 84.99999 -4.279754 0 83.60941 -3.640576 0 82.35495 -2.645033 0 81.35941 -1.390576 0 80.72023 0 0 -89.49999 0 0 -80.49999 -1.390576 0 -80.72023 -2.645033 0 -81.35941 -3.640576 0 -82.35495 -4.279754 0 -83.60941 -4.499999 0 -84.99999 -4.279754 0 -86.39056 -3.640576 0 -87.64502 -2.645033 0 -88.64056 -1.390576 0 -89.27975 84.99999 0 -4.499999 84.99999 0 4.499999 83.60941 0 4.279754 82.35495 0 3.640576 81.35941 0 2.645033 80.72023 0 1.390576 80.49999 0 0 80.72023 0 -1.390576 81.35941 0 -2.645033 82.35495 0 -3.640576 83.60941 0 -4.279754 62.79838 0 -71.28366 51.88402 0 -79.58043 39.88909 0 -86.21983 27.06342 0 -91.06354 13.6741 0 -94.01073 0 0 -94.99999 0 10.70232 -94.99999 13.92749 10.70232 -93.97352 27.55401 10.70232 -90.9163 40.58509 10.70232 -85.8944 52.73913 10.70232 -79.01633 63.7535 10.70232 -70.43074 63.34597 9.868089 -70.79747 63.04172 8.944079 -71.06858 62.85906 7.971102 -71.23026 62.79838 6.999999 -71.28366 14.00122 17.12311 92.89206 27.68968 17.12311 89.76776 40.7596 17.12311 84.63819 52.91901 17.12311 77.61795 63.89631 17.12311 68.86385 73.44628 17.12311 58.57144 81.35556 17.12311 46.97065 87.4475 17.12311 34.32061 91.58599 17.12311 20.90391 93.67863 17.12311 7.020242 93.67863 17.12311 -7.020242 91.58599 17.12311 -20.90391 87.4475 17.12311 -34.32061 81.35556 17.12311 -46.97065 73.44628 17.12311 -58.57144 63.89631 17.12311 -68.86385 52.91901 17.12311 -77.61795 40.7596 17.12311 -84.63819 27.68968 17.12311 -89.76776 14.00122 17.12311 -92.89206 86.39056 0 -4.279754 87.64502 0 -3.640576 88.64056 0 -2.645033 89.27975 0 -1.390576 89.49999 0 0 89.27975 0 1.390576 88.64056 0 2.645033 87.64502 0 3.640576 86.39056 0 4.279754 1.390576 0 -89.27975 2.645033 0 -88.64056 3.640576 0 -87.64502 4.279754 0 -86.39056 4.499999 0 -84.99999 4.279754 0 -83.60941 3.640576 0 -82.35495 2.645033 0 -81.35941 1.390576 0 -80.72023 1.390576 0 80.72023 2.645033 0 81.35941 3.640576 0 82.35495 4.279754 0 83.60941 4.499999 0 84.99999 4.279754 0 86.39056 3.640576 0 87.64502 2.645033 0 88.64056 1.390576 0 89.27975 -83.60941 0 -4.279754 -82.35495 0 -3.640576 -81.35941 0 -2.645033 -80.72023 0 -1.390576 -80.49999 0 0 -80.72023 0 1.390576 -81.35941 0 2.645033 -82.35495 0 3.640576 -83.60941 0 4.279754 0 10.70232 94.99999 0 12.87686 94.88143 0 15.02562 94.52713 0 15.02562 -94.52713 0 12.87686 -94.88143 -14.15901 10.70232 -93.93891 -28.00174 10.70232 -90.7794 -41.21895 10.70232 -85.59204 -53.51539 10.70232 -78.49267 -64.6164 10.70232 -69.63993 -74.27398 10.70232 -59.23152 -82.2724 10.70232 -47.49999 -88.43299 10.70232 -34.70739 -92.61814 10.70232 -21.13949 -94.73435 10.70232 -7.099358 -94.73435 10.70232 7.099358 -92.61814 10.70232 21.13949 -88.43299 10.70232 34.70739 -82.2724 10.70232 47.49999 -74.27398 10.70232 59.23152 -64.6164 10.70232 69.63993 -53.51539 10.70232 78.49267 -41.21895 10.70232 85.59204 -28.00174 10.70232 90.7794 -14.15901 10.70232 93.93891 -14.35226 16.88266 92.91924 -28.36811 16.88266 89.63939 -41.71903 16.88266 84.25849 -54.0921 16.88266 76.90263 -65.1973 16.88266 67.74424 -74.77433 16.88266 56.99799 -82.5987 16.88266 44.91575 -88.48704 16.88266 31.78072 -92.30132 16.88266 17.90078 -93.95212 16.88266 3.601266 -93.40077 16.88266 -10.78266 -90.6602 16.88266 -24.91386 -85.79461 16.88266 -38.46109 -78.91808 16.88266 -51.10683 -70.19177 16.88266 -62.55466 -59.82022 16.88266 -72.53627 -48.04654 16.88266 -80.8177 -35.14669 16.88266 -87.20482 -21.42304 16.88266 -91.54793 -7.197246 16.88266 -93.74524 -42.4264 0 -74.71067 -41.19033 0 -74.5149 -40.07526 0 -73.94674 -39.19033 0 -73.06181 -38.62218 0 -71.94674 -38.4264 0 -70.71067 -38.62218 0 -69.4746 -39.19033 0 -68.35953 -40.07526 0 -67.4746 -41.19033 0 -66.90644 -42.4264 0 -66.71067 -42.4264 9.999999 -66.71067 -41.19033 9.999999 -66.90644 -40.07526 9.999999 -67.4746 -39.19033 9.999999 -68.35953 -38.62218 9.999999 -69.4746 -38.4264 9.999999 -70.71067 -38.62218 9.999999 -71.94674 -39.19033 9.999999 -73.06181 -40.07526 9.999999 -73.94674 -41.19033 9.999999 -74.5149 -42.4264 9.999999 -74.71067 -43.66247 9.999999 -66.90644 -44.77754 9.999999 -67.4746 -45.66247 9.999999 -68.35953 -46.23062 9.999999 -69.4746 -46.4264 9.999999 -70.71067 -46.23062 9.999999 -71.94674 -45.66247 9.999999 -73.06181 -44.77754 9.999999 -73.94674 -43.66247 9.999999 -74.5149 74.2462 0 40.30508 74.98179 0 41.31754 75.36853 0 42.50777 75.36853 0 43.75924 74.98179 0 44.94947 74.2462 0 45.96194 73.23373 0 46.69753 72.04351 0 47.08425 70.79203 0 47.08425 69.60181 0 46.69753 68.58934 0 45.96194 67.17514 0 44.54772 66.47587 0 43.60488 66.08042 0 42.49966 66.02283 0 41.32722 66.30804 0 40.18856 66.91152 0 39.18172 67.78128 0 38.39342 68.84242 0 37.89154 61.51828 2.5 -53.033 61.51828 0 -53.033 67.88224 0 -46.66904 67.88224 2.5 -46.66904 46.66904 0 -67.88224 46.66904 2.5 -67.88224 45.40346 2.5 -68.80174 43.91568 2.5 -69.28515 42.35134 2.5 -69.28515 40.86355 2.5 -68.80174 39.59797 2.5 -67.88224 39.59797 0 -67.88224 40.86355 0 -68.80174 42.35134 0 -69.28515 43.91568 0 -69.28515 45.40346 0 -68.80174 67.88224 0 -39.59797 67.88224 2.5 -39.59797 68.80174 2.5 -40.86355 69.28515 2.5 -42.35134 69.28515 2.5 -43.91568 68.80174 2.5 -45.40346 68.80174 0 -45.40346 69.28515 0 -43.91568 69.28515 0 -42.35134 68.80174 0 -40.86355 42.81267 9.999999 -64.82843 43.16113 9.999999 -64.65087 43.43767 9.999999 -64.37433 43.61522 9.999999 -64.02587 43.6764 9.999999 -63.6396 43.61522 9.999999 -63.25333 43.43767 9.999999 -62.90487 43.16113 9.999999 -62.62833 42.81267 9.999999 -62.45078 42.4264 2.5 -64.8896 42.81267 2.5 -64.82843 43.16113 2.5 -64.65087 43.43767 2.5 -64.37433 43.61522 2.5 -64.02587 43.6764 2.5 -63.6396 43.61522 2.5 -63.25333 43.43767 2.5 -62.90487 43.16113 2.5 -62.62833 42.81267 2.5 -62.45078 42.4264 2.5 -62.3896 64.02587 9.999999 -43.61522 64.37433 9.999999 -43.43767 64.65087 9.999999 -43.16113 64.82843 9.999999 -42.81267 64.8896 9.999999 -42.4264 64.82843 9.999999 -42.04013 64.65087 9.999999 -41.69167 64.37433 9.999999 -41.41513 64.02587 9.999999 -41.23758 63.6396 2.5 -43.6764 64.02587 2.5 -43.61522 64.37433 2.5 -43.43767 64.65087 2.5 -43.16113 64.82843 2.5 -42.81267 64.8896 2.5 -42.4264 64.82843 2.5 -42.04013 64.65087 2.5 -41.69167 64.37433 2.5 -41.41513 64.02587 2.5 -41.23758 63.6396 2.5 -41.1764 63.25333 2.5 -41.23758 62.90487 2.5 -41.41513 62.62833 2.5 -41.69167 62.45078 2.5 -42.04013 62.3896 2.5 -42.4264 62.45078 2.5 -42.81267 62.62833 2.5 -43.16113 62.90487 2.5 -43.43767 63.25333 2.5 -43.61522 42.04013 2.5 -62.45078 41.69167 2.5 -62.62833 41.41513 2.5 -62.90487 41.23758 2.5 -63.25333 41.1764 2.5 -63.6396 41.23758 2.5 -64.02587 41.41513 2.5 -64.37433 41.69167 2.5 -64.65087 42.04013 2.5 -64.82843 -43.66247 0 -66.90644 -44.77754 0 -67.4746 -45.66247 0 -68.35953 -46.23062 0 -69.4746 -46.4264 0 -70.71067 -46.23062 0 -71.94674 -45.66247 0 -73.06181 -44.77754 0 -73.94674 -43.66247 0 -74.5149 14.55017 10.70232 93.87912 28.757 10.70232 90.54299 42.28524 10.70232 85.0703 54.81568 10.70232 77.5902 66.05263 10.70232 68.27919 75.73092 10.70232 57.35699 83.6222 10.70232 45.08134 89.54021 10.70232 31.74189 93.34535 10.70232 17.65343 94.9478 10.70232 3.148402 94.30976 10.70232 -11.43092 91.44629 10.70232 -25.74051 86.42494 10.70232 -39.44269 79.36423 10.70232 -52.21415 70.43074 10.70232 -63.7535 69.77247 11.66658 -64.43901 68.95673 12.39406 -65.24079 68.04115 12.84625 -66.13258 67.0815 13 -67.0815 66.13297 12.84638 -68.04075 65.24082 12.3941 -68.95664 64.43955 11.66721 -69.77192 7.197246 16.88266 -93.74524 21.42304 16.88266 -91.54793 35.14669 16.88266 -87.20482 48.04654 16.88266 -80.8177 59.82022 16.88266 -72.53627 78.91808 16.88266 -51.10683 70.19177 16.88266 -62.55466 85.79461 16.88266 -38.46109 90.6602 16.88266 -24.91386 93.40077 16.88266 -10.78266 93.95212 16.88266 3.601266 92.30132 16.88266 17.90078 88.48704 16.88266 31.78072 82.5987 16.88266 44.91575 74.77433 16.88266 56.99799 65.1973 16.88266 67.74424 54.0921 16.88266 76.90263 41.71903 16.88266 84.25849 28.3717 16.88266 89.63825 14.35412 16.88266 92.91894 -14.15901 0 -93.93891 -28.00174 0 -90.7794 -41.21895 0 -85.59204 -53.51539 0 -78.49267 -64.6164 0 -69.63993 -74.27398 0 -59.23152 -82.2724 0 -47.49999 -88.43299 0 -34.70739 -92.61814 0 -21.13949 -94.73435 0 -7.099358 -94.73435 0 7.099358 -92.61814 0 21.13949 -88.43299 0 34.70739 -82.2724 0 47.49999 -74.27398 0 59.23152 -64.6164 0 69.63993 -53.51539 0 78.49267 -41.21895 0 85.59204 -28.00174 0 90.7794 -14.15901 0 93.93891 0 0 94.99999 14.4658 0 93.89216 28.59423 0 90.59452 42.05575 0 85.18399 54.53643 0 77.78672 65.74518 0 68.57528 75.42058 0 57.76448 83.33696 0 45.60645 89.30972 0 32.38476 93.19952 0 18.40778 94.91567 0 4.001479 94.41815 0 -10.49815 91.71854 0 -24.75293 86.87981 0 -38.43041 80.01481 0 -51.21158 71.28366 0 -62.79838 71.28366 6.999999 -62.79838 71.23026 7.971102 -62.85906 71.06858 8.944079 -63.04172 70.79747 9.868089 -63.34597 33.29202 0 -61.57629 22.71155 0 -66.21318 11.51254 0 -69.04679 0 0 -70 -12.15537 0 -68.93654 -23.94141 0 -65.77848 -35 0 -60.62177 -44.99513 0 -53.6231 -53.6231 0 -44.99513 -60.62177 0 -35 -65.77848 0 -23.94141 -68.93654 0 -12.15537 -70 0 0 -68.93654 0 12.15537 -65.77848 0 23.94141 -60.62177 0 35 -53.6231 0 44.99513 -44.99513 0 53.6231 -35 0 60.62177 -23.94141 0 65.77848 -12.15537 0 68.93654 0 0 70 11.99476 0 68.96466 23.63471 0 65.88929 34.57551 0 60.86487 44.49355 0 54.04001 53.09543 0 45.6166 60.1267 0 35.84381 65.37937 0 25.01073 68.69807 0 13.43781 69.98461 0 1.467389 69.20095 0 -10.54644 66.37026 0 -22.24829 61.57629 0 -33.29202 53.033 0 -61.51828 45.07266 6.999999 -53.55794 45.07266 2.5 -53.55794 53.033 2.5 -61.51828 53.55794 2.5 -45.07266 53.55794 6.999999 -45.07266 49.49747 13 -49.49747 48.67471 12.88636 -50.30644 47.84686 12.54306 -51.09477 47.07403 11.97771 -51.80754 46.40647 11.24264 -52.40647 45.85235 10.34709 -52.8919 45.4225 9.29661 -53.26157 45.15993 8.153813 -53.4845 53.4845 8.153813 -45.15993 53.26157 9.29661 -45.4225 52.8919 10.34709 -45.85235 52.40647 11.24264 -46.40647 51.80754 11.97771 -47.07403 51.09477 12.54306 -47.84686 50.30644 12.88636 -48.67471 61.57629 2.5 -33.29202 59.17271 2.5 -37.3977 56.49581 2.5 -41.33064 33.29202 2.5 -61.57629 41.33064 2.5 -56.49581 37.3977 2.5 -59.17271 0 15 -70 -12.15537 15 -68.93654 -23.94141 15 -65.77848 -35 15 -60.62177 -44.99513 15 -53.6231 -53.6231 15 -44.99513 -60.62177 15 -35 -65.77848 15 -23.94141 -68.93654 15 -12.15537 -70 15 0 -68.93654 15 12.15537 -65.77848 15 23.94141 -60.62177 15 35 -53.6231 15 44.99513 -44.99513 15 53.6231 -35 15 60.62177 -23.94141 15 65.77848 -12.15537 15 68.93654 0 15 70 12.15537 15 68.93654 23.94141 15 65.77848 35 15 60.62177 44.99513 15 53.6231 53.6231 15 44.99513 60.62177 15 35 65.77848 15 23.94141 68.93654 15 12.15537 70 15 0 68.93654 15 -12.15537 65.77848 15 -23.94141 60.62177 15 -35 53.6231 15 -44.99513 44.99513 15 -53.6231 35 15 -60.62177 23.94141 15 -65.77848 12.15537 15 -68.93654</float_array>
          <technique_common>
            <accessor source="#stitch_result_stitchFBXASC032allMesh-mesh-positions-array" count="1044" stride="3">
              <param name="X" type="float"/>
              <param name="Y" type="float"/>
              <param name="Z" type="float"/>
            </accessor>
          </technique_common>
        </source>
        <source id="stitch_result_stitchFBXASC032allMesh-mesh-normals">
          <float_array id="stitch_result_stitchFBXASC032allMesh-mesh-normals-array" count="4365">0 1 0 1.52362e-7 0 -1 -3.33291e-7 0 -1 0.1736482 0 -0.9848078 0.1736479 0 -0.9848079 0.3420194 0 -0.939693 0.3420195 0 -0.9396929 0.4999999 0 -0.8660255 0.5000002 0 -0.8660254 0.6427878 0 -0.7660443 0.6427881 0 -0.7660441 0.7660446 0 -0.6427875 0.7660447 0 -0.6427873 0.866025 0 -0.5000007 0.8660252 0 -0.5000004 0.9396926 0 -0.3420205 0.9396927 0 -0.3420202 0.9848077 0 -0.1736485 0.9848078 0 -0.1736483 1 0 2.61872e-7 0.9848077 0 0.1736487 0.9848078 0 0.1736486 0.9396924 0 0.3420209 0.9396924 0 0.3420206 0.8660256 0 0.4999998 0.8660256 0 0.4999997 0.7660442 0 0.6427881 0.6427873 0 0.7660447 0.6427878 0 0.7660443 0.5000001 0 0.8660254 0.5000006 0 0.8660251 0.3420199 0 0.9396928 0.3420203 0 0.9396926 0.173648 0 0.9848078 0.1736485 0 0.9848077 -1.52362e-7 0 1 3.33291e-7 0 1 -0.1736485 0 -0.9848077 -0.173648 0 -0.9848078 -0.3420203 0 -0.9396926 -0.3420199 0 -0.9396928 -0.5000006 0 -0.8660251 -0.5000001 0 -0.8660254 -0.6427878 0 -0.7660443 -0.6427873 0 -0.7660447 -0.7660442 0 -0.6427881 -0.8660256 0 -0.4999997 -0.8660256 0 -0.4999998 -0.9396924 0 -0.3420206 -0.9396924 0 -0.3420209 -0.9848078 0 -0.1736486 -0.9848077 0 -0.1736487 -1 0 -2.61872e-7 -0.9848078 0 0.1736483 -0.9848077 0 0.1736485 -0.9396927 0 0.3420202 -0.9396926 0 0.3420205 -0.8660252 0 0.5000004 -0.866025 0 0.5000007 -0.7660447 0 0.6427873 -0.7660446 0 0.6427875 -0.6427881 0 0.7660441 -0.6427878 0 0.7660443 -0.5000002 0 0.8660254 -0.4999999 0 0.8660255 -0.3420195 0 0.9396929 -0.3420194 0 0.939693 -0.1736479 0 0.9848079 -0.1736482 0 0.9848078 0 1 3.07478e-6 0 1 -4.35065e-5 0 1 2.05859e-6 0 1 8.20467e-6 0 1 3.29375e-6 0 1 6.14955e-6 0 1 -3.02269e-6 0 1 1.52561e-6 0 1 2.26534e-6 0 1 -7.48068e-7 0 1 7.41642e-7 0 1 -1.45163e-6 0 1 4.00714e-7 0 1 1.44322e-6 0 1 -8.06163e-7 0 1 -1.42399e-6 0 1 -3.26904e-6 0 1 1.41949e-6 0 1 -3.27947e-6 0 1 -1.41591e-6 0 1 3.28762e-6 0 1 3.29347e-6 0 1 2.8229e-6 0 1 -6.59398e-6 0 1 1.41145e-6 0 1 1.41949e-6 0 1 -7.11997e-7 0 1 -1.7868e-7 0 1 1.44322e-6 0 1 3.02045e-6 0 0 -1 0 2.56834e-4 -1 -0.3077242 5.51337e-5 -0.9514757 -0.309682 -1.63737e-4 -0.9508402 -0.5856031 1.64534e-4 -0.810598 -0.589007 -2.7283e-4 -0.8081279 -0.8066673 -8.82824e-5 -0.591006 -0.8103811 -1.74048e-5 -0.5859034 -0.9493963 2.83897e-4 -0.314081 -0.952013 -1.64844e-6 -0.3060576 -0.9493892 3.15407e-6 -0.3141024 -0.9520121 7.48783e-6 -0.3060604 -0.9999776 4.20482e-4 -0.006686687 -0.9999779 -3.44554e-6 -0.006652712 0.9999779 -3.44217e-6 -0.006651937 0.9520095 -1.06543e-6 -0.3060686 0.999978 1.33767e-5 -0.006651699 0.9999778 -6.80611e-6 -0.006666481 0.952013 -3.94497e-4 -0.3060576 0.9493994 -1.19463e-4 -0.3140715 0.8103809 -1.74044e-5 -0.5859034 0.8066352 2.71107e-4 -0.5910497 0.589007 -2.72829e-4 -0.8081279 0.5856024 1.64539e-4 -0.8105986 0.309682 -1.63737e-4 -0.9508402 0.3077239 5.51313e-5 -0.9514757 0.009427309 0.7071076 -0.7070432 0.009033858 0.7071113 -0.7070446 0.1251817 0.7071098 -0.6959348 0.1279173 0.707097 -0.6954503 0.2375503 0.707116 -0.6660006 0.2431328 0.7071052 -0.6639944 0.3435192 0.7070972 -0.6180681 0.3514261 0.7071059 -0.6135967 0.4401668 0.7071081 -0.5534 0.4496829 0.707111 -0.5456917 0.5249009 0.7071209 -0.4737712 0.5351271 0.7071037 -0.4622157 0.5954603 0.7071199 -0.3813248 0.605304 0.7070918 -0.3655523 0.6499131 0.7071089 -0.2785859 0.6581708 0.7071192 -0.2584449 0.6867877 0.7071079 -0.1682886 0.6923096 0.7070959 -0.1439548 0.7050879 0.7071037 -0.05343663 0.7066566 0.7071017 -0.02537298 0.7043068 0.7071085 0.06284677 0.7008366 0.7071095 0.09393888 0.6844741 0.7071188 0.1774213 0.675033 0.707102 0.2105641 0.6461631 0.7070904 0.2872221 0.6299681 0.7071081 0.3211514 0.590333 0.7071105 0.3892323 0.5669069 0.7071064 0.4226312 0.5185366 0.7071217 0.4807274 0.487688 0.7070975 0.512029 0.4327394 0.7071029 0.5592334 0.3945374 0.7071111 0.5868 0.3352299 0.7071053 0.6225938 0.2901579 0.707109 0.6448297 0.2286468 0.7071154 0.6691102 0.1774802 0.7071037 0.6844744 0.1158917 0.707112 0.6975398 0.05974549 0.7071027 0.7045824 1.35377e-5 0.7071088 0.7071049 -0.05974507 0.7071027 0.7045825 -0.1158918 0.707112 0.6975398 -0.1774787 0.7071037 0.6844748 -0.2286468 0.7071154 0.6691102 -0.2901578 0.7071089 0.6448298 -0.3352298 0.7071053 0.6225939 -0.3945304 0.7071121 0.5868034 -0.4327394 0.707103 0.5592335 -0.4876877 0.7070975 0.5120294 -0.5185366 0.7071217 0.4807274 -0.5669057 0.7071124 0.4226228 -0.5903329 0.7071106 0.3892322 -0.6299658 0.7071076 0.3211573 -0.6461631 0.7070903 0.2872222 -0.6750376 0.7070969 0.2105661 -0.6844741 0.7071187 0.1774213 -0.7008484 0.7071023 0.09390413 -0.704307 0.7071083 0.06284683 -0.7066661 0.7070922 -0.02537316 -0.7050882 0.7071035 -0.05343663 -0.6923014 0.7070979 -0.1439837 -0.6867876 0.707108 -0.1682885 -0.6581781 0.7071102 -0.2584508 -0.6499134 0.7071084 -0.2785862 -0.6052756 0.7071198 -0.3655448 -0.5954606 0.7071194 -0.3813251 -0.5351366 0.7071004 -0.4622098 -0.5249008 0.7071205 -0.4737719 -0.4496811 0.7071137 -0.5456897 -0.4401665 0.7071083 -0.5533998 -0.3514204 0.7071066 -0.6135993 -0.3435195 0.7070977 -0.6180673 -0.24313 0.7071075 -0.6639932 -0.2375469 0.7071148 -0.6660031 -0.1279178 0.707096 -0.6954512 -0.1251863 0.7071061 -0.6959378 -0.009006679 0.7071004 -0.7070559 -0.125195 0.7071069 -0.6959354 -0.00898987 0.7071075 -0.707049 -0.009424209 0.7071089 -0.707042 0 1 -3.71613e-5 0 1 3.89841e-5 0 1 -1.62748e-5 0 1 1.46393e-5 0 1 -1.20365e-5 0 1 -7.5228e-6 0 1 1.9492e-5 0 1 -2.7871e-5 0 0 1 1.18837e-5 1.72071e-5 1 0.1636802 9.64223e-5 0.9865134 0.1646006 4.38145e-6 0.9863604 0.3234829 -9.93646e-5 0.9462341 0.3246966 2.04882e-5 0.9458184 0.4740617 3.94721e-5 0.8804917 0.4759432 -9.08418e-6 0.879476 0.612065 -1.02555e-4 0.7908075 0.6142167 -9.01201e-6 0.7891374 0.7333562 -2.43921e-5 0.6798446 0.735729 1.16532e-5 0.677276 0.8348328 5.48782e-5 0.5505036 0.8371636 -1.2668e-5 0.5469526 0.9137729 5.33337e-5 0.4062255 0.915772 -1.4875e-5 0.4016987 0.967998 4.84254e-5 0.2509583 0.9693987 7.84273e-6 0.2454917 0.9960433 -2.86044e-6 0.08886998 0.9965842 -2.05063e-5 0.08258318 0.9971386 -1.68559e-5 -0.07559591 0.9965849 1.8093e-5 -0.08257478 0.9712742 4.68593e-5 -0.2379633 0.9694008 -4.66729e-6 -0.2454838 0.9191194 -1.5339e-5 -0.3939792 0.9157729 4.45879e-6 -0.4016965 0.8421217 9.27132e-7 -0.5392876 0.8371675 3.37488e-6 -0.5469468 0.7423489 1.39701e-5 -0.6700135 0.7357209 -1.79652e-5 -0.6772848 0.6224972 2.19583e-5 -0.7826221 0.6142078 -2.42295e-6 -0.7891445 0.4857839 -1.37393e-5 -0.874079 0.4759492 1.85802e-5 -0.8794728 0.3359777 2.86715e-5 -0.94187 0.3247052 -1.64693e-6 -0.9458153 0.1770306 -1.47254e-5 -0.9842054 0.1645951 7.89959e-6 -0.9863613 0.01332908 4.59864e-6 -0.9999113 0.01333564 3.06126e-6 -0.9999111 5.21354e-6 -1.39861e-5 -1 0.01335465 7.71787e-6 -0.9999108 -6.16349e-6 -4.17349e-7 -1 0.008887469 4.25836e-6 -0.9999606 0.004440903 2.62284e-7 -0.9999902 0.004436552 0 -0.9999902 -2.16584e-5 -1.72017e-7 -1 -2.16826e-5 0 -1 2.16824e-5 0 -1 2.16586e-5 -1.70257e-7 -1 -0.004436552 0 -0.9999902 -0.004440903 2.62924e-7 -0.9999902 2.72943e-5 1.00333e-6 -1 -0.008916616 3.19627e-6 -0.9999603 -0.008877813 3.93912e-6 -0.9999606 -0.01333993 -7.78353e-7 -0.9999111 -0.1645892 1.75126e-5 -0.9863623 -0.01333045 4.5863e-6 -0.9999112 -0.1770306 -1.47144e-5 -0.9842054 -0.3246981 -1.69128e-6 -0.9458178 -0.3359778 2.86165e-5 -0.9418699 -0.4759458 1.85072e-5 -0.8794746 -0.4857839 -1.37948e-5 -0.874079 -0.6142162 -2.224e-6 -0.789138 -0.6224972 2.21713e-5 -0.7826221 -0.7357206 2.61143e-5 -0.6772853 -0.74233 -2.68202e-5 -0.6700345 -0.8371677 -8.21054e-6 -0.5469464 -0.8421217 1.06287e-6 -0.5392876 -0.9157766 4.45545e-6 -0.4016882 -0.9191195 -1.51548e-5 -0.3939791 -0.9694012 -4.57838e-6 -0.2454817 -0.9712743 4.70205e-5 -0.237963 -0.9965845 1.81235e-5 -0.08257919 -0.9971386 -1.68583e-5 -0.07559573 -0.9965844 9.76026e-6 0.08258175 -0.9960407 3.7338e-5 0.08889877 -0.9693989 -1.49496e-5 0.245491 -0.967998 4.83716e-5 0.2509583 -0.9157704 -1.50055e-5 0.4017021 -0.913785 1.33214e-5 0.4061982 -0.837163 -1.26772e-5 0.5469535 -0.8348497 1.53715e-5 0.5504782 -0.7357262 1.17086e-5 0.6772791 -0.7333138 5.31643e-5 0.6798904 -0.6142162 -9.08971e-6 0.7891377 -0.6120649 -1.02525e-4 0.7908076 -0.4759418 4.4629e-6 0.8794769 -0.4739104 2.19278e-4 0.880573 -0.3246949 -9.6336e-6 0.9458189 -0.3234829 -9.93096e-5 0.9462341 -0.1645938 -1.24164e-5 0.9863615 -0.1636803 9.64369e-5 0.9865134 0.5735765 1.91668e-7 -0.8191522 0.5735768 3.09867e-7 -0.8191518 0.5735765 -1.28362e-7 -0.8191521 0.5735756 0 -0.8191527 -0.8191614 3.95253e-6 -0.5735631 -0.9332548 -1.44914e-6 -0.3592152 -0.819159 -1.04163e-5 -0.5735665 -0.9537149 7.80708e-5 -0.3007126 -0.9787568 2.1006e-6 -0.2050251 -1 -4.05824e-6 0 -0.9942708 -2.9153e-5 -0.1068905 -0.9985718 -1.70519e-6 -0.05342853 -1 0 0 -0.9985717 -1.70741e-6 0.05342853 -0.9942675 -1.06542e-5 0.1069216 -0.9537156 4.6205e-5 0.3007102 -0.9787548 1.86777e-6 0.2050344 -0.9332548 -1.41934e-6 0.3592151 -0.8191614 3.95976e-6 0.5735631 -0.8191555 0.001230001 0.5735703 -0.8191519 0 0.5735767 -0.8191525 0 0.5735757 -0.8191519 5.50875e-7 0.5735769 -0.8191519 0 0.5735766 -0.8191519 0 -0.5735766 -0.8191519 5.50875e-7 -0.5735769 -0.8191525 0 -0.5735757 -0.8191519 0 -0.5735766 0.5735938 0 0.81914 0.3960768 -5.10478e-6 0.9182174 0.5735691 2.40712e-6 0.8191573 0.3592393 -1.6205e-6 0.9332455 0.2022463 2.31963e-4 0.9793347 0.2050294 3.65078e-7 0.9787558 0.1068674 -1.43967e-5 0.9942734 0 -4.54824e-5 1 0.05337899 2.04879e-6 0.9985744 8.74815e-7 0 1 0.5735756 0 0.8191527 0.5735765 -1.28362e-7 0.8191521 0.5735768 3.09867e-7 0.8191518 0.5735765 1.27779e-7 0.8191522 -0.5735938 0 0.81914 -0.5735939 9.62382e-6 0.8191398 -0.3960804 0 0.9182158 -0.3960596 3.39583e-6 0.9182249 -0.5735602 2.01911e-6 0.8191636 -0.3592371 -1.63168e-6 0.9332464 -0.2022463 2.3196e-4 0.9793347 -0.2050315 3.66941e-7 0.9787554 -0.1069611 3.84217e-6 0.9942633 -0.05342489 -1.44454e-6 0.9985719 -0.1558737 0.3210176 0.934158 2.54705e-6 0.3210421 0.947065 -0.06637293 0.3090004 0.9487431 1.12341e-6 0.2161502 0.9763601 3.5502e-6 0.1087222 0.9940722 -0.1977158 0.3090158 0.9302783 -0.3252912 0.3090157 0.8936975 -0.4465007 0.3090221 0.8397277 -0.5590351 0.3090299 0.7694027 -0.4507594 0.3210486 0.8329128 -0.5816927 0.3210427 0.7473722 -0.66066 0.3090054 0.6841375 -0.6967843 0.3210321 0.6414282 -0.7494265 0.3090133 0.5855516 -0.7928581 0.3210389 0.5179867 -0.823638 0.309026 0.4755243 -0.8672993 0.3210403 0.3804277 -0.8818024 0.3090409 0.3562559 -0.9180812 0.3210476 0.2324986 -0.9228013 0.3090339 0.2300783 -0.9458423 0.3090327 0.09940379 -0.9504833 0.3090002 -0.03317576 -0.9366061 0.3090304 -0.1651341 -0.9044898 0.30904 -0.2939261 -0.8548093 0.3090152 -0.4169062 -0.7884647 0.3089976 -0.5318307 -0.7067566 0.3090308 -0.6363923 -0.6113373 0.3090024 -0.7285494 -0.6967835 0.3210374 -0.6414264 -0.5817052 0.3210176 -0.7473734 -0.5039831 0.3090022 -0.8065474 -0.4507567 0.3210443 -0.832916 -0.3868415 0.3090245 -0.8688254 -0.3075066 0.3210554 -0.8957473 -0.2621595 0.3090109 -0.9142126 -0.155871 0.3210531 -0.9341462 -0.1323885 0.3090229 -0.9417952 -1.02719e-6 0.32105 -0.9470623 5.47816e-7 0.2161436 -0.9763616 -4.80004e-6 0.1087282 -0.9940716 -0.7928577 0.3210171 -0.5180009 -0.8672947 0.3210298 -0.3804468 -0.9180825 0.3210459 -0.2324951 -0.9438274 0.3210544 -0.07819277 -0.943831 0.3210414 0.07820141 -0.3075193 0.3210338 0.8957507 0 0.3210381 0.9470663 -0.005046665 0.3211184 0.9470257 -0.009793937 0.3210387 0.9470155 -0.01873654 0.321031 0.9468833 -0.03269159 0.3210396 0.9465014 -0.05159807 0.3210493 0.9456559 -0.05157464 0.321035 0.945662 -0.09503167 0.3210386 0.9422862 -0.1366153 0.3210396 0.9371606 -0.1762862 0.3210397 0.9305142 -0.2140921 0.3210402 0.9225497 -0.2791597 0.321052 0.9049838 -0.4109223 0.3210475 0.8532711 -0.5335056 0.3210172 0.7825087 -0.6441629 0.3210239 0.6942607 -0.7404598 0.3210335 0.5904718 -0.8201712 0.3210539 0.473544 -0.8816015 0.3210517 0.3459836 -0.9225538 0.3210405 0.2140735 -0.9305137 0.3210408 0.1762866 -0.9371657 0.3210371 0.1365863 -0.9422865 0.3210393 0.09502631 -0.9456598 0.3210399 0.05158591 -0.946502 0.3210384 0.03268903 -0.9468781 0.3210455 0.01875638 -0.9470205 0.3210241 0.00979048 -0.9470572 0.3210276 0.004892766 -0.9470643 0.3210439 2.22214e-6 -0.9470572 0.3210276 -0.004892766 -0.9470205 0.321024 -0.00979048 -0.9468781 0.3210455 -0.01875579 -0.9465019 0.3210384 -0.03268945 -0.9456557 0.321053 -0.05157858 -0.9456598 0.3210399 -0.05158525 -0.9422866 0.3210391 -0.09502643 -0.9371656 0.3210372 -0.1365863 -0.9305138 0.3210406 -0.1762866 -0.922554 0.32104 -0.2140735 -0.8815962 0.3210605 -0.3459893 -0.9233173 0.3210341 -0.2107658 -0.820172 0.3210147 -0.4735689 -0.7404299 0.3210576 -0.590496 -0.6441853 0.3210367 -0.6942339 -0.53353 0.3210633 -0.7824732 -0.410928 0.321016 -0.8532802 -0.279131 0.3210214 -0.9050034 -0.2140921 0.3210402 -0.9225496 -0.1411396 0.3210504 -0.9364862 -0.1434578 0.3210347 -0.9361392 -0.07191711 0.3210446 -0.9443296 -0.1762894 0.3210397 -0.9305136 -0.1365677 0.3210404 -0.9371672 -0.09503185 0.3210387 -0.9422862 -0.05159991 0.3210419 -0.9456583 -0.03267824 0.3210333 -0.946504 -0.01873308 0.3210296 -0.946884 -0.009783565 0.321034 -0.9470171 -0.005046784 0.3211185 -0.9470256 8.08782e-6 0.3210381 -0.9470663 0 0.3210408 -0.9470655 2.1141e-7 0.3210552 -0.9470605 -0.9443079 0.3210948 -0.07197791 -0.944626 0.3211683 -0.06732654 -0.9444172 0.3210346 0.07080245 -0.9443482 0.3209997 0.07187324 -0.9233314 0.321023 0.210721 -0.1411461 0.3210206 0.9364954 -0.1433618 0.3210461 0.9361501 -0.07191675 0.3210446 0.9443296 -1.77603e-6 0.32105 0.9470623 0 0.3210408 0.9470655 0.06636309 0.3089962 0.9487452 0.1558814 0.3210549 0.9341439 0.1977157 0.3090158 0.9302784 0.3075123 0.3210293 0.8957547 0.3252671 0.3089923 0.8937142 0.4507568 0.3210498 0.8329139 0.4465065 0.309034 0.8397201 0.5590353 0.3090302 0.7694025 0.6606408 0.3090063 0.6841556 0.7494164 0.3090134 0.5855645 0.8236294 0.3090257 0.4755397 0.8817922 0.3090389 0.3562828 0.9228137 0.3090012 0.2300724 0.9458516 0.3090026 0.09940868 0.9180808 0.3210487 0.2324986 0.9438292 0.3210439 0.07821285 0.5817033 0.3210462 0.7473624 0.6967872 0.3210369 0.6414226 0.7928627 0.3210414 0.517978 0.8672916 0.3210454 0.3804407 0.9504832 0.3090001 -0.03317564 0.9438272 0.3210542 -0.07819634 0.9366061 0.3090304 -0.1651341 0.9180858 0.3210459 -0.2324828 0.9044899 0.30904 -0.2939259 0.867304 0.3210287 -0.3804267 0.8548093 0.3090153 -0.416906 0.7928528 0.3210204 -0.5180062 0.7884555 0.3090058 -0.5318398 0.6967794 0.3210356 -0.6414318 0.7067729 0.3089946 -0.6363918 0.6113373 0.3090025 -0.7285495 0.5040108 0.3090014 -0.8065304 0.3868092 0.3090247 -0.8688398 0.2621371 0.3090153 -0.9142175 0.1323714 0.3089931 -0.9418074 0.1558883 0.3210209 -0.9341545 0.3075231 0.3210549 -0.8957418 0.4507488 0.3210442 -0.8329203 0.5816978 0.3210172 -0.7473793 0 1 4.5424e-7 0 1 -1.61232e-7 0 1 9.53458e-7 0 1 -7.23289e-7 0 1 7.23289e-7 0 1 -9.53458e-7 0 1 6.91402e-7 0 1 -1.75451e-7 0 1 5.89945e-7 0 1 -4.5424e-7 0 1 4.22861e-7 0 1 1.75451e-7 0 1 -6.91402e-7 0 1 1.61232e-7 0.8191614 3.95253e-6 0.5735631 0.9332548 -1.44914e-6 0.3592152 0.819159 -1.04163e-5 0.5735665 0.9537149 7.80708e-5 0.3007126 0.9787568 2.1006e-6 0.2050251 1 -4.05824e-6 0 0.9942708 -2.9153e-5 0.1068905 0.9985718 -1.70519e-6 0.05342853 1 0 0 0.9985717 -1.70741e-6 -0.05342853 0.9942675 -1.06542e-5 -0.1069216 0.9537156 4.6205e-5 -0.3007102 0.9787548 1.86777e-6 -0.2050344 0.9332548 -1.41934e-6 -0.3592151 0.8191614 3.95976e-6 -0.5735631 0.8191555 0.001230001 -0.5735703 0.8191519 0 -0.5735767 0.8191525 0 -0.5735757 0.8191519 5.50875e-7 -0.5735769 0.8191519 0 -0.5735766 0.8191519 0 0.5735766 0.8191519 5.50875e-7 0.5735769 0.8191525 0 0.5735757 0.8191519 0 0.5735766 0 1 0 0 1 -9.21133e-7 0 1 1.19083e-6 0 1 -1.65577e-6 0 1 1.84226e-6 0 1 2.34813e-6 0 1 -3.01614e-6 0 1 2.08723e-6 0 1 -3.86066e-6 0 1 5.95414e-7 0 1 -2.52308e-6 0 1 2.80725e-6 0 1 -1.81697e-6 0 1 2.35981e-6 0.5735652 3.94881e-6 -0.8191599 0.3592092 -1.71736e-6 -0.9332572 0.5735663 -1.03803e-5 -0.8191592 0.3007127 7.79898e-5 -0.9537149 0.2050653 -6.53788e-7 -0.9787483 -1.3049e-7 -4.33694e-6 -1 0.1069079 -1.8789e-5 -0.994269 0.05337864 2.05054e-6 -0.9985744 8.74815e-7 0 -1 -0.05342489 -1.44477e-6 -0.9985719 -0.1069033 -2.04022e-5 -0.9942694 -0.300706 0 -0.9537169 -0.2050412 9.14093e-7 -0.9787533 -0.3592091 -1.70246e-6 -0.9332572 -0.5735652 3.95976e-6 -0.8191599 -0.5735702 0.001229941 -0.8191556 -0.5735756 0 -0.8191527 -0.5735765 -1.28362e-7 -0.8191521 -0.5735768 3.09867e-7 -0.8191518 -0.5735765 1.27779e-7 -0.8191522 0 1 -5.89945e-7 0 1 -4.22861e-7 0 1 0 0 1 9.21133e-7 0 1 -1.19083e-6 0 1 1.65577e-6 0 1 -1.84226e-6 0 1 -2.34813e-6 0 1 3.01614e-6 0 1 -2.08723e-6 0 1 3.86066e-6 0 1 -5.95414e-7 0 1 2.52308e-6 0 1 -2.80725e-6 0 1 1.81697e-6 0 1 7.08491e-7 0 1 -2.35981e-6 -0.5735765 1.91668e-7 0.8191522 -0.5735768 3.09867e-7 0.8191518 -0.5735765 -1.28362e-7 0.8191521 -0.5735756 0 0.8191527 0 -1 0 0 -1 -1.86014e-7 0 -1 2.09498e-7 0 -1 -1.9056e-7 0 -1 2.18577e-7 0 -1 0 0 -1 1.62036e-7 0 -1 -3.06337e-7 0 -1 1.95626e-7 0 -1 -3.20644e-7 0 -1 4.09133e-7 0 -1 -5.96101e-7 0.3027308 -0.8571701 -0.4166696 0.3027325 -0.857167 -0.416675 0.1591402 -0.8571689 -0.4898325 0.4898314 -0.8571667 -0.1591559 0.4898334 -0.8571653 -0.1591567 0.4166691 -0.8571664 -0.3027421 0.4898297 -0.8571675 0.1591567 0.4898297 -0.8571674 0.1591573 0.5150387 -0.857167 -6.79423e-6 0.3027334 -0.857168 0.4166721 0.302733 -0.857168 0.4166724 0.4166815 -0.8571671 0.3027232 -2.18302e-6 -0.857169 0.5150354 -2.60025e-6 -0.8571689 0.5150355 0.1591613 -0.8571687 0.489826 0.4166817 -0.8571675 -0.3027217 0.4166824 -0.8571673 -0.3027213 0.3027335 -0.8571686 -0.4166707 0.1591404 -0.8571696 0.4898313 0.1591432 -0.8571668 0.4898354 0.3027371 -0.8571645 0.4166766 0.4166636 -0.8571687 0.3027428 0.4166663 -0.857167 0.3027443 0.4898262 -0.8571695 0.1591565 0.5150391 -0.8571667 6.56396e-6 0.5150417 -0.8571652 6.44475e-6 0.4898293 -0.857167 -0.1591606 0.1591614 -0.8571688 -0.489826 0.1591619 -0.8571686 -0.489826 -2.18942e-6 -0.857169 -0.5150354 0.3027416 -0.8571646 -0.4166731 0.302736 -0.8571705 -0.4166651 0.1591554 -0.8571646 -0.4898352 0.3027311 -0.8571699 -0.41667 0.4166771 -0.857166 -0.3027319 0.4166762 -0.857166 -0.3027331 0.4898318 -0.8571668 -0.1591541 0.4898308 -0.8571672 0.1591553 0.489831 -0.8571671 0.1591548 0.5150342 -0.8571698 -6.47013e-6 0.416673 -0.8571681 0.3027321 0.4166746 -0.8571693 0.3027265 0.3027313 -0.8571673 0.416675 0.302732 -0.8571673 0.4166744 0.1591534 -0.857169 0.4898281 -1.67117e-5 -0.8571671 0.5150386 -1.65477e-5 -0.8571648 0.5150423 0.159151 -0.8571673 0.4898319 0.5150338 -0.85717 6.69807e-6 0.5150339 -0.8571699 7.0259e-6 0.4898246 -0.8571704 -0.159157 0.1591638 -0.8571661 -0.4898298 0.1591646 -0.8571645 -0.4898324 -3.30294e-6 -0.8571664 -0.5150398 -0.7071232 0 0.7070903 -0.5000011 0 0.8660248 -0.7071203 0 0.7070934 -0.5000014 0 0.8660246 -0.258817 0 0.9659264 -0.2588194 0 0.9659258 2.44752e-6 0 1 4.82332e-6 0 1 9.89276e-7 0 1 -1.20058e-7 0 1 0.3090165 0 0.9510568 0.3090159 0 0.951057 0.5877859 0 0.8090166 0.587786 0 0.8090166 0.8090155 0 0.5877873 0.8090155 0 0.5877873 0.9510562 0 0.3090182 0.9510562 0 0.3090183 1 0 0 1 0 0 0.9510562 0 -0.3090183 0.9510562 0 -0.3090182 0.8090155 0 -0.5877873 0.8090155 0 -0.5877873 0.587786 0 -0.8090166 0.5877859 0 -0.8090166 0.3090159 0 -0.951057 0.3090165 0 -0.9510568 -1.20058e-7 0 -1 9.89276e-7 0 -1 -4.04355e-6 0 1 4.04355e-6 0 1 0.3090136 0 0.9510577 0.3090174 0 0.9510564 0.5877844 0 0.8090177 0.5877842 0 0.8090178 0.8090171 0 0.5877852 0.809017 0 0.5877853 0.9510567 0 0.3090164 0.9510565 0 0.3090171 1 0 -1.37346e-6 1 0 0 0.9510569 0 -0.3090158 0.9510566 0 -0.3090169 0.8090181 0 -0.5877838 0.8090155 0 -0.5877876 0.5877872 0 -0.8090156 0.587788 0 -0.8090151 0.309013 0 -0.9510579 0.3090245 0 -0.9510541 -8.22155e-6 0 -1 8.22155e-6 0 -1 8.22155e-6 0 1 -8.22155e-6 0 1 0.3090245 0 0.9510541 0.309013 0 0.9510579 0.587788 0 0.8090151 0.5877872 0 0.8090156 0.8090155 0 0.5877876 0.8090181 0 0.5877838 0.9510566 0 0.3090169 0.9510569 0 0.3090158 1 0 0 1 0 1.37346e-6 0.9510565 0 -0.3090171 0.9510567 0 -0.3090164 0.809017 0 -0.5877853 0.8090171 0 -0.5877852 0.5877842 0 -0.8090178 0.5877844 0 -0.8090177 0.3090174 0 -0.9510564 0.3090136 0 -0.9510577 4.04355e-6 0 -1 -4.04355e-6 0 -1 1.20058e-7 0 1 -9.89276e-7 0 1 0.3090173 0 0.9510565 0.3090167 0 0.9510567 0.5877853 0 0.8090169 0.8090172 0 0.587785 0.9510568 0 0.3090161 0.9510568 0 0.3090163 1 0 0 1 0 0 0.9510568 0 -0.3090163 0.9510568 0 -0.3090161 0.8090172 0 -0.587785 0.5877853 0 -0.8090169 0.3090167 0 -0.9510567 0.3090173 0 -0.9510565 -9.89276e-7 0 -1 1.20058e-7 0 -1 0.6610237 -3.37139e-7 -0.7503651 0.6610484 -3.11551e-6 -0.7503433 0.5551483 8.79168e-7 -0.8317515 0.5461485 1.41258e-6 -0.8376884 0.4272104 -9.46224e-6 -0.9041522 0.4198644 -2.89502e-5 -0.9075869 0.2900436 1.08629e-5 -0.9570135 0.2848561 -2.23684e-5 -0.9585703 0.1465985 1.60933e-6 -0.9891962 0.1438686 -3.23335e-5 -0.9895969 4.22035e-7 -2.10479e-6 -1 4.67031e-5 5.8979e-7 -1 0.6710845 0 -0.7413809 0.666814 -7.1153e-6 -0.7452242 0.663613 -7.5195e-6 -0.7480761 0.6616647 1.16508e-6 -0.7498 0.03269118 0.3210395 -0.9465014 0.01873236 0.3210296 -0.9468839 0.009788811 0.3210366 -0.9470162 0.2140922 0.3210403 -0.9225496 0.1762896 0.3210394 -0.9305137 0.1365686 0.3210403 -0.9371672 0.410915 0.321016 -0.8532865 0.2791674 0.3210231 -0.9049916 0.1411861 0.3210501 -0.9364793 0.1433618 0.3210461 -0.9361501 0.07191675 0.3210446 -0.9443296 0.5335025 0.3210173 -0.7825108 0.6441685 0.3210393 -0.6942484 0.7404601 0.3210174 -0.5904801 0.8201801 0.3210248 -0.4735479 0.8815857 0.3210594 -0.3460169 0.9225538 0.3210405 -0.2140735 0.9305137 0.3210408 -0.1762866 0.9371657 0.3210371 -0.1365863 0.9422865 0.3210393 -0.09502631 0.9456598 0.3210399 -0.05158591 0.946502 0.3210384 -0.03268903 0.9468781 0.3210455 -0.01875638 0.9470205 0.3210241 -0.00979048 0.9470572 0.3210276 -0.004892766 0.9470643 0.3210439 -2.22214e-6 0.9470572 0.3210276 0.004892766 0.9470205 0.321024 0.00979048 0.9468781 0.3210455 0.01875579 0.9465019 0.3210384 0.03268945 0.9456557 0.321053 0.05157858 0.9456598 0.3210399 0.05158525 0.9422866 0.3210391 0.09502643 0.9371656 0.3210372 0.1365863 0.9305138 0.3210406 0.1762866 0.922554 0.32104 0.2140735 0.8815965 0.3210182 0.3460276 0.9233127 0.3210599 0.2107467 0.8201806 0.3210524 0.4735284 0.7404588 0.3210336 0.5904729 0.6441854 0.3210204 0.6942414 0.5334997 0.3210182 0.7825123 0.4109144 0.3210387 0.8532781 0.2791437 0.321025 0.9049983 0.2140921 0.3210402 0.9225496 0.1411556 0.3210543 0.9364824 0.1434578 0.3210347 0.9361392 0.07191711 0.3210446 0.9443296 0.1762894 0.3210397 0.9305136 0.1365677 0.3210404 0.9371672 0.09503185 0.3210387 0.9422862 0.05159991 0.3210419 0.9456583 0.03267824 0.3210333 0.946504 0.01873308 0.3210296 0.946884 0.009783565 0.321034 0.9470171 0.005046784 0.3211185 0.9470256 0.9443079 0.3210948 0.07197791 0.9444124 0.3210582 0.07075971 0.9444236 0.3210191 -0.07078808 0.9443482 0.3209997 -0.07187324 0.9233273 0.3210244 -0.2107371 0.09503185 0.3210386 -0.9422862 0.05157572 0.321035 -0.945662 0.05159795 0.321049 -0.945656 0.005348205 0.3212709 -0.9469723 -0.3090165 0 0.9510568 -0.3090159 0 0.951057 -0.5877859 0 0.8090166 -0.587786 0 0.8090166 -0.8090155 0 0.5877873 -0.8090155 0 0.5877873 -0.9510562 0 0.3090182 -0.9510562 0 0.3090183 -1 0 0 -1 0 0 -0.9510562 0 -0.3090183 -0.9510562 0 -0.3090182 -0.8090155 0 -0.5877873 -0.8090155 0 -0.5877873 -0.587786 0 -0.8090166 -0.5877859 0 -0.8090166 -0.3090159 0 -0.951057 -0.3090165 0 -0.9510568 -0.3090245 0 0.9510541 -0.309013 0 0.9510579 -0.587788 0 0.8090151 -0.5877872 0 0.8090156 -0.8090155 0 0.5877876 -0.8090181 0 0.5877838 -0.9510566 0 0.3090169 -0.9510569 0 0.3090158 -1 0 0 -1 0 1.37346e-6 -0.9510565 0 -0.3090171 -0.9510567 0 -0.3090164 -0.809017 0 -0.5877853 -0.8090171 0 -0.5877852 -0.5877842 0 -0.8090178 -0.5877844 0 -0.8090177 -0.3090174 0 -0.9510564 -0.3090136 0 -0.9510577 -0.3090136 0 0.9510577 -0.3090174 0 0.9510564 -0.5877844 0 0.8090177 -0.5877842 0 0.8090178 -0.8090171 0 0.5877852 -0.809017 0 0.5877853 -0.9510567 0 0.3090164 -0.9510565 0 0.3090171 -1 0 -1.37346e-6 -1 0 0 -0.9510569 0 -0.3090158 -0.9510566 0 -0.3090169 -0.8090181 0 -0.5877838 -0.8090155 0 -0.5877876 -0.5877872 0 -0.8090156 -0.587788 0 -0.8090151 -0.309013 0 -0.9510579 -0.3090245 0 -0.9510541 -0.3090173 0 0.9510565 -0.3090167 0 0.9510567 -0.5877853 0 0.8090169 -0.8090172 0 0.587785 -0.9510568 0 0.3090161 -0.9510568 0 0.3090163 -1 0 0 -1 0 0 -0.9510568 0 -0.3090163 -0.9510568 0 -0.3090161 -0.8090172 0 -0.587785 -0.5877853 0 -0.8090169 -0.3090167 0 -0.9510567 -0.3090173 0 -0.9510565 2.34181e-6 1.10596e-5 1 -1.49978e-6 0.1087117 0.9940734 -0.149047 1.20774e-5 0.9888302 -0.1451895 0.3090034 0.9399133 -0.2947599 1.41189e-5 0.9555714 -0.2869628 0.3090127 0.9067324 -0.4338851 2.27243e-6 0.9009682 -0.4220166 0.3090331 0.8522913 -0.5633143 -3.35276e-6 0.8262428 -0.5471639 0.3090295 0.7778898 -0.6801724 -1.73897e-5 0.7330522 -0.6595037 0.3089947 0.685257 -0.7818361 -4.37349e-6 0.6234841 -0.7563676 0.3090263 0.5765509 -0.8660265 1.89468e-5 0.4999983 -0.8355152 0.3090261 0.4543315 -0.9308737 -1.08629e-5 0.3653414 -0.8950721 0.3090326 0.321473 -0.9749266 -8.51601e-6 0.2225269 -0.9336554 0.3090342 0.1810681 -0.9972036 1.7941e-5 0.07473415 -0.9503582 0.3090202 0.03641194 -0.9972037 4.4629e-6 -0.07473325 -0.9447812 0.3090213 -0.1090613 -0.9749262 -1.24201e-5 -0.2225286 -0.9170522 0.3090316 -0.2520215 -0.9308725 1.38059e-5 -0.3653442 -0.8678475 0.3089944 -0.3890541 -0.8660255 2.45124e-5 -0.5 -0.7982783 0.30904 -0.5169584 -0.7818271 1.07288e-5 -0.6234955 -0.7100167 0.3090138 -0.6327612 -0.680171 1.9148e-5 -0.7330536 -0.6051099 0.309033 -0.733717 -0.5633237 -6.22868e-6 -0.8262363 -0.486003 0.3090345 -0.8174955 -0.4338876 -1.68458e-5 -0.9009671 -0.3555281 0.3089937 -0.8821128 -0.2947581 -1.64807e-5 -0.955572 -0.2166879 0.3090387 -0.9260354 -0.1490377 -2.5928e-6 -0.9888315 -0.07278764 0.3089976 -0.9482734 5.12993e-6 0.1087581 -0.9940683 8.8762e-7 0.2161513 -0.9763599 -7.0945e-7 0.2161383 0.9763628 -4.45174e-6 0 1 -0.3090197 0 0.9510557 4.45174e-6 0 1 -0.3090116 0 0.9510583 -0.587783 0 0.8090187 -0.5877888 0 0.8090145 -0.8090164 0 0.5877863 -0.8090181 0 0.5877837 -0.9510561 0 0.3090183 -0.9510563 0 0.3090176 -1 0 -8.21196e-7 -1 0 -1.54154e-6 -0.9510566 0 -0.3090169 -0.9510566 0 -0.309017 -0.8090175 0 -0.5877847 -0.8090174 0 -0.5877847 -0.5877863 0 -0.8090163 -0.5877863 0 -0.8090164 -0.3090158 0 -0.951057 -0.3090201 0 -0.9510556 4.45174e-6 0 -1 -4.45174e-6 0 -1 -0.7070991 0 0.7071144 -0.8910049 0 0.4539938 -0.7071027 0 0.7071109 -0.8910061 0 0.4539915 -0.9876875 0 0.15644 -0.9876875 0 0.15644 -0.9876875 0 -0.15644 -0.9876875 0 -0.15644 -0.8910067 0 -0.4539902 -0.8910061 0 -0.4539913 -0.7071087 0 -0.7071049 -0.7071079 0 -0.7071058 -0.4539858 0 -0.8910089 -0.4539877 0 -0.891008 -0.1564324 0 -0.9876887 -0.1564345 0 -0.9876884 0.1564336 0 -0.9876885 0.1564315 0 -0.9876889 0.4539884 0 -0.8910077 0.4539865 0 -0.8910086 0.7071151 0 -0.7070985 0.7071151 0 -0.7070984 -0.7071088 0 0.7071048 -0.7071057 0 0.7071079 0.7070964 0 -0.7071172 0.7071003 0 -0.7071133 0.8819206 0 -0.4713979 0.8819221 0 -0.4713954 0.9807864 0 -0.1950852 0.9807863 0 -0.1950853 0.995185 0 0.09801459 0.9951851 0 0.09801411 0.9238797 0 0.3826833 0.9238803 0 0.3826817 0.7730086 0 0.6343956 0.7730082 0 0.634396 0.555571 0 0.8314691 0.5555714 0 0.8314688 0.2902856 0 0.9569401 0.2902877 0 0.9569395 0.7071088 0 -0.7071048 0.7071118 0 -0.7071018 -0.7071071 0 0.7071065 -0.7071067 0 0.7071069 -0.707116 0 0.7070975 -0.4539936 0 0.891005 -0.7071161 0 0.7070976 -0.4539914 0 0.8910061 -0.1564371 0 0.987688 -0.1564348 0 0.9876884 0.1564344 0 0.9876884 0.1564368 0 0.987688 0.4539911 0 0.8910062 0.4539932 0 0.8910052 0.7071161 0 0.7070976 0.707116 0 0.7070975 -0.7070968 0 -0.7071169 -0.7070978 0 -0.7071158 -0.8910064 0 -0.4539908 -0.8910067 0 -0.4539905 -0.9876882 0 -0.1564354 -0.9876881 0 -0.1564357 -0.9876881 0 0.1564357 -0.8910066 0 0.4539906 -0.8910062 0 0.4539913 -0.7070978 0 0.7071158 -0.7070968 0 0.7071169 -0.3027416 -0.8571646 0.4166731 -0.3027361 -0.8571704 0.4166651 -0.1591555 -0.8571646 0.4898352 -0.4898294 -0.8571695 0.1591469 -0.4898297 -0.8571695 0.1591466 -0.4166702 -0.8571699 0.3027308 -0.4898247 -0.8571704 -0.1591571 -0.4898247 -0.8571702 -0.1591573 -0.5150337 -0.85717 6.69074e-6 -0.302735 -0.8571655 -0.4166763 -0.3027368 -0.8571637 -0.4166784 -0.4166857 -0.8571645 -0.3027248 -0.3027381 -0.8571673 -0.4166703 -0.1591594 -0.8571673 -0.4898293 -0.1591594 -0.8571672 -0.4898293 4.56721e-6 -0.8571704 -0.5150331 -0.4166701 -0.8571668 -0.3027395 -0.4166725 -0.8571652 -0.302741 -0.4898318 -0.857167 -0.1591529 -0.5150342 -0.8571696 -6.47455e-6 -0.5150368 -0.8571681 -5.87106e-6 -0.4898243 -0.8571698 0.159161 -0.4166746 -0.8571693 0.3027265 -0.4166764 -0.8571676 0.3027285 -0.3027231 -0.8571689 0.4166777 -0.159151 -0.8571673 0.4898319 -0.1591512 -0.8571664 0.4898335 1.67117e-5 -0.857167 0.5150386 0 0 1 0 0 1 -0.309009 0 0.9510591 -0.3090175 0 0.9510564 -0.5877816 0 0.8090196 -0.5877946 0 0.8090102 -0.8090139 0 0.5877896 -0.8090206 0 0.5877802 -0.9510559 0 0.3090192 -0.9510573 0 0.3090149 -1 0 0 -1 0 0 -0.9510558 0 -0.3090193 -0.9510558 0 -0.3090193 -0.8090181 0 -0.5877839 -0.8090139 0 -0.5877897 -0.5877947 0 -0.8090102 -0.5877816 0 -0.8090196 -0.3090274 0 -0.9510532 -0.3090188 0 -0.951056 0 0 -1 0 0 -1 -0.3027305 -0.8571687 0.4166726 -0.3027322 -0.8571656 0.4166775 -0.1591398 -0.8571676 0.4898349 -0.4898307 -0.8571669 0.1591567 -0.4898347 -0.857164 0.1591593 -0.4166665 -0.8571662 0.3027463 -0.4898312 -0.8571677 -0.1591511 -0.4898329 -0.8571668 -0.1591513 -0.515038 -0.8571674 1.66979e-5 -0.3027334 -0.857168 -0.4166721 -0.3027331 -0.8571679 -0.4166725 -0.4166815 -0.8571671 -0.3027232 2.18302e-6 -0.857169 -0.5150354 2.60025e-6 -0.8571689 -0.5150355 -0.1591613 -0.8571687 -0.489826 -0.1591398 -0.8571676 -0.4898349 -0.1591424 -0.8571645 -0.4898394 -0.3027306 -0.8571687 -0.4166727 -0.4166663 -0.8571681 -0.3027408 -0.416669 -0.8571663 -0.3027424 -0.4898287 -0.8571685 -0.1591544 -0.5150376 -0.8571677 -1.69128e-5 -0.5150387 -0.8571669 -1.76355e-5 -0.4898316 -0.8571683 0.1591471 -0.4166857 -0.8571645 0.3027248 -0.4166777 -0.8571705 0.3027186 -0.302735 -0.8571655 0.4166763 -0.1591614 -0.8571688 0.489826 -0.1591619 -0.8571686 0.489826 2.18942e-6 -0.857169 0.5150354 -9.88315e-6 0 1 -0.3090273 0 0.9510532 9.88315e-6 0 1 -0.3090094 0 0.9510591 -0.5877887 0 0.8090145 -0.5877872 0 0.8090157 -0.8090113 0 0.5877932 -0.8090155 0 0.5877875 -0.9510574 0 0.3090143 -0.9510579 0 0.3090127 -1 0 0 -1 0 -1.676e-6 -0.9510574 0 -0.3090143 -0.9510589 0 -0.3090099 -0.8090112 0 -0.5877933 -0.8090181 0 -0.5877838 -0.5877816 0 -0.8090197 -0.5877873 0 -0.8090156 -0.3090188 0 -0.951056 0.3090294 0 0.9510525 0.3090114 0 0.9510583 0.5877905 0 0.8090133 0.5877889 0 0.8090144 0.8090113 0 0.5877932 0.8090154 0 0.5877875 0.9510545 0 0.3090234 0.9510549 0 0.309022 1 0 0 1 0 -1.67601e-6 0.9510545 0 -0.3090234 0.9510559 0 -0.3090191 0.8090113 0 -0.5877932 0.8090181 0 -0.5877838 0.5877835 0 -0.8090184 0.5877891 0 -0.8090142 0.3090209 0 -0.9510553 0.3090209 0 -0.9510554 0.309009 0 0.9510591 0.3090175 0 0.9510564 0.5877816 0 0.8090196 0.5877947 0 0.8090102 0.8090139 0 0.5877897 0.8090206 0 0.5877802 0.9510559 0 0.3090192 0.9510573 0 0.3090148 1 0 0 1 0 0 0.9510558 0 -0.3090193 0.809018 0 -0.5877839 0.8090139 0 -0.5877896 0.5877946 0 -0.8090102 0.5877816 0 -0.8090196 0.3090273 0 -0.9510532 0.3090188 0 -0.951056 0.3090159 0 0.951057 0.3090155 0 0.951057 0.587783 0 0.8090187 0.5877888 0 0.8090145 0.8090156 0 0.5877873 0.8090174 0 0.5877848 0.9510563 0 0.3090181 0.9510564 0 0.3090175 1 0 -8.308e-7 1 0 -1.55595e-6 0.9510567 0 -0.3090167 0.9510567 0 -0.3090168 0.8090167 0 -0.5877857 0.8090167 0 -0.5877858 0.5877863 0 -0.8090163 0.5877863 0 -0.8090164 0.3090201 0 -0.9510555 0.3090158 0 -0.9510569 0.07279461 0.3089941 -0.948274 0.2166864 0.3090401 -0.9260353 0.3555123 0.3090027 -0.8821159 0.4859909 0.3090401 -0.8175006 0.605107 0.3090133 -0.7337277 0.6929726 0.1071867 -0.7129517 0.7024239 0.1149004 -0.7024234 0.7100124 0.3090089 -0.6327685 0.7129615 0.1072058 -0.6929594 0.7238115 0.08460706 -0.684791 0.7337706 0.04820048 -0.6776854 0.8354126 7.45058e-6 -0.5496234 0.7413809 8.50111e-6 -0.6710845 0.7982813 0.3090277 -0.5169613 0.909734 2.13012e-5 -0.4151919 0.8678388 0.3090149 -0.3890572 0.9625945 2.27466e-5 -0.2709467 0.9170553 0.309018 -0.2520267 0.9927353 2.41101e-5 -0.1203187 0.944786 0.3090085 -0.1090554 0.9994509 -2.49818e-5 0.03313672 0.9503623 0.3090054 0.03643137 0.9825826 2.44081e-5 0.1858268 0.9336633 0.309014 0.1810615 0.9425304 2.51606e-5 0.3341205 0.8950741 0.3090239 0.3214759 0.8802373 2.49818e-5 0.4745339 0.8355221 0.3090038 0.4543341 0.7971725 2.4654e-5 0.6037517 0.7563695 0.3090271 0.576548 0.6952941 -2.65241e-5 0.7187254 0.6594904 0.3090256 0.685256 0.5770065 2.23666e-5 0.8167395 0.5471571 0.3089969 0.7779075 0.4451128 2.10032e-5 0.8954745 0.4220039 0.3090188 0.8523029 0.3027035 2.19792e-5 0.9530848 0.2870013 0.309013 0.9067201 0.1531629 1.59368e-5 0.988201 0.1452012 0.3090111 0.9399091 0.6848033 0.08458715 -0.7238022 0.6776765 0.04825437 -0.7337753 -0.149043 0 -0.9888308 -0.2947549 0 -0.955573 -0.4338837 0 -0.900969 -0.5633199 0 -0.8262389 -0.6801726 0 -0.733052 -0.7818316 0 -0.6234897 -0.8660255 0 -0.5 -0.9308739 0 -0.365341 -0.974928 0 -0.2225209 -0.9972039 0 -0.07473015 -0.9972038 0 0.07473015 -0.9749279 0 0.222521 -0.9308738 0 0.365341 -0.8660255 0 0.4999999 -0.7818318 0 0.6234896 -0.6801728 0 0.7330518 -0.5633201 0 0.8262389 -0.4338837 0 0.900969 -0.2947548 0 0.955573 -0.1490429 0 0.9888308 -2.608e-5 0 1 0.152022 -1.18585e-4 0.9883772 0.300879 -1.13665e-4 0.9536623 0.4426002 -1.24395e-4 0.8967192 0.5740638 -6.35284e-6 0.8188105 0.6920555 1.77335e-6 0.7218443 0.7938746 -6.64971e-5 0.6080816 0.8772163 -4.9421e-5 0.4800953 0.9400974 -2.38303e-5 0.3409059 0.9810435 -3.61141e-5 0.1937874 0.9991137 4.30809e-5 0.04209536 0.9938754 0 -0.1105067 0.9654576 5.82635e-6 -0.2605605 0.9145205 1.74749e-5 -0.4045398 0.8422645 -1.01076e-5 -0.5390646 0.7503584 1.36137e-6 -0.6610314 0.7503599 -2.44938e-6 -0.6610296 0.7503608 0 -0.6610286 0.7497887 -3.57814e-6 -0.6616774 0.7480776 -5.06826e-6 -0.6636113 0.7452347 -4.41447e-6 -0.6668024 0.7071067 0 0.7071069 0.7071068 0 0.7071069 0.7071072 0 0.7071065 0.7071069 0 0.7071067 -0.7071068 0 -0.7071068 -0.7071068 0 -0.7071068 -0.7071064 0 -0.7071073 -0.7071071 0 -0.7071065 0.7074158 9.43989e-6 0.7067977 0.697781 -0.1618825 0.6977791 0.7071021 1.809e-5 0.7071115 0.6938316 -0.1923108 0.6939843 0.6689922 -0.3239883 0.6689403 0.6532563 -0.3827689 0.6532566 0.6210368 -0.478109 0.6210678 0.5867899 -0.5579944 0.5867879 0.5564322 -0.6170613 0.5564339 0.4999836 -0.7071212 0.499996 0.4443451 -0.7778712 0.4443803 0.3945258 -0.8298563 0.3945732 0.3096636 -0.8990231 0.3096225 0.2706592 -0.9238439 0.2706589 0.1589786 -0.9743963 0.1589901 0.1359991 -0.9813295 0.1360034 7.07973e-5 -1 -6.62165e-5 0 -1 5.28596e-7 -0.136003 -0.9813296 -0.1359981 -0.1589152 -0.9743878 -0.1591054 -0.270659 -0.9238437 -0.2706598 -0.309656 -0.8990113 -0.3096645 -0.3945646 -0.8298399 -0.3945688 -0.4445058 -0.7777781 -0.4443827 -0.500005 -0.7070909 -0.5000178 -0.5564309 -0.617066 -0.5564299 -0.5867875 -0.5579959 -0.5867888 -0.6210519 -0.4780805 -0.6210746 -0.653257 -0.3827717 -0.6532543 -0.6689602 -0.3240578 -0.6689386 -0.6939038 -0.1923443 -0.6939029 -0.6977779 -0.1618942 -0.6977795 -0.6939008 -0.1923718 -0.6938983 -0.6980639 -0.1618779 -0.6974973 -0.7071117 1.81e-5 -0.707102 -0.7071076 1.17421e-5 -0.7071061 -0.707107 0 -0.7071066 -0.7071063 0 -0.7071074 -0.7071064 0 0.7071073 0.7071065 0 0.7071071 0.7071072 0 0.7071064 -1.10376e-4 0 -1 0.1736482 0 -0.9848078 -9.73671e-5 1.03791e-4 -1 0.173648 0 -0.9848078 0.3420206 0 -0.9396925 0.5 0 -0.8660255 0.4999998 0 -0.8660256 0.6427875 0 -0.7660446 0.6427876 0 -0.7660445 0.7660445 0 -0.6427877 0.7660447 0 -0.6427875 0.8660254 0 -0.5 0.8660255 0 -0.4999998 0.9396926 0 -0.3420203 0.9396926 0 -0.3420203 0.9848078 0 -0.1736483 0.9848078 0 -0.1736482 1 0 0 1 0 0 0.9848078 0 0.1736482 0.9848078 0 0.1736483 0.9396926 0 0.3420203 0.9396926 0 0.3420203 0.8660255 0 0.4999998 0.8660254 0 0.5 0.7660447 0 0.6427875 0.7660445 0 0.6427877 0.6427876 0 0.7660445 0.6427875 0 0.7660446 0.4999998 0 0.8660256 0.5 0 0.8660255 0.3420206 0 0.9396925 0.1736484 0 0.9848077 0.1736478 0 0.9848079 -6.45309e-5 6.95173e-5 1 1.84518e-5 0 1 -0.8796699 -2.95462e-7 0.4755849 -0.8796514 -5.33648e-6 0.4756189 -0.9396924 -3.45958e-5 0.3420208 -0.9481465 -4.57652e-6 0.3178337 -0.984808 9.87807e-6 0.1736473 -0.9885857 1.92164e-5 0.1506595 -1 8.99565e-6 -7.52262e-7 -0.9997804 -1.79308e-5 -0.02095884 -0.9848074 2.63671e-5 -0.1736504 -0.9814002 1.8999e-5 -0.1919732 -0.9396923 1.38367e-5 -0.3420214 -0.9339919 -6.60773e-6 -0.3572945 -0.8660247 1.95263e-5 -0.5000013 -0.8589535 -2.98047e-6 -0.5120537 -0.7660445 -2.92109e-6 -0.6427877 -0.7585009 2.80868e-5 -0.651672 -0.6427896 -5.38181e-5 -0.7660428 -0.6356112 4.25107e-5 -0.7720094 -0.5000006 -4.16468e-5 -0.8660251 -0.4939064 8.45706e-5 -0.8695151 -0.3420154 -1.06297e-4 -0.9396944 -0.3376221 3.16148e-5 -0.9412817 -0.1736519 2.07916e-5 -0.9848071 -0.1710181 2.55001e-4 -0.9852679 -0.866023 2.45515e-5 0.5000044 -0.8453258 2.79024e-6 0.5342511 -0.8070793 1.50856e-5 0.5904431 -0.7660541 -1.62458e-7 0.6427762 -0.7651149 2.69691e-4 0.6438937 -0.7651638 0 0.6438356 -0.7660273 0 0.642808 -0.7651638 0 0.6438357 -0.7651426 -7.41245e-6 0.643861 -0.7660986 3.04797e-7 0.6427232 -0.7640612 0 0.6451439 -0.7640717 6.11522e-7 0.6451314 -0.7660489 5.02169e-6 0.6427825 -0.7608771 5.67088e-7 0.6488962 -0.7555788 1.14604e-5 0.6550579 -0.7486727 -1.19298e-5 0.6629399 -0.7401025 1.75089e-5 0.6724942 -0.7299248 1.05128e-5 0.6835276 -0.7186673 -1.61752e-5 0.6953542 -0.7071109 -5.08875e-6 0.7071028 -0.6427824 3.90026e-6 0.7660489 -0.6953529 -1.73599e-5 0.7186685 -0.6835277 7.7989e-6 0.7299246 -0.6724922 1.22311e-5 0.7401043 -0.6629391 -1.32406e-5 0.7486733 -0.6550285 -2.83937e-6 0.7556043 -0.6488671 -4.78676e-6 0.7609018 -0.6451388 0 0.7640655 -0.6451555 0 0.7640514 -0.6427349 4.02033e-7 0.7660888 -0.6437993 -7.87553e-6 0.7651945 -0.6440268 0 0.765003 -0.6427056 0 0.7661134 -0.6440268 0 0.765003 -0.6438949 2.64059e-7 0.765114 -0.6427764 -1.70432e-7 0.7660538 -0.590443 1.54907e-5 0.8070794 -0.5000048 2.47611e-5 0.8660228 -0.5342509 3.07802e-6 0.845326 -0.475585 0 0.8796698 -0.3420193 -6.57095e-6 0.939693 -0.4756135 1.8673e-6 0.8796544 -0.3244618 -2.11126e-5 0.9458988 -0.1736528 2.59187e-5 0.984807 -0.1644805 -1.08625e-5 0.9863804 0 -1 0 0 -1 0 0 -1 0 0 -1 0 0 -1 -3.87641e-7 0 -1 1.57219e-7 0 -1 0 0 -1 0 0 -1 4.94377e-7 0 -1 -2.01813e-7 0 -1 0 0 -1 -2.13385e-7 0 -1 1.67813e-7 0 -1 0 0 -1 0 0 -1 0 0 -1 0 0 -1 -1.31462e-7</float_array>
          <technique_common>
            <accessor source="#stitch_result_stitchFBXASC032allMesh-mesh-normals-array" count="1455" stride="3">
              <param name="X" type="float"/>
              <param name="Y" type="float"/>
              <param name="Z" type="float"/>
            </accessor>
          </technique_common>
        </source>
        <source id="stitch_result_stitchFBXASC032allMesh-mesh-map-0">
          <float_array id="stitch_result_stitchFBXASC032allMesh-mesh-map-0-array" count="12600">-14.27718 -1.241584 -0.194425 -1.241584 -14.3858 0 -14.3858 0 -0.194425 -1.241584 -0.08579999 0 -14.3858 0 -0.08579999 0 -14.27718 1.241584 -14.27718 1.241584 -0.08579999 0 -0.194425 1.241584 -14.27718 1.241584 -0.194425 1.241584 -13.9546 2.445444 -13.9546 2.445444 -0.194425 1.241584 -0.516998 2.445444 -13.9546 2.445444 -0.516998 2.445444 -13.42788 3.575 -13.42788 3.575 -0.516998 2.445444 -1.043718 3.575 -13.42788 3.575 -1.043718 3.575 -12.71302 4.595932 -12.71302 4.595932 -1.043718 3.575 -1.758582 4.595932 -12.71302 4.595932 -1.758582 4.595932 -11.83173 5.477218 -11.83173 5.477218 -1.758582 4.595932 -2.639868 5.477218 -11.83173 5.477218 -2.639868 5.477218 -10.8108 6.192081 -10.8108 6.192081 -2.639868 5.477218 -3.6608 6.192081 -10.8108 6.192081 -3.6608 6.192081 -9.681244 6.718802 -9.681244 6.718802 -3.6608 6.192081 -4.790356 6.718802 -9.681244 6.718802 -4.790356 6.718802 -8.477385 7.041376 -8.477385 7.041376 -4.790356 6.718802 -5.994215 7.041376 -8.477385 7.041376 -5.994215 7.041376 -7.2358 7.15 -0.194425 -1.241584 -14.27718 -1.241584 -0.516998 -2.445444 -0.516998 -2.445444 -14.27718 -1.241584 -13.9546 -2.445444 -0.516998 -2.445444 -13.9546 -2.445444 -1.043718 -3.575 -1.043718 -3.575 -13.9546 -2.445444 -13.42788 -3.575 -1.043718 -3.575 -13.42788 -3.575 -1.758582 -4.595932 -1.758582 -4.595932 -13.42788 -3.575 -12.71302 -4.595932 -1.758582 -4.595932 -12.71302 -4.595932 -2.639868 -5.477218 -2.639868 -5.477218 -12.71302 -4.595932 -11.83173 -5.477218 -2.639868 -5.477218 -11.83173 -5.477218 -3.6608 -6.192081 -3.6608 -6.192081 -11.83173 -5.477218 -10.8108 -6.192081 -3.6608 -6.192081 -10.8108 -6.192081 -4.790356 -6.718802 -4.790356 -6.718802 -10.8108 -6.192081 -9.681244 -6.718802 -4.790356 -6.718802 -9.681244 -6.718802 -5.994215 -7.041376 -5.994215 -7.041376 -9.681244 -6.718802 -8.477385 -7.041376 -5.994215 -7.041376 -8.477385 -7.041376 -7.2358 -7.15 0.1899999 0 -0.1899999 0 0.1899999 -1.24791 0.1899999 -1.24791 -0.1899999 0 -0.1899999 -1.24791 0.1899999 -1.24791 -0.1899999 -1.24791 0.1899999 -2.495821 0.1899999 -2.495821 -0.1899999 -1.24791 -0.1899999 -2.495821 0.1899999 -2.495821 -0.1899999 -2.495821 0.1899999 -3.743731 0.1899999 -3.743731 -0.1899999 -2.495821 -0.1899999 -3.743731 0.1899999 -3.743731 -0.1899999 -3.743731 0.1899999 -4.991642 0.1899999 -4.991642 -0.1899999 -3.743731 -0.1899999 -4.991642 0.1899999 -4.991642 -0.1899999 -4.991642 0.1899999 -6.239552 0.1899999 -6.239552 -0.1899999 -4.991642 -0.1899999 -6.239552 0.1899999 -6.239552 -0.1899999 -6.239552 0.1899999 -7.487463 0.1899999 -7.487463 -0.1899999 -6.239552 -0.1899999 -7.487463 0.1899999 -7.487463 -0.1899999 -7.487463 0.1899999 -8.735373 0.1899999 -8.735373 -0.1899999 -7.487463 -0.1899999 -8.735373 0.1899999 -8.735373 -0.1899999 -8.735373 0.1899999 -9.983283 0.1899999 -9.983283 -0.1899999 -8.735373 -0.1899999 -9.983283 0.1899999 -9.983283 -0.1899999 -9.983283 0.1899999 -11.23119 0.1899999 -11.23119 -0.1899999 -9.983283 -0.1899999 -11.23119 0.1899999 -11.23119 -0.1899999 -11.23119 0.1899999 -12.4791 0.1899999 -12.4791 -0.1899999 -11.23119 -0.1899999 -12.4791 0.1899999 -12.4791 -0.1899999 -12.4791 0.1899999 -13.72701 0.1899999 -13.72701 -0.1899999 -12.4791 -0.1899999 -13.72701 0.1899999 -13.72701 -0.1899999 -13.72701 0.1899999 -14.97492 0.1899999 -14.97492 -0.1899999 -13.72701 -0.1899999 -14.97492 0.1899999 -14.97492 -0.1899999 -14.97492 0.1899999 -16.22284 0.1899999 -16.22284 -0.1899999 -14.97492 -0.1899999 -16.22284 0.1899999 -16.22284 -0.1899999 -16.22284 0.1899999 -17.47074 0.1899999 -17.47074 -0.1899999 -16.22284 -0.1899999 -17.47074 0.1899999 -17.47074 -0.1899999 -17.47074 0.1899999 -18.71866 0.1899999 -18.71866 -0.1899999 -17.47074 -0.1899999 -18.71866 0.1899999 -18.71866 -0.1899999 -18.71866 0.1899999 -19.96657 0.1899999 -19.96657 -0.1899999 -18.71866 -0.1899999 -19.96657 0.1899999 -19.96657 -0.1899999 -19.96657 0.1899999 -21.21448 0.1899999 -21.21448 -0.1899999 -19.96657 -0.1899999 -21.21448 0.1899999 -21.21448 -0.1899999 -21.21448 0.1899999 -22.46239 0.1899999 -22.46239 -0.1899999 -21.21448 -0.1899999 -22.46239 -0.1899999 0 0.1899999 0 -0.1899999 1.24791 -0.1899999 1.24791 0.1899999 0 0.1899999 1.24791 -0.1899999 1.24791 0.1899999 1.24791 -0.1899999 2.495821 -0.1899999 2.495821 0.1899999 1.24791 0.1899999 2.495821 -0.1899999 2.495821 0.1899999 2.495821 -0.1899999 3.743731 -0.1899999 3.743731 0.1899999 2.495821 0.1899999 3.743731 -0.1899999 3.743731 0.1899999 3.743731 -0.1899999 4.991642 -0.1899999 4.991642 0.1899999 3.743731 0.1899999 4.991642 -0.1899999 4.991642 0.1899999 4.991642 -0.1899999 6.239552 -0.1899999 6.239552 0.1899999 4.991642 0.1899999 6.239552 -0.1899999 6.239552 0.1899999 6.239552 -0.1899999 7.487463 -0.1899999 7.487463 0.1899999 6.239552 0.1899999 7.487463 -0.1899999 7.487463 0.1899999 7.487463 -0.1899999 8.735373 -0.1899999 8.735373 0.1899999 7.487463 0.1899999 8.735373 -0.1899999 8.735373 0.1899999 8.735373 -0.1899999 9.983283 -0.1899999 9.983283 0.1899999 8.735373 0.1899999 9.983283 -0.1899999 9.983283 0.1899999 9.983283 -0.1899999 11.23119 -0.1899999 11.23119 0.1899999 9.983283 0.1899999 11.23119 -0.1899999 11.23119 0.1899999 11.23119 -0.1899999 12.4791 -0.1899999 12.4791 0.1899999 11.23119 0.1899999 12.4791 -0.1899999 12.4791 0.1899999 12.4791 -0.1899999 13.72701 -0.1899999 13.72701 0.1899999 12.4791 0.1899999 13.72701 -0.1899999 13.72701 0.1899999 13.72701 -0.1899999 14.97492 -0.1899999 14.97492 0.1899999 13.72701 0.1899999 14.97492 -0.1899999 14.97492 0.1899999 14.97492 -0.1899999 16.22284 -0.1899999 16.22284 0.1899999 14.97492 0.1899999 16.22284 -0.1899999 16.22284 0.1899999 16.22284 -0.1899999 17.47074 -0.1899999 17.47074 0.1899999 16.22284 0.1899999 17.47074 -0.1899999 17.47074 0.1899999 17.47074 -0.1899999 18.71866 -0.1899999 18.71866 0.1899999 17.47074 0.1899999 18.71866 -0.1899999 18.71866 0.1899999 18.71866 -0.1899999 19.96657 -0.1899999 19.96657 0.1899999 18.71866 0.1899999 19.96657 -0.1899999 19.96657 0.1899999 19.96657 -0.1899999 21.21448 -0.1899999 21.21448 0.1899999 19.96657 0.1899999 21.21448 -0.1899999 21.21448 0.1899999 21.21448 -0.1899999 22.46239 -0.1899999 22.46239 0.1899999 21.21448 0.1899999 22.46239 -7.347095 8.910745 -7.469692 7.654841 -7.041674 8.801225 -7.041674 8.801225 -7.469692 7.654841 -7.441709 7.640678 -7.041674 8.801225 -7.441709 7.640678 -7.150299 7.55964 -7.150299 7.55964 -7.441709 7.640678 -7.419488 7.618544 -7.150299 7.55964 -7.419488 7.618544 -7.405217 7.590615 -7.405217 7.590615 -7.400299 7.55964 -7.150299 7.55964 -7.150299 7.55964 -7.400299 7.55964 -7.405217 7.528665 -7.150299 7.55964 -7.405217 7.528665 -7.419488 7.500736 -7.419488 7.500736 -7.441709 7.478602 -7.150299 7.55964 -7.150299 7.55964 -7.441709 7.478602 -7.041674 6.318056 -7.041674 6.318056 -7.441709 7.478602 -7.469692 7.464439 -7.041674 6.318056 -7.469692 7.464439 -7.347095 6.208536 -7.041674 6.318056 -7.347095 6.208536 -6.719101 5.114196 -6.719101 5.114196 -7.347095 6.208536 -7.014852 4.991187 -6.719101 5.114196 -7.014852 4.991187 -6.482442 3.847132 -6.719101 5.114196 -6.482442 3.847132 -6.19238 3.98464 -6.19238 3.98464 -6.482442 3.847132 -5.765059 2.809016 -6.19238 3.98464 -5.765059 2.809016 -5.477516 2.963709 -5.477516 2.963709 -5.765059 2.809016 -4.883175 1.906462 -5.477516 2.963709 -4.883175 1.906462 -4.59623 2.082422 -4.59623 2.082422 -4.883175 1.906462 -3.861953 1.165227 -4.59623 2.082422 -3.861953 1.165227 -3.575299 1.367558 -3.575299 1.367558 -3.861953 1.165227 -2.730537 0.606461 -3.575299 1.367558 -2.730537 0.606461 -2.445743 0.840838 -2.445743 0.840838 -2.730537 0.606461 -1.52121 0.24611 -2.445743 0.840838 -1.52121 0.24611 -1.241883 0.518265 -1.241883 0.518265 -1.52121 0.24611 -0.268484 0.09445595 -1.241883 0.518265 -0.268484 0.09445595 -2.99e-4 0.40964 -2.99e-4 0.40964 -0.268484 0.09445595 0.991896 0.155827 -2.99e-4 0.40964 0.991896 0.155827 1.241286 0.518265 1.241286 0.518265 0.991896 0.155827 2.223962 0.428472 1.241286 0.518265 2.223962 0.428472 2.445145 0.840838 2.445145 0.840838 2.223962 0.428472 3.392558 0.90461 2.445145 0.840838 3.392558 0.90461 3.574701 1.367558 3.574701 1.367558 3.392558 0.90461 4.464335 1.570655 3.574701 1.367558 4.464335 1.570655 4.595633 2.082422 4.595633 2.082422 4.464335 1.570655 5.408711 2.4076 4.595633 2.082422 5.408711 2.4076 5.476919 2.963709 5.476919 2.963709 5.408711 2.4076 6.198736 3.391563 5.476919 2.963709 6.198736 3.391563 6.191783 3.98464 6.191783 3.98464 6.198736 3.391563 6.811867 4.494465 6.191783 3.98464 6.811867 4.494465 6.718503 5.114196 6.718503 5.114196 6.811867 4.494465 7.230608 5.684835 6.718503 5.114196 7.230608 5.684835 7.041077 6.318056 7.041077 6.318056 7.230608 5.684835 7.443008 6.928704 7.041077 6.318056 7.443008 6.928704 7.149702 7.55964 7.149702 7.55964 7.443008 6.928704 7.443008 8.190577 7.149702 7.55964 7.443008 8.190577 7.041077 8.801225 7.041077 8.801225 7.443008 8.190577 7.230608 9.434446 7.041077 8.801225 7.230608 9.434446 6.718503 10.00508 6.718503 10.00508 7.230608 9.434446 6.811867 10.62481 6.718503 10.00508 6.811867 10.62481 6.191783 11.13464 6.191783 11.13464 6.811867 10.62481 6.198736 11.72772 6.191783 11.13464 6.198736 11.72772 5.476919 12.15557 5.476919 12.15557 6.198736 11.72772 5.408711 12.71168 5.476919 12.15557 5.408711 12.71168 4.595633 13.03686 4.595633 13.03686 5.408711 12.71168 4.464335 13.54862 4.595633 13.03686 4.464335 13.54862 3.574701 13.75172 3.574701 13.75172 4.464335 13.54862 3.392558 14.21467 3.574701 13.75172 3.392558 14.21467 2.445145 14.27844 2.445145 14.27844 3.392558 14.21467 2.223962 14.69081 2.445145 14.27844 2.223962 14.69081 1.241286 14.60101 1.241286 14.60101 2.223962 14.69081 0.991896 14.96345 1.241286 14.60101 0.991896 14.96345 -2.99e-4 14.70964 -2.99e-4 14.70964 0.991896 14.96345 -0.268484 15.02482 -2.99e-4 14.70964 -0.268484 15.02482 -1.241883 14.60101 -1.241883 14.60101 -0.268484 15.02482 -1.52121 14.87317 -1.241883 14.60101 -1.52121 14.87317 -2.445743 14.27844 -2.445743 14.27844 -1.52121 14.87317 -2.730537 14.51282 -2.445743 14.27844 -2.730537 14.51282 -3.575299 13.75172 -3.575299 13.75172 -2.730537 14.51282 -3.861953 13.95405 -3.575299 13.75172 -3.861953 13.95405 -4.59623 13.03686 -4.59623 13.03686 -3.861953 13.95405 -4.883175 13.21282 -4.59623 13.03686 -4.883175 13.21282 -5.477516 12.15557 -5.477516 12.15557 -4.883175 13.21282 -5.765059 12.31026 -5.477516 12.15557 -5.765059 12.31026 -6.19238 11.13464 -6.19238 11.13464 -5.765059 12.31026 -6.482442 11.27215 -6.19238 11.13464 -6.482442 11.27215 -6.719101 10.00508 -6.719101 10.00508 -6.482442 11.27215 -7.014852 10.12809 -6.719101 10.00508 -7.014852 10.12809 -7.347095 8.910745 -6.719101 10.00508 -7.347095 8.910745 -7.041674 8.801225 -0.14 0 0.14 0 -0.14 0.03128296 -0.14 0.03128296 0.14 0 0.14 0.03149294 -0.14 0.03128296 0.14 0.03149294 -0.14 0.06256496 -0.14 0.06256496 0.14 0.03149294 0.14 0.06298696 -0.14 0.06256496 0.14 0.06298696 -0.14 0.09384799 -0.14 0.09384799 0.14 0.06298696 0.14 0.09447997 -0.14 0.09384799 0.14 0.09447997 -0.14 0.1251299 -0.14 0.1251299 0.14 0.09447997 0.14 0.1259739 -0.14 0.1251299 0.14 0.1259739 -0.14 0.156413 -0.14 0.156413 0.14 0.1259739 0.11 0.156413 0.11 -0.156413 0.14 -0.1259739 -0.14 -0.156413 -0.14 -0.156413 0.14 -0.1259739 -0.14 -0.1251299 -0.14 -0.1251299 0.14 -0.1259739 0.14 -0.09447997 -0.14 -0.1251299 0.14 -0.09447997 -0.14 -0.09384799 -0.14 -0.09384799 0.14 -0.09447997 0.14 -0.06298696 -0.14 -0.09384799 0.14 -0.06298696 -0.14 -0.06256496 -0.14 -0.06256496 0.14 -0.06298696 0.14 -0.03149294 -0.14 -0.06256496 0.14 -0.03149294 -0.14 -0.03128296 -0.14 -0.03128296 0.14 -0.03149294 0.14 0 -0.14 -0.03128296 0.14 0 -0.14 0 0.038459 4.603163 -0.003966987 4.607569 0.038459 3.370794 0.038459 3.370794 -0.003966987 4.607569 -0.003966987 3.341655 0.038459 3.370794 -0.003966987 3.341655 0.038459 2.138424 0.038459 2.138424 -0.003966987 3.341655 -0.003966987 2.07574 0.038459 2.138424 -0.003966987 2.07574 0.038459 0.906055 0.038459 0.906055 -0.003966987 2.07574 -0.003966987 0.809825 0.038459 0.906055 -0.003966987 0.809825 0.038459 -0.326314 0.038459 -0.326314 -0.003966987 0.809825 -0.003966987 -0.45609 0.038459 -0.326314 -0.003966987 -0.45609 0.038459 -1.558684 0.038459 -1.558684 -0.003966987 -0.45609 -0.003966987 -1.722005 0.038459 -1.558684 -0.003966987 -1.722005 0.038459 -2.791054 0.038459 -2.791054 -0.003966987 -1.722005 -0.003966987 -2.98792 0.038459 -2.791054 -0.003966987 -2.98792 0.038459 -4.023423 0.038459 -4.023423 -0.003966987 -2.98792 -0.003966987 -4.253835 0.038459 -4.023423 -0.003966987 -4.253835 0.038459 -5.255793 0.038459 -5.255793 -0.003966987 -4.253835 -0.003966987 -5.51975 0.038459 -5.255793 -0.003966987 -5.51975 0.038459 -6.488162 0.038459 -6.488162 -0.003966987 -5.51975 -0.003966987 -6.785665 0.038459 -6.488162 -0.003966987 -6.785665 0.038459 -7.720531 0.038459 -7.720531 -0.003966987 -6.785665 -0.003966987 -8.051579 0.038459 -7.720531 -0.003966987 -8.051579 0.038459 -8.952901 0.038459 -8.952901 -0.003966987 -8.051579 -0.003966987 -9.317495 0.038459 -8.952901 -0.003966987 -9.317495 0.038459 -10.18527 0.038459 -10.18527 -0.003966987 -9.317495 -0.003966987 -10.58341 0.038459 -10.18527 -0.003966987 -10.58341 0.038459 -11.41764 0.038459 -11.41764 -0.003966987 -10.58341 -0.003966987 -11.84932 0.038459 -11.41764 -0.003966987 -11.84932 0.038459 -12.65001 0.038459 -12.65001 -0.003966987 -11.84932 -0.003966987 -13.11524 0.038459 -12.65001 -0.003966987 -13.11524 0.038459 -13.88238 0.038459 -13.88238 -0.003966987 -13.11524 -0.003966987 -14.38115 0.038459 -13.88238 -0.003966987 -14.38115 0.038459 -15.11475 0.038459 -15.11475 -0.003966987 -14.38115 -0.003966987 -15.64707 0.038459 -15.11475 -0.003966987 -15.64707 0.038459 -16.34712 0.038459 -16.34712 -0.003966987 -15.64707 -0.003966987 -16.91299 0.038459 -16.34712 -0.003966987 -16.91299 0.038459 -17.57949 0.038459 -17.57949 -0.003966987 -16.91299 -0.003966987 -18.1789 0.038459 -17.57949 -0.003966987 -18.1789 0.038459 -18.81186 0.038459 -18.81186 -0.003966987 -18.1789 -0.003966987 -19.44482 0.038459 -18.81186 -0.003966987 -19.44482 0.038459 -20.04423 0.038459 -20.04423 -0.003966987 -19.44482 -0.003966987 -20.71073 0.038459 -20.04423 -0.003966987 -20.71073 0.038459 -21.2766 0.038459 -21.2766 -0.003966987 -20.71073 -0.003966987 -21.97665 0.038459 -21.2766 -0.003966987 -21.97665 0.038459 -22.50897 0.038459 -22.50897 -0.003966987 -21.97665 -0.003966987 -23.24256 0.038459 -22.50897 -0.003966987 -23.24256 0.038459 -23.74134 0.038459 -23.74134 -0.003966987 -23.24256 -0.003966987 -24.50848 0.038459 23.28831 -0.003966987 22.52117 0.038459 22.05594 0.038459 22.05594 -0.003966987 22.52117 -0.003966987 21.25525 0.038459 22.05594 -0.003966987 21.25525 0.038459 20.82357 0.038459 20.82357 -0.003966987 21.25525 -0.003966987 19.98934 0.038459 20.82357 -0.003966987 19.98934 0.038459 19.5912 0.038459 19.5912 -0.003966987 19.98934 -0.003966987 18.72342 0.038459 19.5912 -0.003966987 18.72342 0.038459 18.35883 0.038459 18.35883 -0.003966987 18.72342 -0.003966987 17.45751 0.038459 18.35883 -0.003966987 17.45751 0.038459 17.12646 0.038459 17.12646 -0.003966987 17.45751 -0.003966987 16.19159 0.038459 17.12646 -0.003966987 16.19159 0.038459 15.89409 0.038459 15.89409 -0.003966987 16.19159 -0.003966987 14.92568 0.038459 15.89409 -0.003966987 14.92568 0.038459 14.66172 0.038459 14.66172 -0.003966987 14.92568 -0.003966987 13.65976 0.038459 14.66172 -0.003966987 13.65976 0.038459 13.42935 0.038459 13.42935 -0.003966987 13.65976 -0.003966987 12.39385 0.038459 13.42935 -0.003966987 12.39385 0.038459 12.19698 0.038459 12.19698 -0.003966987 12.39385 -0.003966987 11.12793 0.038459 12.19698 -0.003966987 11.12793 0.038459 10.96461 0.038459 10.96461 -0.003966987 11.12793 -0.003966987 9.862019 0.038459 10.96461 -0.003966987 9.862019 0.038459 9.732243 0.038459 9.732243 -0.003966987 9.862019 -0.003966987 8.596104 0.038459 9.732243 -0.003966987 8.596104 0.038459 8.499874 0.038459 8.499874 -0.003966987 8.596104 -0.003966987 7.330189 0.038459 8.499874 -0.003966987 7.330189 0.038459 7.267504 0.038459 7.267504 -0.003966987 7.330189 -0.003966987 6.064274 0.038459 7.267504 -0.003966987 6.064274 0.038459 6.035134 0.038459 6.035134 -0.003966987 6.064274 -0.003966987 4.798359 0.038459 6.035134 -0.003966987 4.798359 0.038459 4.802765 -0.09993296 -0.09999799 -0.06919199 -0.09493899 -0.100304 -0.066666 -0.100304 -0.066666 -0.06919199 -0.09493899 -0.041498 -0.080666 -0.100304 -0.066666 -0.041498 -0.080666 -0.100526 -0.033333 -0.100526 -0.033333 -0.041498 -0.080666 -0.01954197 -0.05856299 -0.100526 -0.033333 -0.01954197 -0.05856299 -0.00545299 -0.03077495 -0.100526 -0.033333 -0.00545299 -0.03077495 -0.1006 0 -0.1006 0 -0.00545299 -0.03077495 -6e-4 0 -0.1006 0 -6e-4 0 -0.00545299 0.03077495 -0.1006 0 -0.00545299 0.03077495 -0.100526 0.033333 -0.100526 0.033333 -0.00545299 0.03077495 -0.01954197 0.05856299 -0.100526 0.033333 -0.01954197 0.05856299 -0.041498 0.080666 -0.100526 0.033333 -0.041498 0.080666 -0.100304 0.066666 -0.100304 0.066666 -0.041498 0.080666 -0.06919199 0.09493899 -0.100304 0.066666 -0.06919199 0.09493899 -0.09993296 0.09999799 -0.410116 0 0.410116 0 -0.410116 1.234839 -0.410116 1.234839 0.410116 0 0.410116 1.240102 -0.410116 1.234839 0.410116 1.240102 -0.410116 2.469678 -0.410116 2.469678 0.410116 1.240102 0.410116 2.480205 -0.410116 2.469678 0.410116 2.480205 -0.410116 3.704518 -0.410116 3.704518 0.410116 2.480205 0.410116 3.720307 -0.410116 3.704518 0.410116 3.720307 -0.410116 4.939357 -0.410116 4.939357 0.410116 3.720307 0.410116 4.96041 -0.410116 4.939357 0.410116 4.96041 -0.410116 6.174196 -0.410116 6.174196 0.410116 4.96041 0.410116 6.200512 -0.410116 6.174196 0.410116 6.200512 -0.410116 7.409035 -0.410116 7.409035 0.410116 6.200512 0.410116 7.440614 -0.410116 7.409035 0.410116 7.440614 -0.410116 8.643875 -0.410116 8.643875 0.410116 7.440614 0.410116 8.680717 -0.410116 8.643875 0.410116 8.680717 -0.410116 9.878714 -0.410116 9.878714 0.410116 8.680717 0.410116 9.92082 -0.410116 9.878714 0.410116 9.92082 -0.410116 11.11355 -0.410116 11.11355 0.410116 9.92082 0.410116 11.16092 -0.410116 11.11355 0.410116 11.16092 -0.410116 12.34839 -0.410116 12.34839 0.410116 11.16092 0.410116 12.40102 -0.410116 12.34839 0.410116 12.40102 -0.410116 13.58323 -0.410116 13.58323 0.410116 12.40102 0.410116 13.64113 -0.410116 13.58323 0.410116 13.64113 -0.410116 14.81807 -0.410116 14.81807 0.410116 13.64113 0.410116 14.88123 -0.410116 14.81807 0.410116 14.88123 -0.410116 16.05291 -0.410116 16.05291 0.410116 14.88123 0.410116 16.12133 -0.410116 16.05291 0.410116 16.12133 -0.410116 17.28775 -0.410116 17.28775 0.410116 16.12133 0.410116 17.36143 -0.410116 17.28775 0.410116 17.36143 -0.410116 18.52259 -0.410116 18.52259 0.410116 17.36143 0.410116 18.60154 -0.410116 18.52259 0.410116 18.60154 -0.410116 19.75743 -0.410116 19.75743 0.410116 18.60154 0.410116 19.84164 -0.410116 19.75743 0.410116 19.84164 -0.410116 20.99227 -0.410116 20.99227 0.410116 19.84164 0.410116 21.08174 -0.410116 20.99227 0.410116 21.08174 -0.410116 22.2271 -0.410116 22.2271 0.410116 21.08174 0.410116 22.32184 -0.410116 22.2271 0.410116 22.32184 -0.410116 23.46195 -0.410116 23.46195 0.410116 22.32184 -0.160116 23.46195 -0.160116 23.46195 0.410116 22.32184 0.410116 23.56194 -0.160116 23.46195 0.410116 23.56194 -0.160116 23.49528 -0.160116 23.49528 0.410116 23.56194 -0.160116 23.52861 -0.160116 23.52861 0.410116 23.56194 -0.160116 23.56194 -0.160116 -23.56194 0.410116 -23.56194 -0.160116 -23.52861 -0.160116 -23.52861 0.410116 -23.56194 -0.160116 -23.49528 -0.160116 -23.49528 0.410116 -23.56194 -0.160116 -23.46195 -0.160116 -23.46195 0.410116 -23.56194 0.410116 -22.32184 -0.160116 -23.46195 0.410116 -22.32184 -0.410116 -23.46195 -0.410116 -23.46195 0.410116 -22.32184 -0.410116 -22.2271 -0.410116 -22.2271 0.410116 -22.32184 0.410116 -21.08174 -0.410116 -22.2271 0.410116 -21.08174 -0.410116 -20.99227 -0.410116 -20.99227 0.410116 -21.08174 0.410116 -19.84164 -0.410116 -20.99227 0.410116 -19.84164 -0.410116 -19.75743 -0.410116 -19.75743 0.410116 -19.84164 0.410116 -18.60154 -0.410116 -19.75743 0.410116 -18.60154 -0.410116 -18.52259 -0.410116 -18.52259 0.410116 -18.60154 0.410116 -17.36143 -0.410116 -18.52259 0.410116 -17.36143 -0.410116 -17.28775 -0.410116 -17.28775 0.410116 -17.36143 0.410116 -16.12133 -0.410116 -17.28775 0.410116 -16.12133 -0.410116 -16.05291 -0.410116 -16.05291 0.410116 -16.12133 0.410116 -14.88123 -0.410116 -16.05291 0.410116 -14.88123 -0.410116 -14.81807 -0.410116 -14.81807 0.410116 -14.88123 0.410116 -13.64113 -0.410116 -14.81807 0.410116 -13.64113 -0.410116 -13.58323 -0.410116 -13.58323 0.410116 -13.64113 0.410116 -12.40102 -0.410116 -13.58323 0.410116 -12.40102 -0.410116 -12.34839 -0.410116 -12.34839 0.410116 -12.40102 0.410116 -11.16092 -0.410116 -12.34839 0.410116 -11.16092 -0.410116 -11.11355 -0.410116 -11.11355 0.410116 -11.16092 0.410116 -9.92082 -0.410116 -11.11355 0.410116 -9.92082 -0.410116 -9.878714 -0.410116 -9.878714 0.410116 -9.92082 0.410116 -8.680717 -0.410116 -9.878714 0.410116 -8.680717 -0.410116 -8.643875 -0.410116 -8.643875 0.410116 -8.680717 0.410116 -7.440614 -0.410116 -8.643875 0.410116 -7.440614 -0.410116 -7.409035 -0.410116 -7.409035 0.410116 -7.440614 0.410116 -6.200512 -0.410116 -7.409035 0.410116 -6.200512 -0.410116 -6.174196 -0.410116 -6.174196 0.410116 -6.200512 0.410116 -4.96041 -0.410116 -6.174196 0.410116 -4.96041 -0.410116 -4.939357 -0.410116 -4.939357 0.410116 -4.96041 0.410116 -3.720307 -0.410116 -4.939357 0.410116 -3.720307 -0.410116 -3.704518 -0.410116 -3.704518 0.410116 -3.720307 0.410116 -2.480205 -0.410116 -3.704518 0.410116 -2.480205 -0.410116 -2.469678 -0.410116 -2.469678 0.410116 -2.480205 0.410116 -1.240102 -0.410116 -2.469678 0.410116 -1.240102 -0.410116 -1.234839 -0.410116 -1.234839 0.410116 -1.240102 0.410116 0 -0.410116 -1.234839 0.410116 0 -0.410116 0 2.040392 -2.076276 1.497048 -0.905759 0 -2.076276 0 -2.076276 1.497048 -0.905759 0.97775 0.168413 0 -2.076276 0.97775 0.168413 0.479617 1.152431 0.479617 1.152431 0 2.051509 0 -2.076276 -1.832733 1.636246 -2.106024 1.453673 2.295052 1.636246 2.295052 1.636246 -2.106024 1.453673 2.295052 1.407172 2.295052 1.407172 -2.106024 1.453673 -2.215925 1.332985 2.295052 1.407172 -2.215925 1.332985 2.295052 1.178097 2.295052 1.178097 -2.215925 1.332985 -2.253523 1.258457 2.295052 1.178097 -2.253523 1.258457 -2.2639 1.218171 -2.2639 1.218171 -2.267448 1.178097 2.295052 1.178097 2.295052 1.178097 -2.267448 1.178097 -2.2639 1.138023 2.295052 1.178097 -2.2639 1.138023 -2.253523 1.097738 2.295052 1.178097 -2.253523 1.097738 2.295052 0.949023 2.295052 0.949023 -2.253523 1.097738 -2.215925 1.023209 2.295052 0.949023 -2.215925 1.023209 -2.106024 0.902522 -1.832733 0.719948 2.295052 0.719948 -2.106024 0.902522 -2.106024 0.902522 2.295052 0.719948 2.295052 0.949023 0 2.051509 -0.479617 1.152431 0 -2.076276 0 -2.076276 -0.479617 1.152431 -0.97775 0.168413 0 -2.076276 -0.97775 0.168413 -1.497048 -0.905759 -1.497048 -0.905759 -2.040392 -2.076276 0 -2.076276 -0.01224195 -2.076276 -0.555586 -0.905759 -2.052634 -2.076276 -2.052634 -2.076276 -0.555586 -0.905759 -1.074884 0.168413 -2.052634 -2.076276 -1.074884 0.168413 -1.573018 1.152431 -1.573018 1.152431 -2.052634 2.051509 -2.052634 -2.076276 2.294938 -0.458149 2.294938 -0.305433 -1.832847 -0.458149 -1.832847 -0.458149 2.294938 -0.305433 -2.106138 -0.275575 -2.106138 -0.275575 2.294938 -0.305433 2.294938 -0.152716 -2.106138 -0.275575 2.294938 -0.152716 -2.216039 -0.154888 -2.216039 -0.154888 2.294938 -0.152716 -2.253637 -0.08035999 -2.253637 -0.08035999 2.294938 -0.152716 2.294938 0 -2.253637 -0.08035999 2.294938 0 -2.264014 -0.04007399 -2.264014 -0.04007399 2.294938 0 -2.267562 0 1.026317 4.127785 0.546701 3.228707 1.026317 0 1.026317 0 0.546701 3.228707 0.04856699 2.244688 1.026317 0 0.04856699 2.244688 -0.470731 1.170516 -0.470731 1.170516 -1.014075 0 1.026317 0 2.294938 0.458149 -1.832847 0.458149 2.294938 0.305433 2.294938 0.305433 -1.832847 0.458149 -2.106138 0.275575 2.294938 0.305433 -2.106138 0.275575 2.294938 0.152716 2.294938 0.152716 -2.106138 0.275575 -2.216039 0.154888 2.294938 0.152716 -2.216039 0.154888 -2.253637 0.08035999 2.294938 0.152716 -2.253637 0.08035999 2.294938 0 2.294938 0 -2.253637 0.08035999 -2.264014 0.04007399 2.294938 0 -2.264014 0.04007399 -2.267562 0 -5.629532 -1.244508 -5.629532 0 -5.654867 -0.525459 -5.654867 -0.525459 -5.629532 0 -5.847416 0 -5.654867 -0.525459 -5.847416 0 -6.065301 0 -6.065301 0 -6.283185 0 -5.654867 -0.525459 -5.654867 -0.525459 -6.283185 0 -6.283185 -1.244508 -5.654867 -0.525459 -6.283185 -1.244508 -5.654867 -1.576377 -5.654867 -1.576377 -6.283185 -1.244508 -6.283185 -2.489016 -5.654867 -1.576377 -6.283185 -2.489016 -5.654867 -2.627295 -5.654867 -2.627295 -6.283185 -2.489016 -6.283185 -3.733524 -5.654867 -2.627295 -6.283185 -3.733524 -5.654867 -3.678212 -5.654867 -3.678212 -6.283185 -3.733524 -5.654867 -4.72913 -5.654867 -3.678212 -5.654867 -4.72913 -5.629532 -3.733524 -5.629532 -3.733524 -5.654867 -4.72913 -5.629532 -4.978032 -5.629532 -4.978032 -5.654867 -4.72913 -5.654867 -5.780048 -5.629532 -4.978032 -5.654867 -5.780048 -5.629532 -6.22254 -5.629532 -6.22254 -5.654867 -5.780048 -5.654867 -6.830966 -5.629532 -6.22254 -5.654867 -6.830966 -5.629532 -7.467048 -5.629532 -7.467048 -5.654867 -6.830966 -5.654867 -7.881884 -5.629532 -7.467048 -5.654867 -7.881884 -5.629532 -8.711555 -5.629532 -8.711555 -5.654867 -7.881884 -5.654867 -8.932802 -5.629532 -8.711555 -5.654867 -8.932802 -5.629532 -9.956064 -5.629532 -9.956064 -5.654867 -8.932802 -5.654867 -9.98372 -5.629532 -9.956064 -5.654867 -9.98372 -5.654867 -11.03464 -5.654867 -11.03464 -5.654867 -9.98372 -6.283185 -11.20057 -5.654867 -11.03464 -6.283185 -11.20057 -5.654867 -12.08555 -5.654867 -12.08555 -6.283185 -11.20057 -6.283185 -12.44508 -5.654867 -12.08555 -6.283185 -12.44508 -5.654867 -13.13647 -5.654867 -13.13647 -6.283185 -12.44508 -6.283185 -13.68959 -5.654867 -13.13647 -6.283185 -13.68959 -5.654867 -14.18739 -5.654867 -14.18739 -6.283185 -13.68959 -6.283185 -14.9341 -5.654867 -14.18739 -6.283185 -14.9341 -5.654867 -15.23831 -5.654867 -15.23831 -6.283185 -14.9341 -6.283185 -16.1786 -5.654867 -15.23831 -6.283185 -16.1786 -5.654867 -16.28923 -5.654867 -16.28923 -6.283185 -16.1786 -6.283185 -17.42311 -5.654867 -16.28923 -6.283185 -17.42311 -5.654867 -17.34014 -5.654867 -17.34014 -6.283185 -17.42311 -5.654867 -18.39106 -5.654867 -17.34014 -5.654867 -18.39106 -5.629532 -17.42311 -5.629532 -17.42311 -5.654867 -18.39106 -5.629532 -18.66762 -5.629532 -18.66762 -5.654867 -18.39106 -5.654867 -19.44198 -5.629532 -18.66762 -5.654867 -19.44198 -5.629532 -19.91213 -5.629532 -19.91213 -5.654867 -19.44198 -5.654867 -20.4929 -5.629532 -19.91213 -5.654867 -20.4929 -5.629532 -21.15664 -5.629532 -21.15664 -5.654867 -20.4929 -5.654867 -21.54382 -5.629532 -21.15664 -5.654867 -21.54382 -5.629532 -22.40114 -5.629532 -22.40114 -5.654867 -21.54382 -5.654867 -22.59473 -5.629532 -22.40114 -5.654867 -22.59473 -5.629532 -23.64565 -5.629532 -23.64565 -5.654867 -22.59473 -5.847416 -23.64565 -5.847416 -23.64565 -5.654867 -22.59473 -6.065301 -23.64565 -6.065301 -23.64565 -5.654867 -22.59473 -6.283185 -22.40114 -6.065301 -23.64565 -6.283185 -22.40114 -6.283185 -23.64565 -6.283185 -3.733524 -6.283185 -4.978032 -5.654867 -4.72913 -5.654867 -4.72913 -6.283185 -4.978032 -5.654867 -5.780048 -6.283185 -4.978032 -6.283185 -6.22254 -5.654867 -5.780048 -5.654867 -5.780048 -6.283185 -6.22254 -5.654867 -6.830966 -6.283185 -6.22254 -6.283185 -7.467048 -5.654867 -6.830966 -5.654867 -6.830966 -6.283185 -7.467048 -5.654867 -7.881884 -6.283185 -7.467048 -6.283185 -8.711555 -5.654867 -7.881884 -5.654867 -7.881884 -6.283185 -8.711555 -5.654867 -8.932802 -6.283185 -8.711555 -6.283185 -9.956064 -5.654867 -8.932802 -5.654867 -8.932802 -6.283185 -9.956064 -5.654867 -9.98372 -6.283185 -9.956064 -6.283185 -11.20057 -5.654867 -9.98372 -6.283185 -17.42311 -6.283185 -18.66762 -5.654867 -18.39106 -5.654867 -18.39106 -6.283185 -18.66762 -5.654867 -19.44198 -6.283185 -18.66762 -6.283185 -19.91213 -5.654867 -19.44198 -5.654867 -19.44198 -6.283185 -19.91213 -5.654867 -20.4929 -6.283185 -19.91213 -6.283185 -21.15664 -5.654867 -20.4929 -5.654867 -20.4929 -6.283185 -21.15664 -5.654867 -21.54382 -6.283185 -21.15664 -6.283185 -22.40114 -5.654867 -21.54382 -5.654867 -21.54382 -6.283185 -22.40114 -5.654867 -22.59473 -5.654867 -17.34014 -5.629532 -17.42311 -5.654867 -16.28923 -5.654867 -16.28923 -5.629532 -17.42311 -5.629532 -16.1786 -5.654867 -16.28923 -5.629532 -16.1786 -5.654867 -15.23831 -5.654867 -15.23831 -5.629532 -16.1786 -5.629532 -14.9341 -5.654867 -15.23831 -5.629532 -14.9341 -5.654867 -14.18739 -5.654867 -14.18739 -5.629532 -14.9341 -5.629532 -13.68959 -5.654867 -14.18739 -5.629532 -13.68959 -5.654867 -13.13647 -5.654867 -13.13647 -5.629532 -13.68959 -5.629532 -12.44508 -5.654867 -13.13647 -5.629532 -12.44508 -5.654867 -12.08555 -5.654867 -12.08555 -5.629532 -12.44508 -5.629532 -11.20057 -5.654867 -12.08555 -5.629532 -11.20057 -5.654867 -11.03464 -5.654867 -11.03464 -5.629532 -11.20057 -5.629532 -9.956064 -5.654867 -3.678212 -5.629532 -3.733524 -5.654867 -2.627295 -5.654867 -2.627295 -5.629532 -3.733524 -5.629532 -2.489016 -5.654867 -2.627295 -5.629532 -2.489016 -5.654867 -1.576377 -5.654867 -1.576377 -5.629532 -2.489016 -5.629532 -1.244508 -5.654867 -1.576377 -5.629532 -1.244508 -5.654867 -0.525459 -0.10807 -21.36283 -0.557023 -21.36283 -0.104324 -21.40675 -0.104324 -21.40675 -0.557023 -21.36283 -0.09336596 -21.45075 -0.09336596 -21.45075 -0.557023 -21.36283 -0.05366694 -21.53113 -0.05366694 -21.53113 -0.557023 -21.36283 0.06237995 -21.6563 0.06237995 -21.6563 -0.557023 -21.36283 -0.557023 -22.76828 0.06237995 -21.6563 -0.557023 -22.76828 0.350943 -21.82607 0.350943 -21.82607 -0.557023 -22.76828 1.300272 -22.21722 1.300272 -22.21722 -0.557023 -22.76828 2.339291 -22.59308 2.339291 -22.59308 -0.557023 -22.76828 3.473501 -22.95418 3.473501 -22.95418 -0.557023 -22.76828 4.709441 -23.30108 4.709441 -23.30108 -0.557023 -22.76828 -0.557023 -24.17373 4.709441 -23.30108 -0.557023 -24.17373 5.013209 -23.90602 5.013209 -23.90602 -0.557023 -24.17373 5.013209 -25.17762 5.013209 -25.17762 -0.557023 -24.17373 -0.557023 -25.57918 5.013209 -25.17762 -0.557023 -25.57918 5.013209 -26.44922 5.013209 26.95786 -0.557023 27.8279 -0.557023 26.42245 5.013209 26.95786 -0.557023 26.42245 5.013209 25.68626 5.013209 25.68626 -0.557023 26.42245 -0.557023 25.017 5.013209 25.68626 -0.557023 25.017 5.013209 24.41466 5.013209 24.41466 -0.557023 25.017 -0.557023 23.61155 5.013209 24.41466 -0.557023 23.61155 5.013209 23.14307 5.013209 23.14307 -0.557023 23.61155 -0.557023 22.2061 5.013209 23.14307 -0.557023 22.2061 5.013209 21.87147 5.013209 21.87147 -0.557023 22.2061 -0.557023 20.80065 5.013209 21.87147 -0.557023 20.80065 4.709441 20.63072 4.709441 20.63072 -0.557023 20.80065 3.473501 20.28383 3.473501 20.28383 -0.557023 20.80065 2.339291 19.92273 2.339291 19.92273 -0.557023 20.80065 -0.557023 19.3952 2.339291 19.92273 -0.557023 19.3952 1.300272 19.54686 1.300272 19.54686 -0.557023 19.3952 0.350943 19.15571 0.350943 19.15571 -0.557023 19.3952 0.06237995 18.98595 0.06237995 18.98595 -0.557023 19.3952 -0.05366694 18.86078 -0.05366694 18.86078 -0.557023 19.3952 -0.09336596 18.78039 -0.09336596 18.78039 -0.557023 19.3952 -0.104324 18.7364 -0.104324 18.7364 -0.557023 19.3952 -0.10807 18.69248 -0.10807 18.69248 -0.557023 19.3952 -0.557023 17.98975 -0.10807 18.69248 -0.557023 17.98975 -0.104324 18.64855 -0.104324 18.64855 -0.557023 17.98975 -0.09336596 18.60456 -0.09336596 18.60456 -0.557023 17.98975 -0.05366694 18.52417 -0.05366694 18.52417 -0.557023 17.98975 0.06237995 18.39901 0.06237995 18.39901 -0.557023 17.98975 0.350943 18.22924 0.350943 18.22924 -0.557023 17.98975 1.300272 17.83809 1.300272 17.83809 -0.557023 17.98975 2.339291 17.46222 2.339291 17.46222 -0.557023 17.98975 -0.557023 16.5843 2.339291 17.46222 -0.557023 16.5843 3.473501 17.10112 3.473501 17.10112 -0.557023 16.5843 4.709441 16.75423 4.709441 16.75423 -0.557023 16.5843 5.013209 15.51348 4.709441 16.75423 5.013209 15.51348 5.013209 16.78508 -0.557023 16.5843 -0.557023 15.17885 5.013209 15.51348 5.013209 15.51348 -0.557023 15.17885 5.013209 14.24189 5.013209 14.24189 -0.557023 15.17885 -0.557023 13.7734 5.013209 14.24189 -0.557023 13.7734 5.013209 12.97029 5.013209 12.97029 -0.557023 13.7734 -0.557023 12.36795 5.013209 12.97029 -0.557023 12.36795 5.013209 11.69869 5.013209 11.69869 -0.557023 12.36795 -0.557023 10.96251 5.013209 11.69869 -0.557023 10.96251 5.013209 10.4271 5.013209 10.4271 -0.557023 10.96251 -0.557023 9.557055 5.013209 10.4271 -0.557023 9.557055 5.013209 9.155499 5.013209 9.155499 -0.557023 9.557055 -0.557023 8.151607 5.013209 9.155499 -0.557023 8.151607 5.013209 7.883902 5.013209 7.883902 -0.557023 8.151607 4.709441 7.278955 5.013209 7.883902 4.709441 7.278955 5.013209 6.612305 5.013209 6.612305 4.709441 7.278955 4.709441 6.632872 5.013209 6.612305 4.709441 6.632872 4.709441 5.98679 -0.557023 8.151607 -0.557023 6.746157 4.709441 7.278955 4.709441 7.278955 -0.557023 6.746157 3.473501 6.932062 3.473501 6.932062 -0.557023 6.746157 2.339291 6.570958 2.339291 6.570958 -0.557023 6.746157 1.300272 6.195097 1.300272 6.195097 -0.557023 6.746157 0.350943 5.803946 0.350943 5.803946 -0.557023 6.746157 -0.557023 5.340707 0.350943 5.803946 -0.557023 5.340707 0.06237995 5.634174 0.06237995 5.634174 -0.557023 5.340707 -0.05366694 5.50901 -0.05366694 5.50901 -0.557023 5.340707 -0.09336596 5.428623 -0.09336596 5.428623 -0.557023 5.340707 -0.104324 5.384631 -0.104324 5.384631 -0.557023 5.340707 -0.10807 5.340707 4.709441 5.340707 5.013209 5.340707 4.709441 5.98679 4.709441 5.98679 5.013209 5.340707 5.013209 6.612305 4.709441 16.75423 5.013209 16.78508 4.709441 18.0464 4.709441 18.0464 5.013209 16.78508 5.013209 18.05668 4.709441 18.0464 5.013209 18.05668 5.013209 19.32828 4.709441 18.0464 5.013209 19.32828 4.709441 19.33856 4.709441 19.33856 5.013209 19.32828 5.013209 20.59987 4.709441 19.33856 5.013209 20.59987 4.709441 20.63072 4.709441 20.63072 5.013209 20.59987 5.013209 21.87147 5.013209 -23.90602 5.013209 -22.63443 4.709441 -23.30108 4.709441 -23.30108 5.013209 -22.63443 4.709441 -22.655 4.709441 -22.655 5.013209 -22.63443 4.709441 -22.00891 4.709441 -22.00891 5.013209 -22.63443 5.013209 -21.36283 4.709441 -22.00891 5.013209 -21.36283 4.709441 -21.36283 -5.847416 0 -5.629532 0 -5.654867 0.525459 -5.654867 0.525459 -5.629532 0 -5.629532 1.244508 -5.654867 0.525459 -5.629532 1.244508 -5.654867 1.576377 -5.654867 1.576377 -5.629532 1.244508 -5.629532 2.489016 -5.654867 1.576377 -5.629532 2.489016 -5.654867 2.627295 -5.654867 2.627295 -5.629532 2.489016 -5.629532 3.733524 -5.654867 2.627295 -5.629532 3.733524 -5.654867 3.678212 -5.654867 3.678212 -5.629532 3.733524 -5.654867 4.72913 -5.654867 3.678212 -5.654867 4.72913 -6.283185 3.733524 -6.283185 3.733524 -5.654867 4.72913 -6.283185 4.978032 -6.283185 4.978032 -5.654867 4.72913 -5.654867 5.780048 -6.283185 4.978032 -5.654867 5.780048 -6.283185 6.22254 -6.283185 6.22254 -5.654867 5.780048 -5.654867 6.830966 -6.283185 6.22254 -5.654867 6.830966 -6.283185 7.467048 -6.283185 7.467048 -5.654867 6.830966 -5.654867 7.881884 -6.283185 7.467048 -5.654867 7.881884 -6.283185 8.711555 -6.283185 8.711555 -5.654867 7.881884 -5.654867 8.932802 -6.283185 8.711555 -5.654867 8.932802 -6.283185 9.956064 -6.283185 9.956064 -5.654867 8.932802 -5.654867 9.98372 -6.283185 9.956064 -5.654867 9.98372 -5.654867 11.03464 -5.654867 11.03464 -5.654867 9.98372 -5.629532 9.956064 -5.654867 11.03464 -5.629532 9.956064 -5.629532 11.20057 -5.629532 3.733524 -5.629532 4.978032 -5.654867 4.72913 -5.654867 4.72913 -5.629532 4.978032 -5.654867 5.780048 -5.629532 4.978032 -5.629532 6.22254 -5.654867 5.780048 -5.654867 5.780048 -5.629532 6.22254 -5.654867 6.830966 -5.629532 6.22254 -5.629532 7.467048 -5.654867 6.830966 -5.654867 6.830966 -5.629532 7.467048 -5.654867 7.881884 -5.629532 7.467048 -5.629532 8.711555 -5.654867 7.881884 -5.654867 7.881884 -5.629532 8.711555 -5.654867 8.932802 -5.629532 8.711555 -5.629532 9.956064 -5.654867 8.932802 -5.654867 8.932802 -5.629532 9.956064 -5.654867 9.98372 -5.654867 11.03464 -5.629532 11.20057 -5.654867 12.08555 -5.654867 12.08555 -5.629532 11.20057 -5.629532 12.44508 -5.654867 12.08555 -5.629532 12.44508 -5.654867 13.13647 -5.654867 13.13647 -5.629532 12.44508 -5.629532 13.68959 -5.654867 13.13647 -5.629532 13.68959 -5.654867 14.18739 -5.654867 14.18739 -5.629532 13.68959 -5.629532 14.9341 -5.654867 14.18739 -5.629532 14.9341 -5.654867 15.23831 -5.654867 15.23831 -5.629532 14.9341 -5.629532 16.1786 -5.654867 15.23831 -5.629532 16.1786 -5.654867 16.28923 -5.654867 16.28923 -5.629532 16.1786 -5.629532 17.42311 -5.654867 16.28923 -5.629532 17.42311 -5.654867 17.34014 -5.654867 17.34014 -5.629532 17.42311 -5.654867 18.39106 -5.654867 17.34014 -5.654867 18.39106 -6.283185 17.42311 -6.283185 17.42311 -5.654867 18.39106 -6.283185 18.66762 -6.283185 18.66762 -5.654867 18.39106 -5.654867 19.44198 -6.283185 18.66762 -5.654867 19.44198 -6.283185 19.91213 -6.283185 19.91213 -5.654867 19.44198 -5.654867 20.4929 -6.283185 19.91213 -5.654867 20.4929 -6.283185 21.15664 -6.283185 21.15664 -5.654867 20.4929 -5.654867 21.54382 -6.283185 21.15664 -5.654867 21.54382 -6.283185 22.40114 -6.283185 22.40114 -5.654867 21.54382 -5.654867 22.59473 -6.283185 22.40114 -5.654867 22.59473 -6.283185 23.64565 -6.283185 23.64565 -5.654867 22.59473 -6.065301 23.64565 -6.065301 23.64565 -5.654867 22.59473 -5.847416 23.64565 -5.847416 23.64565 -5.654867 22.59473 -5.629532 23.64565 -5.629532 23.64565 -5.654867 22.59473 -5.629532 22.40114 -5.629532 22.40114 -5.654867 22.59473 -5.654867 21.54382 -5.629532 22.40114 -5.654867 21.54382 -5.629532 21.15664 -5.629532 21.15664 -5.654867 21.54382 -5.654867 20.4929 -5.629532 21.15664 -5.654867 20.4929 -5.629532 19.91213 -5.629532 19.91213 -5.654867 20.4929 -5.654867 19.44198 -5.629532 19.91213 -5.654867 19.44198 -5.629532 18.66762 -5.629532 18.66762 -5.654867 19.44198 -5.654867 18.39106 -5.629532 18.66762 -5.654867 18.39106 -5.629532 17.42311 -6.283185 17.42311 -6.283185 16.1786 -5.654867 17.34014 -5.654867 17.34014 -6.283185 16.1786 -5.654867 16.28923 -5.654867 16.28923 -6.283185 16.1786 -5.654867 15.23831 -5.654867 15.23831 -6.283185 16.1786 -6.283185 14.9341 -5.654867 15.23831 -6.283185 14.9341 -5.654867 14.18739 -5.654867 14.18739 -6.283185 14.9341 -6.283185 13.68959 -5.654867 14.18739 -6.283185 13.68959 -5.654867 13.13647 -5.654867 13.13647 -6.283185 13.68959 -6.283185 12.44508 -5.654867 13.13647 -6.283185 12.44508 -5.654867 12.08555 -5.654867 12.08555 -6.283185 12.44508 -6.283185 11.20057 -5.654867 12.08555 -6.283185 11.20057 -5.654867 11.03464 -5.654867 11.03464 -6.283185 11.20057 -6.283185 9.956064 -6.283185 3.733524 -6.283185 2.489016 -5.654867 3.678212 -5.654867 3.678212 -6.283185 2.489016 -5.654867 2.627295 -5.654867 2.627295 -6.283185 2.489016 -5.654867 1.576377 -5.654867 1.576377 -6.283185 2.489016 -6.283185 1.244508 -5.654867 1.576377 -6.283185 1.244508 -5.654867 0.525459 -5.654867 0.525459 -6.283185 1.244508 -6.065301 0 -5.654867 0.525459 -6.065301 0 -5.847416 0 -6.283185 1.244508 -6.283185 0 -6.065301 0 2.101573 1.315236 0.364058 0.494776 0.430182 0.1449159 0.430182 0.1449159 0.364058 0.494776 0.264503 0.395222 0.430182 0.1449159 0.264503 0.395222 0.1390579 0.331304 0.705952 1.529047 0.264503 1.123337 2.101573 1.315236 2.101573 1.315236 0.264503 1.123337 0.364058 1.023783 2.101573 1.315236 0.364058 1.023783 0.427975 0.898337 -0.705952 1.529047 0 1.20928 0.705952 1.529047 0.705952 1.529047 0 1.20928 0.1390579 1.187255 0.705952 1.529047 0.1390579 1.187255 0.264503 1.123337 -2.101573 1.315236 -0.264503 1.123337 -0.705952 1.529047 -0.705952 1.529047 -0.264503 1.123337 -0.1390579 1.187255 -0.705952 1.529047 -0.1390579 1.187255 0 1.20928 -0.430182 0.1449159 -0.364058 0.494776 -2.101573 1.315236 -2.101573 1.315236 -0.364058 0.494776 -0.427975 0.620222 -2.101573 1.315236 -0.427975 0.620222 -0.45 0.75928 -0.225529 0.04399198 0 0.30928 -0.430182 0.1449159 -0.430182 0.1449159 0 0.30928 -0.1390579 0.331304 -0.430182 0.1449159 -0.1390579 0.331304 -0.264503 0.395222 -0.225529 0.04399198 0 0.009279966 0 0.30928 0 0.30928 0 0.009279966 0.225529 0.04399198 0 0.30928 0.225529 0.04399198 0.430182 0.1449159 0.427975 0.898337 0.45 0.75928 2.101573 1.315236 2.101573 1.315236 0.45 0.75928 0.427975 0.620222 2.101573 1.315236 0.427975 0.620222 0.364058 0.494776 0.1390579 0.331304 0 0.30928 0.430182 0.1449159 -0.264503 0.395222 -0.364058 0.494776 -0.430182 0.1449159 -0.45 0.75928 -0.427975 0.898337 -2.101573 1.315236 -2.101573 1.315236 -0.427975 0.898337 -0.364058 1.023783 -2.101573 1.315236 -0.364058 1.023783 -0.264503 1.123337 -1.832733 -0.719948 -2.106024 -0.902522 2.295052 -0.719948 2.295052 -0.719948 -2.106024 -0.902522 2.295052 -0.949023 2.295052 -0.949023 -2.106024 -0.902522 -2.215925 -1.023209 2.295052 -0.949023 -2.215925 -1.023209 2.295052 -1.178097 2.295052 -1.178097 -2.215925 -1.023209 -2.253523 -1.097738 2.295052 -1.178097 -2.253523 -1.097738 -2.2639 -1.138023 -2.2639 -1.138023 -2.267448 -1.178097 2.295052 -1.178097 2.295052 -1.178097 -2.267448 -1.178097 -2.2639 -1.218171 2.295052 -1.178097 -2.2639 -1.218171 -2.253523 -1.258457 2.295052 -1.178097 -2.253523 -1.258457 2.295052 -1.407172 2.295052 -1.407172 -2.253523 -1.258457 -2.215925 -1.332985 2.295052 -1.407172 -2.215925 -1.332985 -2.106024 -1.453673 -1.832733 -1.636246 2.295052 -1.636246 -2.106024 -1.453673 -2.106024 -1.453673 2.295052 -1.636246 2.295052 -1.407172 2.052634 2.051509 1.573018 1.152431 2.052634 -2.076276 2.052634 -2.076276 1.573018 1.152431 1.074884 0.168413 2.052634 -2.076276 1.074884 0.168413 0.555586 -0.905759 0.555586 -0.905759 0.01224195 -2.076276 2.052634 -2.076276 1.014075 0 0.470731 1.170516 -1.026317 0 -1.026317 0 0.470731 1.170516 -0.04856699 2.244688 -1.026317 0 -0.04856699 2.244688 -0.546701 3.228707 -0.546701 3.228707 -1.026317 4.127785 -1.026317 0 -0.532651 4.228366 0.1623629 2.554768 0.637669 2.556975 0.637669 2.556975 0.1623629 2.554768 0.287808 2.49085 0.637669 2.556975 0.287808 2.49085 0.387363 2.391296 -0.66609 3.53462 -0.115753 2.554768 -0.532651 4.228366 -0.532651 4.228366 -0.115753 2.554768 0.02330499 2.576792 -0.532651 4.228366 0.02330499 2.576792 0.1623629 2.554768 -0.746463 2.832744 -0.340753 2.391296 -0.66609 3.53462 -0.66609 3.53462 -0.340753 2.391296 -0.241198 2.49085 -0.66609 3.53462 -0.241198 2.49085 -0.115753 2.554768 -0.340753 2.391296 -0.746463 2.832744 -0.40467 2.26585 -0.40467 2.26585 -0.746463 2.832744 -0.773305 2.126792 -0.40467 2.26585 -0.773305 2.126792 -0.426695 2.126792 -0.426695 2.126792 -0.773305 2.126792 -0.40467 1.987735 -0.40467 1.987735 -0.773305 2.126792 -0.746463 1.42084 -0.40467 1.987735 -0.746463 1.42084 -0.340753 1.862289 -0.340753 1.862289 -0.746463 1.42084 -0.66609 0.718965 -0.340753 1.862289 -0.66609 0.718965 -0.241198 1.762735 -0.241198 1.762735 -0.66609 0.718965 -0.115753 1.698817 -0.115753 1.698817 -0.66609 0.718965 -0.532651 0.02521896 -0.115753 1.698817 -0.532651 0.02521896 0.02330499 1.676792 0.02330499 1.676792 -0.532651 0.02521896 0.1623629 1.698817 0.1623629 1.698817 -0.532651 0.02521896 0.637669 1.69661 0.1623629 1.698817 0.637669 1.69661 0.287808 1.762735 0.287808 1.762735 0.637669 1.69661 0.387363 1.862289 0.387363 1.862289 0.637669 1.69661 0.451281 1.987735 0.451281 1.987735 0.637669 1.69661 0.473305 2.126792 0.473305 2.126792 0.637669 1.69661 0.738593 1.901263 0.473305 2.126792 0.738593 1.901263 0.773305 2.126792 0.773305 2.126792 0.738593 2.352322 0.473305 2.126792 0.473305 2.126792 0.738593 2.352322 0.637669 2.556975 0.473305 2.126792 0.637669 2.556975 0.451281 2.26585 0.451281 2.26585 0.637669 2.556975 0.387363 2.391296 -1.832847 -1.898046 -2.106138 -2.080619 2.294938 -1.898046 2.294938 -1.898046 -2.106138 -2.080619 2.294938 -2.12712 2.294938 -2.12712 -2.106138 -2.080619 -2.216039 -2.201307 2.294938 -2.12712 -2.216039 -2.201307 2.294938 -2.356194 2.294938 -2.356194 -2.216039 -2.201307 -2.253637 -2.275835 2.294938 -2.356194 -2.253637 -2.275835 -2.264014 -2.31612 -2.264014 -2.31612 -2.267562 -2.356194 2.294938 -2.356194 2.294938 2.356194 -2.267562 2.356194 -2.264014 2.31612 2.294938 2.356194 -2.264014 2.31612 -2.253637 2.275835 2.294938 2.356194 -2.253637 2.275835 2.294938 2.12712 2.294938 2.12712 -2.253637 2.275835 -2.216039 2.201307 2.294938 2.12712 -2.216039 2.201307 -2.106138 2.080619 -1.832847 1.898046 2.294938 1.898046 -2.106138 2.080619 -2.106138 2.080619 2.294938 1.898046 2.294938 2.12712 0 2.051509 -0.479617 1.152431 0 -2.076276 0 -2.076276 -0.479617 1.152431 -0.97775 0.168413 0 -2.076276 -0.97775 0.168413 -1.497048 -0.905759 -1.497048 -0.905759 -2.040392 -2.076276 0 -2.076276 -2.101573 0.249933 -0.364058 1.070393 -0.430182 1.420254 -0.430182 1.420254 -0.364058 1.070393 -0.264503 1.169948 -0.430182 1.420254 -0.264503 1.169948 -0.1390579 1.233865 -0.705952 0.03612196 -0.264503 0.441832 -2.101573 0.249933 -2.101573 0.249933 -0.264503 0.441832 -0.364058 0.541386 -2.101573 0.249933 -0.364058 0.541386 -0.427975 0.666832 0.705952 0.03612196 0 0.35589 -0.705952 0.03612196 -0.705952 0.03612196 0 0.35589 -0.1390579 0.377914 -0.705952 0.03612196 -0.1390579 0.377914 -0.264503 0.441832 2.101573 0.249933 0.264503 0.441832 0.705952 0.03612196 0.705952 0.03612196 0.264503 0.441832 0.1390579 0.377914 0.705952 0.03612196 0.1390579 0.377914 0 0.35589 0.430182 1.420254 0.364058 1.070393 2.101573 0.249933 2.101573 0.249933 0.364058 1.070393 0.427975 0.944947 2.101573 0.249933 0.427975 0.944947 0.45 0.80589 0.225529 1.521178 0 1.25589 0.430182 1.420254 0.430182 1.420254 0 1.25589 0.1390579 1.233865 0.430182 1.420254 0.1390579 1.233865 0.264503 1.169948 0.225529 1.521178 0 1.55589 0 1.25589 0 1.25589 0 1.55589 -0.225529 1.521178 0 1.25589 -0.225529 1.521178 -0.430182 1.420254 0.45 0.80589 0.427975 0.666832 2.101573 0.249933 2.101573 0.249933 0.427975 0.666832 0.364058 0.541386 2.101573 0.249933 0.364058 0.541386 0.264503 0.441832 -0.427975 0.666832 -0.45 0.80589 -2.101573 0.249933 -2.101573 0.249933 -0.45 0.80589 -0.427975 0.944947 -2.101573 0.249933 -0.427975 0.944947 -0.364058 1.070393 -0.1390579 1.233865 0 1.25589 -0.430182 1.420254 0.264503 1.169948 0.364058 1.070393 0.430182 1.420254 0.532651 0.02521896 -0.1623629 1.698817 -0.637669 1.69661 -0.637669 1.69661 -0.1623629 1.698817 -0.287808 1.762735 -0.637669 1.69661 -0.287808 1.762735 -0.387363 1.862289 0.66609 0.718965 0.115753 1.698817 0.532651 0.02521896 0.532651 0.02521896 0.115753 1.698817 -0.02330499 1.676792 0.532651 0.02521896 -0.02330499 1.676792 -0.1623629 1.698817 0.746463 1.42084 0.340753 1.862289 0.66609 0.718965 0.66609 0.718965 0.340753 1.862289 0.241198 1.762735 0.66609 0.718965 0.241198 1.762735 0.115753 1.698817 0.340753 1.862289 0.746463 1.42084 0.40467 1.987735 0.40467 1.987735 0.746463 1.42084 0.773305 2.126792 0.40467 1.987735 0.773305 2.126792 0.426695 2.126792 0.426695 2.126792 0.773305 2.126792 0.40467 2.26585 0.40467 2.26585 0.773305 2.126792 0.746463 2.832744 0.40467 2.26585 0.746463 2.832744 0.340753 2.391296 0.340753 2.391296 0.746463 2.832744 0.66609 3.53462 0.340753 2.391296 0.66609 3.53462 0.241198 2.49085 0.241198 2.49085 0.66609 3.53462 0.115753 2.554768 0.115753 2.554768 0.66609 3.53462 0.532651 4.228366 0.115753 2.554768 0.532651 4.228366 -0.02330499 2.576792 -0.02330499 2.576792 0.532651 4.228366 -0.1623629 2.554768 -0.1623629 2.554768 0.532651 4.228366 -0.637669 2.556975 -0.1623629 2.554768 -0.637669 2.556975 -0.287808 2.49085 -0.287808 2.49085 -0.637669 2.556975 -0.387363 2.391296 -0.387363 2.391296 -0.637669 2.556975 -0.451281 2.26585 -0.451281 2.26585 -0.637669 2.556975 -0.473305 2.126792 -0.473305 2.126792 -0.637669 2.556975 -0.711967 2.423852 -0.473305 2.126792 -0.711967 2.423852 -0.757811 2.278455 -0.757811 2.278455 -0.773305 2.126792 -0.473305 2.126792 -0.473305 2.126792 -0.773305 2.126792 -0.757811 1.975129 -0.473305 2.126792 -0.757811 1.975129 -0.711967 1.829732 -0.711967 1.829732 -0.637669 1.69661 -0.473305 2.126792 -0.473305 2.126792 -0.637669 1.69661 -0.451281 1.987735 -0.451281 1.987735 -0.637669 1.69661 -0.387363 1.862289 -0.01224195 -2.076276 -0.555586 -0.905759 -2.052634 -2.076276 -2.052634 -2.076276 -0.555586 -0.905759 -1.074884 0.168413 -2.052634 -2.076276 -1.074884 0.168413 -1.573018 1.152431 -1.573018 1.152431 -2.052634 2.051509 -2.052634 -2.076276 0.110886 0.903472 -0.252307 0.903472 0.212132 0.829913 0.212132 0.829913 -0.252307 0.903472 -0.353553 0.829913 0.212132 0.829913 -0.353553 0.829913 -0.427113 0.728666 -0.008136987 0.942145 -0.133284 0.942145 0.110886 0.903472 0.110886 0.903472 -0.133284 0.942145 -0.252307 0.903472 0.212132 0.829913 -0.427113 0.728666 0.353553 0.688491 0.353553 0.688491 -0.427113 0.728666 -0.465786 0.609644 0.353553 0.688491 -0.465786 0.609644 -0.465786 0.484496 0.353553 0.688491 -0.465786 0.484496 0.417121 0.605649 0.417121 0.605649 -0.465786 0.484496 -0.427113 0.365474 0.417121 0.605649 -0.427113 0.365474 0.457081 0.509176 0.457081 0.509176 -0.427113 0.365474 -0.353553 0.264227 0.457081 0.509176 -0.353553 0.264227 0.470711 0.405649 0.470711 0.405649 -0.353553 0.264227 0.453487 0.289535 0.453487 0.289535 -0.353553 0.264227 -0.212132 0.122806 0.453487 0.289535 -0.212132 0.122806 0.403299 0.18342 0.403299 0.18342 -0.212132 0.122806 0.324468 0.09644401 0.324468 0.09644401 -0.212132 0.122806 -0.117848 0.05287998 0.324468 0.09644401 -0.117848 0.05287998 0.223784 0.03609699 0.223784 0.03609699 -0.117848 0.05287998 -0.007324993 0.01333397 0.223784 0.03609699 -0.007324993 0.01333397 0.1099179 0.007574975 -0.131246 -0.19635 0.01458299 -0.19635 -0.131246 -0.176715 -0.131246 0.1570799 0.01458299 0.1570799 -0.131246 0.176715 -0.131246 0.11781 0.01458299 0.11781 -0.131246 0.137445 -0.131246 0.07853996 0.01458299 0.07853996 -0.131246 0.09817498 -0.131246 0.03926998 0.01458299 0.03926998 -0.131246 0.05890494 -0.131246 0.176715 0.01458299 0.176715 -0.131246 0.19635 -0.131246 0.05890494 0.01458299 0.05890494 -0.131246 0.07853996 -0.131246 0.09817498 0.01458299 0.09817498 -0.131246 0.11781 -0.131246 0.137445 0.01458299 0.137445 -0.131246 0.1570799 -0.131246 -0.176715 0.01458299 -0.176715 -0.131246 -0.1570799 -0.131246 -0.19635 0.01458299 -0.19635 -0.131246 -0.176715 -0.131246 0.19635 -0.131246 0.176715 0.01458299 0.176715 0.01458299 0.176715 -0.131246 0.176715 -0.131246 0.1570799 -0.131246 0.11781 0.01458299 0.11781 -0.131246 0.137445 -0.131246 0.11781 -0.131246 0.09817498 0.01458299 0.11781 -0.131246 0.09817498 -0.131246 0.07853996 0.01458299 0.07853996 0.01458299 0.07853996 -0.131246 0.07853996 -0.131246 0.05890494 -0.131246 0.03926998 0.01458299 0.03926998 -0.131246 0.05890494 -0.131246 0.137445 0.01458299 0.137445 -0.131246 0.1570799 -0.131246 -0.176715 0.01458299 -0.176715 -0.131246 -0.1570799 -0.5 0.314159 -0.5 0.2094399 0.5 0.314159 0.5 0.314159 -0.5 0.2094399 0.5 0.2094399 0.5 0.2094399 -0.5 0.2094399 -0.5 0.1047199 0.5 0.2094399 -0.5 0.1047199 0.5 0.1047199 0.5 0.1047199 -0.5 0.1047199 0.5 0 0.5 0 -0.5 0.1047199 -0.5 0 1 0 -1 0 1 -0.141372 1 -0.141372 -1 0 -1 -0.141372 1 -0.141372 -1 -0.141372 1 -0.282743 1 -0.282743 -1 -0.141372 -1 -0.282743 1 -0.282743 -1 -0.282743 1 -0.424115 1 -0.424115 -1 -0.282743 -1 -0.424115 1 -0.424115 -1 -0.424115 1 -0.565487 1 -0.565487 -1 -0.424115 -1 -0.565487 1 -0.565487 -1 -0.565487 1 -0.706858 1 -0.706858 -1 -0.565487 -1 -0.706858 1 -0.706858 -1 -0.706858 1 -0.84823 1 -0.84823 -1 -0.706858 -1 -0.84823 1 -0.84823 -1 -0.84823 1 -0.989602 1 -0.989602 -1 -0.84823 -1 -0.989602 1 -0.989602 -1 -0.989602 1 -1.130973 1 -1.130973 -1 -0.989602 -1 -1.130973 1 -1.130973 -1 -1.130973 1 -1.272345 1 -1.272345 -1 -1.130973 -1 -1.272345 1 -1.272345 -1 -1.272345 1 -1.413717 1 -1.413717 -1 -1.272345 -1 -1.413717 1 0 -1 0 1 -0.141372 1 -0.141372 -1 0 -1 -0.141372 1 -0.141372 -1 -0.141372 1 -0.282743 1 -0.282743 -1 -0.141372 -1 -0.282743 1 -0.282743 -1 -0.282743 1 -0.424115 1 -0.424115 -1 -0.282743 -1 -0.424115 1 -0.424115 -1 -0.424115 1 -0.565487 1 -0.565487 -1 -0.424115 -1 -0.565487 1 -0.565487 -1 -0.565487 1 -0.706858 1 -0.706858 -1 -0.565487 -1 -0.706858 1 -0.706858 -1 -0.706858 1 -0.84823 1 -0.84823 -1 -0.706858 -1 -0.84823 1 -0.84823 -1 -0.84823 1 -0.989602 1 -0.989602 -1 -0.84823 -1 -0.989602 1 -0.989602 -1 -0.989602 1 -1.130973 1 -1.130973 -1 -0.989602 -1 -1.130973 1 -1.130973 -1 -1.130973 1 -1.272345 1 -1.272345 -1 -1.130973 -1 -1.272345 1 -1.272345 -1 -1.272345 1 -1.413717 1 -1.413717 -1 -1.272345 -1 -1.413717 1 0 -1 0 1 -0.141372 1 -0.141372 -1 0 -1 -0.141372 1 -0.141372 -1 -0.141372 1 -0.282743 1 -0.282743 -1 -0.141372 -1 -0.282743 1 -0.282743 -1 -0.282743 1 -0.424115 1 -0.424115 -1 -0.282743 -1 -0.424115 1 -0.424115 -1 -0.424115 1 -0.565487 1 -0.565487 -1 -0.424115 -1 -0.565487 1 -0.565487 -1 -0.565487 1 -0.706858 1 -0.706858 -1 -0.565487 -1 -0.706858 1 -0.706858 -1 -0.706858 1 -0.84823 1 -0.84823 -1 -0.706858 -1 -0.84823 1 -0.84823 -1 -0.84823 1 -0.989602 1 -0.989602 -1 -0.84823 -1 -0.989602 1 -0.989602 -1 -0.989602 1 -1.130973 1 -1.130973 -1 -0.989602 -1 -1.130973 1 -1.130973 -1 -1.130973 1 -1.272345 1 -1.272345 -1 -1.130973 -1 -1.272345 1 -1.272345 -1 -1.272345 1 -1.413717 1 -1.413717 -1 -1.272345 -1 -1.413717 1 0 -1 0 1 -0.141372 1 -0.141372 -1 0 -1 -0.141372 1 -0.141372 -1 -0.141372 1 -0.282743 1 -0.282743 -1 -0.141372 -1 -0.282743 1 -0.282743 -1 -0.282743 1 -0.424115 1 -0.424115 -1 -0.282743 -1 -0.424115 1 -0.424115 -1 -0.424115 1 -0.565487 1 -0.565487 -1 -0.424115 -1 -0.565487 1 -0.565487 -1 -0.565487 1 -0.706858 1 -0.706858 -1 -0.565487 -1 -0.706858 1 -0.706858 -1 -0.706858 1 -0.84823 1 -0.84823 -1 -0.706858 -1 -0.84823 1 -0.84823 -1 -0.84823 1 -0.989602 1 -0.989602 -1 -0.84823 -1 -0.989602 1 -0.989602 -1 -0.989602 1 -1.130973 1 -1.130973 -1 -0.989602 -1 -1.130973 1 -1.130973 -1 -1.130973 1 -1.272345 1 -1.272345 -1 -1.130973 -1 -1.272345 1 -1.272345 -1 -1.272345 1 -1.413717 1 -1.413717 -1 -1.272345 -1 -1.413717 -0.164884 22.98425 0.535116 22.98425 -0.535116 24.25399 -0.535116 24.25399 0.535116 22.98425 0.535116 24.35643 -0.535116 24.25399 0.535116 24.35643 -0.535116 25.65177 -0.535116 25.65177 0.535116 24.35643 0.535116 25.7286 -0.535116 25.65177 0.535116 25.7286 -0.535116 27.04956 -0.535116 27.04956 0.535116 25.7286 0.535116 27.10078 -0.535116 27.04956 0.535116 27.10078 -0.535116 28.44734 -0.535116 28.44734 0.535116 27.10078 0.535116 28.47295 -0.535116 28.44734 0.535116 28.47295 -0.535116 29.84513 -0.535116 29.84513 0.535116 28.47295 0.535116 29.84513 -0.535116 22.85619 -0.451693 22.91102 -0.535116 24.25399 -0.535116 24.25399 -0.451693 22.91102 -0.359292 22.95177 -0.535116 24.25399 -0.359292 22.95177 -0.261994 22.97616 -0.261994 22.97616 -0.164884 22.98425 -0.535116 24.25399 -0.557023 3.935258 0.06237995 5.047241 -0.557023 5.340707 -0.557023 5.340707 0.06237995 5.047241 -0.05366694 5.172405 -0.557023 5.340707 -0.05366694 5.172405 -0.09336596 5.252792 -0.557023 2.529809 4.709441 3.402461 -0.557023 3.935258 -0.557023 3.935258 4.709441 3.402461 3.473501 3.749353 -0.557023 3.935258 3.473501 3.749353 2.339291 4.110457 -0.557023 1.124359 5.013209 1.525916 -0.557023 2.529809 -0.557023 2.529809 5.013209 1.525916 5.013209 2.797513 -0.557023 2.529809 5.013209 2.797513 4.709441 3.402461 4.709441 3.402461 5.013209 2.797513 5.013209 4.06911 4.709441 3.402461 5.013209 4.06911 4.709441 4.048543 4.709441 4.048543 5.013209 4.06911 4.709441 4.694625 4.709441 4.694625 5.013209 4.06911 5.013209 5.340707 4.709441 4.694625 5.013209 5.340707 4.709441 5.340707 5.013209 1.525916 -0.557023 1.124359 5.013209 0.254319 5.013209 0.254319 -0.557023 1.124359 -0.557023 -0.28109 5.013209 0.254319 -0.557023 -0.28109 5.013209 -1.017278 5.013209 -1.017278 -0.557023 -0.28109 -0.557023 -1.686539 5.013209 -1.017278 -0.557023 -1.686539 5.013209 -2.288875 5.013209 -2.288875 -0.557023 -1.686539 -0.557023 -3.091989 5.013209 -2.288875 -0.557023 -3.091989 5.013209 -3.560472 5.013209 -3.560472 -0.557023 -3.091989 -0.557023 -4.497438 5.013209 -3.560472 -0.557023 -4.497438 5.013209 -4.832069 5.013209 -4.832069 -0.557023 -4.497438 -0.557023 -5.902887 5.013209 -4.832069 -0.557023 -5.902887 4.709441 -6.072814 4.709441 -6.072814 -0.557023 -5.902887 3.473501 -6.419707 3.473501 -6.419707 -0.557023 -5.902887 2.339291 -6.780811 2.339291 -6.780811 -0.557023 -5.902887 -0.557023 -7.308337 2.339291 -6.780811 -0.557023 -7.308337 1.300272 -7.156672 1.300272 -7.156672 -0.557023 -7.308337 0.350943 -7.547823 0.350943 -7.547823 -0.557023 -7.308337 0.06237995 -7.717594 0.06237995 -7.717594 -0.557023 -7.308337 -0.05366694 -7.842759 -0.05366694 -7.842759 -0.557023 -7.308337 -0.09336596 -7.923146 -0.09336596 -7.923146 -0.557023 -7.308337 -0.104324 -7.967138 -0.104324 -7.967138 -0.557023 -7.308337 -0.10807 -8.011062 -0.10807 -8.011062 -0.557023 -7.308337 -0.557023 -8.713787 -0.10807 -8.011062 -0.557023 -8.713787 -0.104324 -8.054985 -0.104324 -8.054985 -0.557023 -8.713787 -0.09336596 -8.098978 -0.09336596 -8.098978 -0.557023 -8.713787 -0.05366694 -8.179365 -0.05366694 -8.179365 -0.557023 -8.713787 0.06237995 -8.304529 0.06237995 -8.304529 -0.557023 -8.713787 0.350943 -8.4743 0.350943 -8.4743 -0.557023 -8.713787 1.300272 -8.865451 1.300272 -8.865451 -0.557023 -8.713787 2.339291 -9.241312 2.339291 -9.241312 -0.557023 -8.713787 -0.557023 -10.11923 2.339291 -9.241312 -0.557023 -10.11923 3.473501 -9.602416 3.473501 -9.602416 -0.557023 -10.11923 4.709441 -9.949309 4.709441 -9.949309 -0.557023 -10.11923 5.013209 -11.19005 4.709441 -9.949309 5.013209 -11.19005 5.013209 -9.918457 -0.557023 -10.11923 -0.557023 -11.52468 5.013209 -11.19005 5.013209 -11.19005 -0.557023 -11.52468 5.013209 -12.46165 5.013209 -12.46165 -0.557023 -11.52468 -0.557023 -12.93013 5.013209 -12.46165 -0.557023 -12.93013 5.013209 -13.73325 5.013209 -13.73325 -0.557023 -12.93013 -0.557023 -14.33558 5.013209 -13.73325 -0.557023 -14.33558 5.013209 -15.00484 5.013209 -15.00484 -0.557023 -14.33558 -0.557023 -15.74103 5.013209 -15.00484 -0.557023 -15.74103 5.013209 -16.27644 5.013209 -16.27644 -0.557023 -15.74103 -0.557023 -17.14648 5.013209 -16.27644 -0.557023 -17.14648 5.013209 -17.54804 5.013209 -17.54804 -0.557023 -17.14648 -0.557023 -18.55193 5.013209 -17.54804 -0.557023 -18.55193 5.013209 -18.81964 5.013209 -18.81964 -0.557023 -18.55193 4.709441 -19.42458 5.013209 -18.81964 4.709441 -19.42458 5.013209 -20.09123 5.013209 -20.09123 4.709441 -19.42458 4.709441 -20.07066 5.013209 -20.09123 4.709441 -20.07066 4.709441 -20.71675 -0.557023 -18.55193 -0.557023 -19.95738 4.709441 -19.42458 4.709441 -19.42458 -0.557023 -19.95738 3.473501 -19.77148 3.473501 -19.77148 -0.557023 -19.95738 2.339291 -20.13258 2.339291 -20.13258 -0.557023 -19.95738 1.300272 -20.50844 1.300272 -20.50844 -0.557023 -19.95738 0.350943 -20.89959 0.350943 -20.89959 -0.557023 -19.95738 -0.557023 -21.36283 0.350943 -20.89959 -0.557023 -21.36283 0.06237995 -21.06937 0.06237995 -21.06937 -0.557023 -21.36283 -0.05366694 -21.19453 -0.05366694 -21.19453 -0.557023 -21.36283 -0.09336596 -21.27491 -0.09336596 -21.27491 -0.557023 -21.36283 -0.104324 -21.31891 -0.104324 -21.31891 -0.557023 -21.36283 -0.10807 -21.36283 4.709441 -21.36283 5.013209 -21.36283 4.709441 -20.71675 4.709441 -20.71675 5.013209 -21.36283 5.013209 -20.09123 4.709441 -9.949309 5.013209 -9.918457 4.709441 -8.657144 4.709441 -8.657144 5.013209 -9.918457 5.013209 -8.646861 4.709441 -8.657144 5.013209 -8.646861 5.013209 -7.375263 4.709441 -8.657144 5.013209 -7.375263 4.709441 -7.364979 4.709441 -7.364979 5.013209 -7.375263 5.013209 -6.103666 4.709441 -7.364979 5.013209 -6.103666 4.709441 -6.072814 4.709441 -6.072814 5.013209 -6.103666 5.013209 -4.832069 2.339291 4.110457 1.300272 4.486318 -0.557023 3.935258 -0.557023 3.935258 1.300272 4.486318 0.350943 4.877469 -0.557023 3.935258 0.350943 4.877469 0.06237995 5.047241 -0.09336596 5.252792 -0.104324 5.296784 -0.557023 5.340707 -0.557023 5.340707 -0.104324 5.296784 -0.10807 5.340707 -1 0 1 0 -1 0.141372 -1 0.141372 1 0 1 0.141372 -1 0.141372 1 0.141372 -1 0.282743 -1 0.282743 1 0.141372 1 0.282743 -1 0.282743 1 0.282743 -1 0.424115 -1 0.424115 1 0.282743 1 0.424115 -1 0.424115 1 0.424115 -1 0.565487 -1 0.565487 1 0.424115 1 0.565487 -1 0.565487 1 0.565487 -1 0.706858 -1 0.706858 1 0.565487 1 0.706858 -1 0.706858 1 0.706858 -1 0.84823 -1 0.84823 1 0.706858 1 0.84823 -1 0.84823 1 0.84823 -1 0.989602 -1 0.989602 1 0.84823 1 0.989602 -1 0.989602 1 0.989602 -1 1.130973 -1 1.130973 1 0.989602 1 1.130973 -1 1.130973 1 1.130973 -1 1.272345 -1 1.272345 1 1.130973 1 1.272345 -1 1.272345 1 1.272345 -1 1.413717 -1 1.413717 1 1.272345 1 1.413717 -1 0 1 0 -1 0.141372 -1 0.141372 1 0 1 0.141372 -1 0.141372 1 0.141372 -1 0.282743 -1 0.282743 1 0.141372 1 0.282743 -1 0.282743 1 0.282743 -1 0.424115 -1 0.424115 1 0.282743 1 0.424115 -1 0.424115 1 0.424115 -1 0.565487 -1 0.565487 1 0.424115 1 0.565487 -1 0.565487 1 0.565487 -1 0.706858 -1 0.706858 1 0.565487 1 0.706858 -1 0.706858 1 0.706858 -1 0.84823 -1 0.84823 1 0.706858 1 0.84823 -1 0.84823 1 0.84823 -1 0.989602 -1 0.989602 1 0.84823 1 0.989602 -1 0.989602 1 0.989602 -1 1.130973 -1 1.130973 1 0.989602 1 1.130973 -1 1.130973 1 1.130973 -1 1.272345 -1 1.272345 1 1.130973 1 1.272345 -1 1.272345 1 1.272345 -1 1.413717 -1 1.413717 1 1.272345 1 1.413717 -1 0 1 0 -1 0.141372 -1 0.141372 1 0 1 0.141372 -1 0.141372 1 0.141372 -1 0.282743 -1 0.282743 1 0.141372 1 0.282743 -1 0.282743 1 0.282743 -1 0.424115 -1 0.424115 1 0.282743 1 0.424115 -1 0.424115 1 0.424115 -1 0.565487 -1 0.565487 1 0.424115 1 0.565487 -1 0.565487 1 0.565487 -1 0.706858 -1 0.706858 1 0.565487 1 0.706858 -1 0.706858 1 0.706858 -1 0.84823 -1 0.84823 1 0.706858 1 0.84823 -1 0.84823 1 0.84823 -1 0.989602 -1 0.989602 1 0.84823 1 0.989602 -1 0.989602 1 0.989602 -1 1.130973 -1 1.130973 1 0.989602 1 1.130973 -1 1.130973 1 1.130973 -1 1.272345 -1 1.272345 1 1.130973 1 1.272345 -1 1.272345 1 1.272345 -1 1.413717 -1 1.413717 1 1.272345 1 1.413717 -1 0 1 0 -1 0.141372 -1 0.141372 1 0 1 0.141372 -1 0.141372 1 0.141372 -1 0.282743 -1 0.282743 1 0.141372 1 0.282743 -1 0.282743 1 0.282743 -1 0.424115 -1 0.424115 1 0.282743 1 0.424115 -1 0.424115 1 0.424115 -1 0.565487 -1 0.565487 1 0.424115 1 0.565487 -1 0.565487 1 0.565487 -1 0.706858 -1 0.706858 1 0.565487 1 0.706858 -1 0.706858 1 0.706858 -1 0.84823 -1 0.84823 1 0.706858 1 0.84823 -1 0.84823 1 0.84823 -1 0.989602 -1 0.989602 1 0.84823 1 0.989602 -1 0.989602 1 0.989602 -1 1.130973 -1 1.130973 1 0.989602 1 1.130973 -1 1.130973 1 1.130973 -1 1.272345 -1 1.272345 1 1.130973 1 1.272345 -1 1.272345 1 1.272345 -1 1.413717 -1 1.413717 1 1.272345 1 1.413717 0 -29.76142 0.217884 -29.76142 0 -28.34421 0 -28.34421 0.217884 -29.76142 0.628319 -28.30965 0 -28.34421 0.628319 -28.30965 0 -26.927 0 -26.927 0.628319 -28.30965 0.628319 -26.85787 0 -26.927 0.628319 -26.85787 0 -25.50979 0 -25.50979 0.628319 -26.85787 0.628319 -25.40609 0 -25.50979 0.628319 -25.40609 0 -24.09258 0 -24.09258 0.628319 -25.40609 0.628319 -23.95432 0 -24.09258 0.628319 -23.95432 0 -22.67537 0 -22.67537 0.628319 -23.95432 0.628319 -22.50254 0 -22.67537 0.628319 -22.50254 0 -21.25816 0 -21.25816 0.628319 -22.50254 0.628319 -21.05076 0 -21.25816 0.628319 -21.05076 0 -19.84095 0 -19.84095 0.628319 -21.05076 0.628319 -19.59899 0 -19.84095 0.628319 -19.59899 0 -18.42374 0 -18.42374 0.628319 -19.59899 0.628319 -18.14721 0 -18.42374 0.628319 -18.14721 0 -17.00653 0 -17.00653 0.628319 -18.14721 0.628319 -16.69543 0 -17.00653 0.628319 -16.69543 0 -15.58932 0 -15.58932 0.628319 -16.69543 0.628319 -15.24366 0 -15.58932 0.628319 -15.24366 0 -14.17211 0 -14.17211 0.628319 -15.24366 0.628319 -13.79188 0 -14.17211 0.628319 -13.79188 0 -12.7549 0 -12.7549 0.628319 -13.79188 0.628319 -12.3401 0 -12.7549 0.628319 -12.3401 0 -11.33769 0 -11.33769 0.628319 -12.3401 0.628319 -10.88833 0 -11.33769 0.628319 -10.88833 0 -9.920475 0 -9.920475 0.628319 -10.88833 0.628319 -9.43655 0 -9.920475 0.628319 -9.43655 0 -8.503265 0 -8.503265 0.628319 -9.43655 0.628319 -7.984772 0 -8.503265 0.628319 -7.984772 0 -7.086053 0 -7.086053 0.628319 -7.984772 0.628319 -6.532996 0 -7.086053 0.628319 -6.532996 0 -5.668843 0 -5.668843 0.628319 -6.532996 0.628319 -5.081219 0 -5.668843 0.628319 -5.081219 0 -4.251632 0 -4.251632 0.628319 -5.081219 0.628319 -3.629442 0 -4.251632 0.628319 -3.629442 0 -2.834421 0 -2.834421 0.628319 -3.629442 0.628319 -2.177665 0 -2.834421 0.628319 -2.177665 0 -1.417211 0 -1.417211 0.628319 -2.177665 0.628319 -0.725888 0 -1.417211 0.628319 -0.725888 0.217884 0 0.217884 0 0.628319 -0.725888 0.435769 0 0.435769 0 0.628319 -0.725888 0.653653 0 0.653653 0 0.628319 -0.725888 0.653653 -1.417211 0.653653 -1.417211 0.628319 -0.725888 0.628319 -2.177665 0.653653 -1.417211 0.628319 -2.177665 0.653653 -2.834421 0.653653 -2.834421 0.628319 -2.177665 0.628319 -3.629442 0.653653 -2.834421 0.628319 -3.629442 0.653653 -4.251632 0.653653 -4.251632 0.628319 -3.629442 0.628319 -5.081219 0.653653 -4.251632 0.628319 -5.081219 0.653653 -5.668843 0.653653 -5.668843 0.628319 -5.081219 0.628319 -6.532996 0.653653 -5.668843 0.628319 -6.532996 0.653653 -7.086053 0.653653 -7.086053 0.628319 -6.532996 0.628319 -7.984772 0.653653 -7.086053 0.628319 -7.984772 0.653653 -8.503265 0.653653 -8.503265 0.628319 -7.984772 0.628319 -9.43655 0.653653 -8.503265 0.628319 -9.43655 0.653653 -9.920475 0.653653 -9.920475 0.628319 -9.43655 0.628319 -10.88833 0.653653 -9.920475 0.628319 -10.88833 0.653653 -11.33769 0.653653 -11.33769 0.628319 -10.88833 0.628319 -12.3401 0.653653 -11.33769 0.628319 -12.3401 0.653653 -12.7549 0.653653 -12.7549 0.628319 -12.3401 0.628319 -13.79188 0.653653 -12.7549 0.628319 -13.79188 0.653653 -14.17211 0.653653 -14.17211 0.628319 -13.79188 0.628319 -15.24366 0.653653 -14.17211 0.628319 -15.24366 0.653653 -15.58932 0.653653 -15.58932 0.628319 -15.24366 0.628319 -16.69543 0.653653 -15.58932 0.628319 -16.69543 0.653653 -17.00653 0.653653 -17.00653 0.628319 -16.69543 0.628319 -18.14721 0.653653 -17.00653 0.628319 -18.14721 0.653653 -18.42374 0.653653 -18.42374 0.628319 -18.14721 0.628319 -19.59899 0.653653 -18.42374 0.628319 -19.59899 0.653653 -19.84095 0.653653 -19.84095 0.628319 -19.59899 0.628319 -21.05076 0.653653 -19.84095 0.628319 -21.05076 0.653653 -21.25816 0.653653 -21.25816 0.628319 -21.05076 0.628319 -22.50254 0.653653 -21.25816 0.628319 -22.50254 0.653653 -22.67537 0.653653 -22.67537 0.628319 -22.50254 0.628319 -23.95432 0.653653 -22.67537 0.628319 -23.95432 0.653653 -24.09258 0.653653 -24.09258 0.628319 -23.95432 0.628319 -25.40609 0.653653 -24.09258 0.628319 -25.40609 0.653653 -25.50979 0.653653 -25.50979 0.628319 -25.40609 0.628319 -26.85787 0.653653 -25.50979 0.628319 -26.85787 0.653653 -26.927 0.653653 -26.927 0.628319 -26.85787 0.628319 -28.30965 0.653653 -26.927 0.628319 -28.30965 0.653653 -28.34421 0.653653 -28.34421 0.628319 -28.30965 0.653653 -29.76142 0.653653 -29.76142 0.628319 -28.30965 0.435769 -29.76142 0.435769 -29.76142 0.628319 -28.30965 0.217884 -29.76142 0.217884 0 0 0 0 -1.417211 0.5 0 0.5 0.1256639 -0.5 0 -0.5 0 0.5 0.1256639 -0.5 0.1256639 -0.5 0.1256639 0.5 0.1256639 -0.5 0.251327 -0.5 0.251327 0.5 0.1256639 0.5 0.251327 -0.5 0.251327 0.5 0.251327 -0.5 0.376991 -0.5 0.376991 0.5 0.251327 0.5 0.376991 -0.5 0.376991 0.5 0.376991 -0.5 0.502655 -0.5 0.502655 0.5 0.376991 0.5 0.502655 -0.5 0.502655 0.5 0.502655 -0.5 0.628319 -0.5 0.628319 0.5 0.502655 0.5 0.628319 -0.5 0.628319 0.5 0.628319 -0.5 0.753982 -0.5 0.753982 0.5 0.628319 0.5 0.753982 -0.5 0.753982 0.5 0.753982 -0.5 0.879646 -0.5 0.879646 0.5 0.753982 0.5 0.879646 -0.5 0.879646 0.5 0.879646 -0.5 1.00531 -0.5 1.00531 0.5 0.879646 0.5 1.00531 -0.5 1.00531 0.5 1.00531 -0.5 1.130973 -0.5 1.130973 0.5 1.00531 0.5 1.130973 -0.5 1.130973 0.5 1.130973 -0.5 1.256637 -0.5 1.256637 0.5 1.130973 0.5 1.256637 -0.380423 0.281193 0.380423 0.281193 -0.4 0.4048 -0.4 0.4048 0.380423 0.281193 0.4 0.4048 -0.4 0.4048 0.4 0.4048 -0.380423 0.528407 -0.380423 0.528407 0.4 0.4048 0.380423 0.528407 -0.380423 0.528407 0.380423 0.528407 -0.323607 0.639914 -0.323607 0.639914 0.380423 0.528407 0.323607 0.639914 -0.323607 0.639914 0.323607 0.639914 -0.235114 0.728407 -0.235114 0.728407 0.323607 0.639914 0.235114 0.728407 -0.235114 0.728407 0.235114 0.728407 -0.123607 0.785223 -0.123607 0.785223 0.235114 0.728407 0.123607 0.785223 -0.123607 0.785223 0.123607 0.785223 0 0.8048 0.380423 0.281193 -0.380423 0.281193 0.323607 0.169686 0.323607 0.169686 -0.380423 0.281193 -0.323607 0.169686 0.323607 0.169686 -0.323607 0.169686 0.235114 0.08119297 0.235114 0.08119297 -0.323607 0.169686 -0.235114 0.08119297 0.235114 0.08119297 -0.235114 0.08119297 0.123607 0.02437698 0.123607 0.02437698 -0.235114 0.08119297 -0.123607 0.02437698 0.123607 0.02437698 -0.123607 0.02437698 0 0.004799962 0.5 0.314159 0.5 0.439823 -0.5 0.314159 -0.5 0.314159 0.5 0.439823 -0.5 0.439823 -0.5 0.439823 0.5 0.439823 0.5 0.565487 -0.5 0.439823 0.5 0.565487 -0.5 0.565487 -0.5 0.565487 0.5 0.565487 0.5 0.69115 -0.5 0.565487 0.5 0.69115 -0.5 0.69115 -0.5 0.69115 0.5 0.69115 0.5 0.816814 -0.5 0.69115 0.5 0.816814 -0.5 0.816814 -0.5 0.816814 0.5 0.816814 0.5 0.942478 -0.5 0.816814 0.5 0.942478 -0.5 0.942478 -0.5 0.942478 0.5 0.942478 -0.5 1.068141 -0.5 1.068141 0.5 0.942478 0.5 1.068141 -0.5 1.068141 0.5 1.068141 -0.5 1.193805 -0.5 1.193805 0.5 1.068141 0.5 1.193805 -0.5 1.193805 0.5 1.193805 -0.5 1.319469 -0.5 1.319469 0.5 1.193805 0.5 1.319469 -0.5 -1.193805 0.5 -1.193805 -0.5 -1.068141 -0.5 -1.068141 0.5 -1.193805 0.5 -1.068141 -0.5 -1.068141 0.5 -1.068141 0.5 -0.942478 0.5 -0.942478 -0.5 -0.942478 -0.5 -1.068141 -0.2 -0.5 0 -0.5 -0.2 0.5 -0.2 0.5 0 -0.5 0 0.5 -0.5 -0.942478 0.5 -0.942478 -0.5 -0.824668 -0.5 -0.824668 0.5 -0.942478 0.5 -0.824668 -0.5 -0.824668 0.5 -0.824668 -0.5 -0.706858 -0.5 -0.706858 0.5 -0.824668 0.5 -0.706858 -0.5 -0.706858 0.5 -0.706858 0.5 -0.589049 -0.5 -0.706858 0.5 -0.589049 -0.5 -0.589049 -0.5 -0.589049 0.5 -0.589049 0.5 -0.471239 -0.5 -0.589049 0.5 -0.471239 -0.5 -0.471239 -0.5 -0.471239 0.5 -0.471239 0.5 -0.353429 -0.5 -0.471239 0.5 -0.353429 -0.5 -0.353429 -0.5 -0.353429 0.5 -0.353429 0.5 -0.235619 -0.5 -0.353429 0.5 -0.235619 -0.5 -0.235619 -0.5 -0.235619 0.5 -0.235619 0.5 -0.11781 -0.5 -0.235619 0.5 -0.11781 -0.5 -0.11781 -0.5 -0.11781 0.5 -0.11781 -0.5 0 -0.5 0 0.5 -0.11781 0.5 0 0 -0.5 0.2 -0.5 0 0.5 0 0.5 0.2 -0.5 0.2 0.5 -0.9 -0.125 0 -0.125 -0.9 0.125 -0.9 0.125 0 -0.125 0 0.125 0.125 1.178097 0.125 1.335177 -0.125 1.178097 -0.125 1.178097 0.125 1.335177 -0.125 1.335177 -0.125 1.335177 0.125 1.335177 0.125 1.492257 -0.125 1.335177 0.125 1.492257 -0.125 1.492257 -0.125 1.492257 0.125 1.492257 0.125 1.649336 -0.125 1.492257 0.125 1.649336 -0.125 1.649336 -0.125 -1.492257 0.125 -1.492257 0.125 -1.335177 -0.125 -1.492257 0.125 -1.335177 -0.125 -1.335177 -0.125 -1.335177 0.125 -1.335177 0.125 -1.178097 -0.125 -1.335177 0.125 -1.178097 -0.125 -1.178097 -0.125 0.392699 0.125 0.392699 -0.125 0.549779 -0.125 0.549779 0.125 0.392699 0.125 0.549779 -0.125 0.549779 0.125 0.549779 -0.125 0.706858 -0.125 0.706858 0.125 0.549779 0.125 0.706858 -0.125 0.706858 0.125 0.706858 0.125 0.863938 -0.125 0.706858 0.125 0.863938 -0.125 0.863938 -0.125 0.863938 0.125 0.863938 0.125 1.021018 -0.125 0.863938 0.125 1.021018 -0.125 1.021018 -0.125 1.021018 0.125 1.021018 0.125 1.178097 -0.125 1.021018 0.125 1.178097 -0.125 1.178097 -0.131246 0 0.01458299 0 -0.131246 0.01963496 -0.131246 -0.03926998 0.01458299 -0.03926998 -0.131246 -0.01963496 -0.131246 -0.07853996 0.01458299 -0.07853996 -0.131246 -0.05890494 -0.131246 -0.11781 0.01458299 -0.11781 -0.131246 -0.09817498 -0.131246 -0.11781 -0.131246 -0.137445 0.01458299 -0.137445 0.01458299 -0.137445 -0.131246 -0.137445 -0.131246 -0.1570799 -0.131246 -0.09817498 0.01458299 -0.09817498 -0.131246 -0.07853996 -0.131246 -0.05890494 0.01458299 -0.05890494 -0.131246 -0.03926998 -0.131246 -0.01963496 0.01458299 -0.01963496 -0.131246 0 -0.131246 0.01963496 0.01458299 0.01963496 -0.131246 0.03926998 -0.375 0 0.375 0 -0.375 0.03926998 -0.375 0.03926998 0.375 0 0.375 0.03926998 -0.375 0.03926998 0.375 0.03926998 -0.375 0.07853996 -0.375 0.07853996 0.375 0.03926998 0.375 0.07853996 -0.375 0.07853996 0.375 0.07853996 -0.375 0.11781 -0.375 0.11781 0.375 0.07853996 0.375 0.11781 -0.375 0.11781 0.375 0.11781 -0.375 0.1570799 -0.375 0.1570799 0.375 0.11781 0.375 0.1570799 -0.375 0.1570799 0.375 0.1570799 -0.375 0.19635 -0.375 0.19635 0.375 0.1570799 0.375 0.19635 -0.375 0.19635 0.375 0.19635 -0.375 0.235619 -0.375 0.235619 0.375 0.19635 0.375 0.235619 -0.375 0.235619 0.375 0.235619 -0.375 0.274889 -0.375 0.274889 0.375 0.235619 0.375 0.274889 -0.375 0.274889 0.375 0.274889 -0.375 0.314159 -0.375 0.314159 0.375 0.274889 0.375 0.314159 -0.375 0.314159 0.375 0.314159 -0.375 0.353429 -0.375 0.353429 0.375 0.314159 0.375 0.353429 -0.375 0.353429 0.375 0.353429 -0.375 0.392699 -0.375 0.392699 0.375 0.353429 0.375 0.392699 -0.131246 0 0.01458299 0 -0.131246 0.01963496 -0.131246 -0.03926998 0.01458299 -0.03926998 -0.131246 -0.01963496 -0.131246 -0.07853996 0.01458299 -0.07853996 -0.131246 -0.05890494 -0.131246 -0.11781 0.01458299 -0.11781 -0.131246 -0.09817498 -0.131246 -0.1570799 0.01458299 -0.1570799 -0.131246 -0.137445 -0.131246 -0.137445 0.01458299 -0.137445 -0.131246 -0.11781 -0.131246 -0.09817498 0.01458299 -0.09817498 -0.131246 -0.07853996 -0.131246 -0.05890494 0.01458299 -0.05890494 -0.131246 -0.03926998 -0.131246 -0.01963496 0.01458299 -0.01963496 -0.131246 0 -0.131246 0.01963496 0.01458299 0.01963496 -0.131246 0.03926998 0.375 0 0.375 0.03926998 -0.375 0 -0.375 0 0.375 0.03926998 -0.375 0.03926998 -0.375 0.03926998 0.375 0.03926998 0.375 0.07853996 -0.375 0.03926998 0.375 0.07853996 -0.375 0.07853996 -0.375 0.07853996 0.375 0.07853996 0.375 0.11781 -0.375 0.07853996 0.375 0.11781 -0.375 0.11781 -0.375 0.11781 0.375 0.11781 0.375 0.1570799 -0.375 0.11781 0.375 0.1570799 -0.375 0.1570799 -0.375 0.1570799 0.375 0.1570799 0.375 0.19635 -0.375 0.1570799 0.375 0.19635 -0.375 0.19635 -0.375 0.19635 0.375 0.19635 0.375 0.235619 -0.375 0.19635 0.375 0.235619 -0.375 0.235619 -0.375 0.235619 0.375 0.235619 0.375 0.274889 -0.375 0.235619 0.375 0.274889 -0.375 0.274889 -0.375 0.274889 0.375 0.274889 0.375 0.314159 -0.375 0.274889 0.375 0.314159 -0.375 0.314159 -0.375 0.314159 0.375 0.314159 0.375 0.353429 -0.375 0.314159 0.375 0.353429 -0.375 0.353429 -0.375 0.353429 0.375 0.353429 0.375 0.392699 -0.375 0.353429 0.375 0.392699 -0.375 0.392699 -0.375 0 -0.375 -0.03926998 0.375 0 0.375 0 -0.375 -0.03926998 0.375 -0.03926998 0.375 -0.03926998 -0.375 -0.03926998 -0.375 -0.07853996 0.375 -0.03926998 -0.375 -0.07853996 0.375 -0.07853996 0.375 -0.07853996 -0.375 -0.07853996 -0.375 -0.11781 0.375 -0.07853996 -0.375 -0.11781 0.375 -0.11781 0.375 -0.11781 -0.375 -0.11781 -0.375 -0.1570799 0.375 -0.11781 -0.375 -0.1570799 0.375 -0.1570799 0.375 -0.1570799 -0.375 -0.1570799 -0.375 -0.19635 0.375 -0.1570799 -0.375 -0.19635 0.375 -0.19635 0.375 -0.19635 -0.375 -0.19635 -0.375 -0.235619 0.375 -0.19635 -0.375 -0.235619 0.375 -0.235619 0.375 -0.235619 -0.375 -0.235619 -0.375 -0.274889 0.375 -0.235619 -0.375 -0.274889 0.375 -0.274889 0.375 -0.274889 -0.375 -0.274889 -0.375 -0.314159 0.375 -0.274889 -0.375 -0.314159 0.375 -0.314159 0.375 -0.314159 -0.375 -0.314159 -0.375 -0.353429 0.375 -0.314159 -0.375 -0.353429 0.375 -0.353429 0.375 -0.353429 -0.375 -0.353429 -0.375 -0.392699 0.375 -0.353429 -0.375 -0.392699 0.375 -0.392699 0.375 0 -0.375 0 0.375 -0.03926998 0.375 -0.03926998 -0.375 0 -0.375 -0.03926998 0.375 -0.03926998 -0.375 -0.03926998 0.375 -0.07853996 0.375 -0.07853996 -0.375 -0.03926998 -0.375 -0.07853996 0.375 -0.07853996 -0.375 -0.07853996 0.375 -0.11781 0.375 -0.11781 -0.375 -0.07853996 -0.375 -0.11781 0.375 -0.11781 -0.375 -0.11781 0.375 -0.1570799 0.375 -0.1570799 -0.375 -0.11781 -0.375 -0.1570799 0.375 -0.1570799 -0.375 -0.1570799 0.375 -0.19635 0.375 -0.19635 -0.375 -0.1570799 -0.375 -0.19635 0.375 -0.19635 -0.375 -0.19635 0.375 -0.235619 0.375 -0.235619 -0.375 -0.19635 -0.375 -0.235619 0.375 -0.235619 -0.375 -0.235619 0.375 -0.274889 0.375 -0.274889 -0.375 -0.235619 -0.375 -0.274889 0.375 -0.274889 -0.375 -0.274889 0.375 -0.314159 0.375 -0.314159 -0.375 -0.274889 -0.375 -0.314159 0.375 -0.314159 -0.375 -0.314159 0.375 -0.353429 0.375 -0.353429 -0.375 -0.314159 -0.375 -0.353429 0.375 -0.353429 -0.375 -0.353429 0.375 -0.392699 0.375 -0.392699 -0.375 -0.353429 -0.375 -0.392699 -0.5 0 -0.5 -0.1256639 0.5 0 0.5 0 -0.5 -0.1256639 0.5 -0.1256639 0.5 -0.1256639 -0.5 -0.1256639 -0.5 -0.251327 0.5 -0.1256639 -0.5 -0.251327 0.5 -0.251327 0.5 -0.251327 -0.5 -0.251327 -0.5 -0.376991 0.5 -0.251327 -0.5 -0.376991 0.5 -0.376991 0.5 -0.376991 -0.5 -0.376991 -0.5 -0.502655 0.5 -0.376991 -0.5 -0.502655 0.5 -0.502655 0.5 -0.502655 -0.5 -0.502655 -0.5 -0.628319 0.5 -0.502655 -0.5 -0.628319 0.5 -0.628319 0.5 -0.628319 -0.5 -0.628319 -0.5 -0.753982 0.5 -0.628319 -0.5 -0.753982 0.5 -0.753982 0.5 -0.753982 -0.5 -0.753982 -0.5 -0.879646 0.5 -0.753982 -0.5 -0.879646 0.5 -0.879646 0.5 -0.879646 -0.5 -0.879646 -0.5 -1.00531 0.5 -0.879646 -0.5 -1.00531 0.5 -1.00531 0.5 -1.00531 -0.5 -1.00531 -0.5 -1.130973 0.5 -1.00531 -0.5 -1.130973 0.5 -1.130973 0.5 -1.130973 -0.5 -1.130973 0.5 -1.256637 0.5 -1.256637 -0.5 -1.130973 -0.5 -1.256637 0.435769 0 0.653653 0 0.628319 0.725888 0.628319 0.725888 0.653653 0 0.653653 1.417211 0.628319 0.725888 0.653653 1.417211 0.628319 2.177665 0.628319 2.177665 0.653653 1.417211 0.653653 2.834421 0.628319 2.177665 0.653653 2.834421 0.628319 3.629442 0.628319 3.629442 0.653653 2.834421 0.653653 4.251632 0.628319 3.629442 0.653653 4.251632 0.628319 5.081219 0.628319 5.081219 0.653653 4.251632 0.653653 5.668843 0.628319 5.081219 0.653653 5.668843 0.628319 6.532996 0.628319 6.532996 0.653653 5.668843 0.653653 7.086053 0.628319 6.532996 0.653653 7.086053 0.214818 7.305666 0.214818 7.305666 0.653653 7.086053 0.230276 7.440356 0.230276 7.440356 0.653653 7.086053 0.628319 7.984772 0.230276 7.440356 0.628319 7.984772 0.214805 7.575102 0.214805 7.575102 0.628319 7.984772 0.169375 7.702607 0.169375 7.702607 0.628319 7.984772 0.09646296 7.816623 0.09646296 7.816623 0.628319 7.984772 0 9.368048 0.09646296 7.816623 0 9.368048 0 7.911378 0.653653 7.086053 0.653653 8.503265 0.628319 7.984772 0.628319 7.984772 0.653653 8.503265 0.628319 9.43655 0.628319 7.984772 0.628319 9.43655 0 9.368048 0 9.368048 0.628319 9.43655 0 10.82472 0 10.82472 0.628319 9.43655 0.628319 10.88833 0 10.82472 0.628319 10.88833 0 12.28139 0 12.28139 0.628319 10.88833 0.628319 12.3401 0 12.28139 0.628319 12.3401 0 13.73806 0 13.73806 0.628319 12.3401 0.628319 13.79188 0 13.73806 0.628319 13.79188 0 15.19473 0 15.19473 0.628319 13.79188 0.628319 15.24366 0 15.19473 0.628319 15.24366 0 16.6514 0 16.6514 0.628319 15.24366 0.628319 16.69543 0 16.6514 0.628319 16.69543 0 18.10807 0 18.10807 0.628319 16.69543 0.628319 18.14721 0 18.10807 0.628319 18.14721 0 19.56474 0 19.56474 0.628319 18.14721 0.628319 19.59899 0 19.56474 0.628319 19.59899 0 21.02141 0 21.02141 0.628319 19.59899 0.628319 21.05076 0 21.02141 0.628319 21.05076 0 22.47808 0 22.47808 0.628319 21.05076 0.628319 22.50254 0 22.47808 0.628319 22.50254 0 23.93475 0 23.93475 0.628319 22.50254 0.628319 23.95432 0 23.93475 0.628319 23.95432 0 25.39142 0 25.39142 0.628319 23.95432 0.628319 25.40609 0 25.39142 0.628319 25.40609 0 26.84808 0 26.84808 0.628319 25.40609 0.628319 26.85749 0 26.84808 0.628319 26.85749 0 28.30475 0 28.30475 0.628319 26.85749 0.628319 28.30946 0 28.30475 0.628319 28.30946 0.217884 29.76142 0.217884 29.76142 0.628319 28.30946 0.435769 29.76142 0.435769 29.76142 0.628319 28.30946 0.653653 28.34421 0.435769 29.76142 0.653653 28.34421 0.653653 29.76142 0.653653 8.503265 0.653653 9.920475 0.628319 9.43655 0.628319 9.43655 0.653653 9.920475 0.628319 10.88833 0.653653 9.920475 0.653653 11.33769 0.628319 10.88833 0.628319 10.88833 0.653653 11.33769 0.628319 12.3401 0.653653 11.33769 0.653653 12.7549 0.628319 12.3401 0.628319 12.3401 0.653653 12.7549 0.628319 13.79188 0.653653 12.7549 0.653653 14.17211 0.628319 13.79188 0.628319 13.79188 0.653653 14.17211 0.628319 15.24366 0.653653 14.17211 0.653653 15.58932 0.628319 15.24366 0.628319 15.24366 0.653653 15.58932 0.628319 16.69543 0.653653 15.58932 0.653653 17.00653 0.628319 16.69543 0.628319 16.69543 0.653653 17.00653 0.628319 18.14721 0.653653 17.00653 0.653653 18.42374 0.628319 18.14721 0.628319 18.14721 0.653653 18.42374 0.628319 19.59899 0.653653 18.42374 0.653653 19.84095 0.628319 19.59899 0.628319 19.59899 0.653653 19.84095 0.628319 21.05076 0.653653 19.84095 0.653653 21.25816 0.628319 21.05076 0.628319 21.05076 0.653653 21.25816 0.628319 22.50254 0.653653 21.25816 0.653653 22.67537 0.628319 22.50254 0.628319 22.50254 0.653653 22.67537 0.628319 23.95432 0.653653 22.67537 0.653653 24.09258 0.628319 23.95432 0.628319 23.95432 0.653653 24.09258 0.628319 25.40609 0.653653 24.09258 0.653653 25.50979 0.628319 25.40609 0.628319 25.40609 0.653653 25.50979 0.628319 26.85749 0.653653 25.50979 0.653653 26.927 0.628319 26.85749 0.628319 26.85749 0.653653 26.927 0.628319 28.30946 0.653653 26.927 0.653653 28.34421 0.628319 28.30946 0.217884 29.76142 0 29.76142 0 28.30475 0.214818 7.305666 0.16938 7.178113 0.628319 6.532996 0.628319 6.532996 0.16938 7.178113 0.09652495 7.064166 0.628319 6.532996 0.09652495 7.064166 0 6.969334 0 6.969334 0 5.575467 0.628319 6.532996 0.628319 6.532996 0 5.575467 0.628319 5.081219 0 5.575467 0 4.181601 0.628319 5.081219 0.628319 5.081219 0 4.181601 0.628319 3.629442 0 4.181601 0 2.787734 0.628319 3.629442 0.628319 3.629442 0 2.787734 0.628319 2.177665 0 2.787734 0 1.393867 0.628319 2.177665 0.628319 2.177665 0 1.393867 0.628319 0.725888 0 0 0.217884 0 0 1.393867 0 1.393867 0.217884 0 0.628319 0.725888 0.217884 0 0.435769 0 0.628319 0.725888 -0.535116 -29.84513 0.535116 -29.84513 -0.535116 -28.42393 -0.535116 -28.42393 0.535116 -29.84513 0.535116 -28.42393 -0.535116 -28.42393 0.535116 -28.42393 0.535116 -27.00274 -0.535116 -28.42393 0.535116 -27.00274 -0.535116 -27.00274 -0.535116 -27.00274 0.535116 -27.00274 0.535116 -25.58154 -0.535116 -27.00274 0.535116 -25.58154 -0.535116 -25.58154 -0.535116 -25.58154 0.535116 -25.58154 0.535116 -24.16034 -0.535116 -25.58154 0.535116 -24.16034 -0.535116 -24.16034 -0.535116 -24.16034 0.535116 -24.16034 0.535116 -22.73915 -0.535116 -24.16034 0.535116 -22.73915 -0.535116 -22.73915 -0.535116 -22.73915 0.535116 -22.73915 0.535116 -21.31795 -0.535116 -22.73915 0.535116 -21.31795 -0.535116 -21.31795 -0.535116 -21.31795 0.535116 -21.31795 0.535116 -19.89675 -0.535116 -21.31795 0.535116 -19.89675 -0.535116 -19.89675 -0.535116 -19.89675 0.535116 -19.89675 0.535116 -18.47556 -0.535116 -19.89675 0.535116 -18.47556 -0.535116 -18.47556 -0.535116 -18.47556 0.535116 -18.47556 0.535116 -17.05436 -0.535116 -18.47556 0.535116 -17.05436 -0.535116 -17.05436 -0.535116 -17.05436 0.535116 -17.05436 0.535116 -15.63316 -0.535116 -17.05436 0.535116 -15.63316 -0.535116 -15.63316 -0.535116 -15.63316 0.535116 -15.63316 0.535116 -14.21197 -0.535116 -15.63316 0.535116 -14.21197 -0.535116 -14.21197 -0.535116 -14.21197 0.535116 -14.21197 0.535116 -12.79077 -0.535116 -14.21197 0.535116 -12.79077 -0.535116 -12.79077 -0.535116 -12.79077 0.535116 -12.79077 0.535116 -11.36957 -0.535116 -12.79077 0.535116 -11.36957 -0.535116 -11.36957 -0.535116 -11.36957 0.535116 -11.36957 0.535116 -9.948377 -0.535116 -11.36957 0.535116 -9.948377 -0.535116 -9.948377 -0.535116 -9.948377 0.535116 -9.948377 0.535116 -8.52718 -0.535116 -9.948377 0.535116 -8.52718 -0.535116 -8.52718 -0.535116 -8.52718 0.535116 -8.52718 0.535116 -7.105983 -0.535116 -8.52718 0.535116 -7.105983 -0.535116 -7.105983 -0.535116 -7.105983 0.535116 -7.105983 0.535116 -5.684787 -0.535116 -7.105983 0.535116 -5.684787 -0.535116 -5.684787 -0.535116 -5.684787 0.535116 -5.684787 0.535116 -4.26359 -0.535116 -5.684787 0.535116 -4.26359 -0.535116 -4.26359 -0.535116 -4.26359 0.535116 -4.26359 0.535116 -2.842393 -0.535116 -4.26359 0.535116 -2.842393 -0.535116 -2.842393 -0.535116 -2.842393 0.535116 -2.842393 0.535116 -1.421197 -0.535116 -2.842393 0.535116 -1.421197 -0.535116 -1.421197 -0.535116 -1.421197 0.535116 -1.421197 0.535116 0 -0.535116 -1.421197 0.535116 0 -0.535116 0 0.535116 0 0.535116 1.45223 -0.535116 0 -0.535116 0 0.535116 1.45223 -0.535116 1.460767 -0.535116 1.460767 0.535116 1.45223 0.535116 2.90446 -0.535116 1.460767 0.535116 2.90446 -0.535116 2.921533 -0.535116 2.921533 0.535116 2.90446 0.535116 4.356689 -0.535116 2.921533 0.535116 4.356689 -0.535116 4.3823 -0.535116 4.3823 0.535116 4.356689 0.535116 5.808919 -0.535116 4.3823 0.535116 5.808919 -0.535116 5.843067 -0.535116 5.843067 0.535116 5.808919 0.535116 7.261149 -0.535116 5.843067 0.535116 7.261149 -0.535116 7.303833 -0.535116 7.303833 0.535116 7.261149 0.535116 8.713379 -0.535116 7.303833 0.535116 8.713379 -0.535116 8.764601 -0.535116 8.764601 0.535116 8.713379 0.535116 10.16561 -0.535116 8.764601 0.535116 10.16561 -0.535116 10.22537 -0.535116 10.22537 0.535116 10.16561 0.535116 11.61784 -0.535116 10.22537 0.535116 11.61784 -0.535116 11.68613 -0.535116 11.68613 0.535116 11.61784 0.535116 13.07007 -0.535116 11.68613 0.535116 13.07007 -0.535116 13.1469 -0.535116 13.1469 0.535116 13.07007 0.535116 14.5223 -0.535116 13.1469 0.535116 14.5223 -0.535116 14.60767 -0.535116 14.60767 0.535116 14.5223 0.535116 15.97453 -0.535116 14.60767 0.535116 15.97453 -0.535116 16.06843 -0.535116 16.06843 0.535116 15.97453 0.535116 17.42676 -0.535116 16.06843 0.535116 17.42676 -0.535116 17.5292 -0.535116 17.5292 0.535116 17.42676 0.535116 18.87899 -0.535116 17.5292 0.535116 18.87899 -0.535116 18.98997 -0.535116 18.98997 0.535116 18.87899 0.535116 20.33122 -0.535116 18.98997 0.535116 20.33122 -0.535116 20.45073 -0.535116 20.45073 0.535116 20.33122 0.535116 21.78345 -0.535116 20.45073 0.535116 21.78345 -0.164884 21.78345 -0.164884 21.78345 -0.261994 21.79153 -0.535116 20.45073 -0.535116 20.45073 -0.261994 21.79153 -0.359292 21.81593 -0.535116 20.45073 -0.359292 21.81593 -0.451693 21.85668 -0.451693 21.85668 -0.535116 21.9115 -0.535116 20.45073 6.15763 12.9432 6.621318 11.88515 6.788225 13.5738 6.788225 13.5738 6.621318 11.88515 8.621984 13.60291 6.788225 13.5738 8.621984 13.60291 6.880175 13.70036 6.880175 13.70036 8.621984 13.60291 6.928516 13.84913 6.928516 13.84913 8.621984 13.60291 6.928516 14.00557 6.928516 14.00557 8.621984 13.60291 7.958045 14.8024 6.928516 14.00557 7.958045 14.8024 6.880175 14.15435 6.880175 14.15435 7.958045 14.8024 6.788225 14.2809 6.788225 14.2809 7.958045 14.8024 7.128367 15.89384 6.788225 14.2809 7.128367 15.89384 6.151829 14.9173 8.621984 13.60291 6.621318 11.88515 9.106356 12.32034 9.106356 12.32034 6.621318 11.88515 6.904681 10.76525 9.106356 12.32034 6.904681 10.76525 9.401073 10.98141 9.401073 10.98141 6.904681 10.76525 8.360942 10.04197 9.401073 10.98141 8.360942 10.04197 8.5 10.064 7 9.614001 8.135942 9.878504 6.904681 10.76525 6.904681 10.76525 8.135942 9.878504 8.235497 9.978058 6.904681 10.76525 8.235497 9.978058 8.360942 10.04197 6.893654 8.398463 8.135942 9.349497 7 9.614001 7 9.614001 8.135942 9.349497 8.072025 9.474943 7 9.614001 8.072025 9.474943 8.050001 9.614001 6.577848 7.219859 9.077942 6.813826 6.893654 8.398463 6.893654 8.398463 9.077942 6.813826 9.393894 8.198099 6.893654 8.398463 9.393894 8.198099 8.360942 9.186025 8.360942 9.186025 9.393894 8.198099 8.5 9.164 8.5 9.164 9.393894 8.198099 8.639059 9.186025 8.639059 9.186025 9.393894 8.198099 8.764503 9.249943 8.764503 9.249943 9.393894 8.198099 8.864058 9.349497 8.864058 9.349497 9.393894 8.198099 9.5 9.614001 8.864058 9.349497 9.5 9.614001 8.927976 9.474943 8.927976 9.474943 9.5 9.614001 8.95 9.614001 8.95 9.614001 9.5 9.614001 8.927976 9.753057 8.927976 9.753057 9.5 9.614001 8.864058 9.878504 8.864058 9.878504 9.5 9.614001 9.401073 10.98141 8.864058 9.878504 9.401073 10.98141 8.764503 9.978058 8.764503 9.978058 9.401073 10.98141 8.639059 10.04197 8.639059 10.04197 9.401073 10.98141 8.5 10.064 6.062178 6.114 6.947461 5.751782 6.577848 7.219859 6.577848 7.219859 6.947461 5.751782 7.071068 5.771359 6.577848 7.219859 7.071068 5.771359 7.194674 5.751782 5.362311 5.114487 6.671068 5.371359 6.062178 6.114 6.062178 6.114 6.671068 5.371359 6.690645 5.494966 6.062178 6.114 6.690645 5.494966 6.747461 5.606473 4.499513 4.251689 6.963993 3.152359 5.362311 5.114487 5.362311 5.114487 6.963993 3.152359 6.835954 5.047752 5.362311 5.114487 6.835954 5.047752 6.747461 5.136245 6.963993 3.152359 4.499513 4.251689 5.923153 2.186601 5.923153 2.186601 4.499513 4.251689 3.5 3.551822 5.923153 2.186601 3.5 3.551822 4.75 1.386759 4.75 1.386759 3.5 3.551822 3.47074 0.770699 3.47074 0.770699 3.5 3.551822 2.394141 3.036152 3.47074 0.770699 2.394141 3.036152 2.113949 0.352185 2.113949 0.352185 2.394141 3.036152 1.215537 2.720346 2.113949 0.352185 1.215537 2.720346 0.427975 1.253058 0.427975 1.253058 1.215537 2.720346 0.364058 1.378503 0.364058 1.378503 1.215537 2.720346 0.264503 1.478058 0.264503 1.478058 1.215537 2.720346 0 2.614 0.264503 1.478058 0 2.614 0.1390579 1.541975 0.1390579 1.541975 0 2.614 0 1.564 0 1.564 0 2.614 -0.1390579 1.541975 -0.1390579 1.541975 0 2.614 -0.264503 1.478058 -0.264503 1.478058 0 2.614 -1.215537 2.720346 -0.264503 1.478058 -1.215537 2.720346 -0.364058 1.378503 -0.364058 1.378503 -1.215537 2.720346 -0.427975 1.253058 -0.427975 1.253058 -1.215537 2.720346 -2.113949 0.352185 -0.427975 1.253058 -2.113949 0.352185 -0.45 1.114 -0.45 1.114 -2.113949 0.352185 -0.427975 0.974942 -0.427975 0.974942 -2.113949 0.352185 -0.709936 0.140564 -0.427975 0.974942 -0.709936 0.140564 -0.364058 0.849497 -0.364058 0.849497 -0.709936 0.140564 -0.264503 0.749942 -0.264503 0.749942 -0.709936 0.140564 -0.1390579 0.686025 -0.1390579 0.686025 -0.709936 0.140564 0 0.664 0 0.664 -0.709936 0.140564 0.709936 0.140564 0 0.664 0.709936 0.140564 0.1390579 0.686025 0.1390579 0.686025 0.709936 0.140564 0.264503 0.749942 0.264503 0.749942 0.709936 0.140564 0.364058 0.849497 0.364058 0.849497 0.709936 0.140564 0.427975 0.974942 0.427975 0.974942 0.709936 0.140564 2.113949 0.352185 0.427975 0.974942 2.113949 0.352185 0.45 1.114 0.45 1.114 2.113949 0.352185 0.427975 1.253058 -1.215537 2.720346 -2.394141 3.036152 -2.113949 0.352185 -2.113949 0.352185 -2.394141 3.036152 -3.47074 0.770699 -3.47074 0.770699 -2.394141 3.036152 -3.5 3.551822 -3.47074 0.770699 -3.5 3.551822 -4.75 1.386759 -4.75 1.386759 -3.5 3.551822 -5.923153 2.186601 -5.923153 2.186601 -3.5 3.551822 -4.499513 4.251689 -5.923153 2.186601 -4.499513 4.251689 -6.963993 3.152359 -6.963993 3.152359 -4.499513 4.251689 -5.362311 5.114487 -6.963993 3.152359 -5.362311 5.114487 -7.849268 4.262459 -7.849268 4.262459 -5.362311 5.114487 -6.062178 6.114 -7.849268 4.262459 -6.062178 6.114 -8.559205 5.492105 -8.559205 5.492105 -6.062178 6.114 -6.577848 7.219859 -8.559205 5.492105 -6.577848 7.219859 -9.077942 6.813826 -9.077942 6.813826 -6.577848 7.219859 -6.893654 8.398463 -9.077942 6.813826 -6.893654 8.398463 -9.393894 8.198099 -9.393894 8.198099 -6.893654 8.398463 -8.360942 9.186025 -9.393894 8.198099 -8.360942 9.186025 -8.5 9.164 -7 9.614001 -8.135942 9.349497 -6.893654 8.398463 -6.893654 8.398463 -8.135942 9.349497 -8.235497 9.249943 -6.893654 8.398463 -8.235497 9.249943 -8.360942 9.186025 -6.896467 10.81348 -8.135942 9.878504 -7 9.614001 -7 9.614001 -8.135942 9.878504 -8.072025 9.753057 -7 9.614001 -8.072025 9.753057 -8.050001 9.614001 -6.588931 11.97747 -9.059454 12.47342 -6.896467 10.81348 -6.896467 10.81348 -9.059454 12.47342 -9.389218 11.06058 -6.896467 10.81348 -9.389218 11.06058 -8.360942 10.04197 -8.360942 10.04197 -9.389218 11.06058 -8.5 10.064 -8.5 10.064 -9.389218 11.06058 -8.639059 10.04197 -8.639059 10.04197 -9.389218 11.06058 -8.764503 9.978058 -8.764503 9.978058 -9.389218 11.06058 -8.864058 9.878504 -8.864058 9.878504 -9.389218 11.06058 -9.5 9.614001 -8.864058 9.878504 -9.5 9.614001 -8.927976 9.753057 -8.927976 9.753057 -9.5 9.614001 -8.95 9.614001 -8.95 9.614001 -9.5 9.614001 -8.927976 9.474943 -8.927976 9.474943 -9.5 9.614001 -8.864058 9.349497 -8.864058 9.349497 -9.5 9.614001 -9.393894 8.198099 -8.864058 9.349497 -9.393894 8.198099 -8.764503 9.249943 -8.764503 9.249943 -9.393894 8.198099 -8.639059 9.186025 -8.639059 9.186025 -9.393894 8.198099 -8.5 9.164 -9.059454 12.47342 -6.588931 11.97747 -8.5184 13.81958 -8.5184 13.81958 -6.588931 11.97747 -6.086488 13.07155 -8.5184 13.81958 -6.086488 13.07155 -7.778674 15.06764 -7.778674 15.06764 -6.086488 13.07155 -5.404002 14.06335 -7.778674 15.06764 -5.404002 14.06335 -6.857529 16.18852 -6.857529 16.18852 -5.404002 14.06335 -4.56166 14.92354 -6.857529 16.18852 -4.56166 14.92354 -4.596194 16.47294 -4.596194 16.47294 -4.56166 14.92354 -4.454773 16.33152 -4.454773 16.33152 -4.56166 14.92354 -4.360489 16.26159 -4.360489 16.26159 -4.56166 14.92354 -4.249966 16.22204 -4.249966 16.22204 -4.56166 14.92354 -3.584381 15.62667 -4.249966 16.22204 -3.584381 15.62667 -4.132723 16.21628 -4.132723 16.21628 -3.584381 15.62667 -4.018857 16.24481 -4.018857 16.24481 -3.584381 15.62667 -3.918173 16.30515 -3.918173 16.30515 -3.584381 15.62667 -3.839342 16.39213 -3.839342 16.39213 -3.584381 15.62667 -3.789154 16.49824 -3.789154 16.49824 -3.584381 15.62667 -2.501073 16.15194 -3.789154 16.49824 -2.501073 16.15194 -3.77193 16.61436 -3.77193 16.61436 -2.501073 16.15194 -3.78556 16.71788 -3.78556 16.71788 -2.501073 16.15194 -3.82552 16.81436 -3.82552 16.81436 -2.501073 16.15194 -3.238477 18.54497 -3.82552 16.81436 -3.238477 18.54497 -3.889087 16.8972 -3.889087 16.8972 -3.238477 18.54497 -4.030509 17.03862 -4.030509 17.03862 -3.238477 18.54497 -4.131755 17.11218 -4.131755 17.11218 -3.238477 18.54497 -4.560646 17.9477 -4.131755 17.11218 -4.560646 17.9477 -4.250778 17.15085 -4.250778 17.15085 -4.560646 17.9477 -4.375925 17.15085 -4.375925 17.15085 -4.560646 17.9477 -4.494947 17.11218 -4.494947 17.11218 -4.560646 17.9477 -4.596194 17.03862 -4.596194 17.03862 -4.560646 17.9477 -5.776448 17.15606 -4.596194 17.03862 -5.776448 17.15606 -4.669754 16.93737 -4.669754 16.93737 -5.776448 17.15606 -4.708426 16.81835 -4.708426 16.81835 -5.776448 17.15606 -4.708426 16.69321 -4.708426 16.69321 -5.776448 17.15606 -4.669754 16.57418 -4.669754 16.57418 -5.776448 17.15606 -6.857529 16.18852 -4.669754 16.57418 -6.857529 16.18852 -4.596194 16.47294 -2.501073 16.15194 -1.343781 16.48381 -3.238477 18.54497 -3.238477 18.54497 -1.343781 16.48381 -1.840778 18.93395 -1.840778 18.93395 -1.343781 16.48381 -0.427975 17.97494 -1.840778 18.93395 -0.427975 17.97494 -0.45 18.114 -0.146739 16.61246 -0.264503 17.74995 -1.343781 16.48381 -1.343781 16.48381 -0.264503 17.74995 -0.364058 17.8495 -1.343781 16.48381 -0.364058 17.8495 -0.427975 17.97494 1.054644 16.5341 0.1390579 17.68602 -0.146739 16.61246 -0.146739 16.61246 0.1390579 17.68602 0 17.664 -0.146739 16.61246 0 17.664 -0.1390579 17.68602 2.22483 16.25103 2.475293 18.78586 1.054644 16.5341 1.054644 16.5341 2.475293 18.78586 0.427975 17.97494 1.054644 16.5341 0.427975 17.97494 0.364058 17.8495 3.329203 15.77163 3.959798 16.40223 2.22483 16.25103 2.22483 16.25103 3.959798 16.40223 3.843042 18.30199 2.22483 16.25103 3.843042 18.30199 2.475293 18.78586 3.959798 16.40223 4.086356 16.49418 3.843042 18.30199 3.843042 18.30199 4.086356 16.49418 4.235134 16.54252 3.843042 18.30199 4.235134 16.54252 5.12116 17.61548 5.12116 17.61548 4.235134 16.54252 4.391569 16.54252 5.12116 17.61548 4.391569 16.54252 4.540347 16.49418 4.540347 16.49418 4.666905 16.40223 5.12116 17.61548 5.12116 17.61548 4.666905 16.40223 6.279839 16.74237 6.279839 16.74237 4.666905 16.40223 5.303301 15.76583 0.427975 17.97494 2.475293 18.78586 0.45 18.114 0.45 18.114 2.475293 18.78586 1.049815 19.05582 0.45 18.114 1.049815 19.05582 0.427975 18.25306 0.427975 18.25306 1.049815 19.05582 0.364058 18.3785 0.364058 18.3785 1.049815 19.05582 0.264503 18.47806 0.264503 18.47806 1.049815 19.05582 0.1390579 18.54198 0.1390579 18.54198 1.049815 19.05582 -0.400148 19.10557 0.1390579 18.54198 -0.400148 19.10557 0 18.564 0 18.564 -0.400148 19.10557 -0.1390579 18.54198 -0.1390579 18.54198 -0.400148 19.10557 -0.264503 18.47806 -0.264503 18.47806 -0.400148 19.10557 -0.364058 18.3785 -0.364058 18.3785 -0.400148 19.10557 -1.840778 18.93395 -0.364058 18.3785 -1.840778 18.93395 -0.427975 18.25306 -0.427975 18.25306 -1.840778 18.93395 -0.45 18.114 7.849268 4.262459 7.071068 4.971359 6.963993 3.152359 6.963993 3.152359 7.071068 4.971359 6.947461 4.990937 6.963993 3.152359 6.947461 4.990937 6.835954 5.047752 8.559205 5.492105 7.45149 5.247753 7.849268 4.262459 7.849268 4.262459 7.45149 5.247753 7.394675 5.136245 7.849268 4.262459 7.394675 5.136245 7.306182 5.047752 9.077942 6.813826 7.306182 5.694966 8.559205 5.492105 8.559205 5.492105 7.306182 5.694966 7.394675 5.606473 8.559205 5.492105 7.394675 5.606473 7.45149 5.494966 7.45149 5.494966 7.471068 5.371359 8.559205 5.492105 8.559205 5.492105 7.471068 5.371359 7.45149 5.247753 7.306182 5.047752 7.194674 4.990937 7.849268 4.262459 7.849268 4.262459 7.194674 4.990937 7.071068 4.971359 6.747461 5.136245 6.690645 5.247753 5.362311 5.114487 5.362311 5.114487 6.690645 5.247753 6.671068 5.371359 6.747461 5.606473 6.835954 5.694966 6.062178 6.114 6.062178 6.114 6.835954 5.694966 6.947461 5.751782 6.577848 7.219859 7.194674 5.751782 9.077942 6.813826 9.077942 6.813826 7.194674 5.751782 7.306182 5.694966 -8.050001 9.614001 -8.072025 9.474943 -7 9.614001 -7 9.614001 -8.072025 9.474943 -8.135942 9.349497 -8.360942 10.04197 -8.235497 9.978058 -6.896467 10.81348 -6.896467 10.81348 -8.235497 9.978058 -8.135942 9.878504 8.360942 9.186025 8.235497 9.249943 6.893654 8.398463 6.893654 8.398463 8.235497 9.249943 8.135942 9.349497 8.050001 9.614001 8.072025 9.753057 7 9.614001 7 9.614001 8.072025 9.753057 8.135942 9.878504 0.364058 17.8495 0.264503 17.74995 1.054644 16.5341 1.054644 16.5341 0.264503 17.74995 0.1390579 17.68602 -0.1390579 17.68602 -0.264503 17.74995 -0.146739 16.61246 -1.253398 0.25 -0.127636 0.25 -1.253398 0.7 -1.253398 0.7 -0.127636 0.25 1.253398 0.7 1.253398 0.7 -0.127636 0.25 1.253398 0 1.253398 0 -0.127636 0.25 -0.127636 0 0 0.35 -2.506795 0.35 -1.125762 -0.1 -1.125762 -0.1 -2.506795 0.35 -2.506795 -0.35 -1.125762 -0.1 -2.506795 -0.35 -1.125762 -0.35 -1.125762 -0.1 0 -0.1 0 0.35 1.248817 0 1.249331 0.09756499 -1.257979 0 -1.257979 0 1.249331 0.09756499 -1.257001 0.116136 -1.257001 0.116136 1.249331 0.09756499 1.250815 0.197996 -1.257001 0.116136 1.250815 0.197996 -1.254198 0.235675 -1.254198 0.235675 1.250815 0.197996 1.253158 0.299089 -1.254198 0.235675 1.253158 0.299089 -1.249942 0.355183 -1.249942 0.355183 1.253158 0.299089 1.256043 0.398997 -1.249942 0.355183 1.256043 0.398997 -1.245086 0.471238 -1.245086 0.471238 1.256043 0.398997 1.257969 0.53476 -1.245086 0.471238 1.257969 0.53476 -1.240233 0.587294 -1.240233 0.587294 1.257969 0.53476 1.256978 0.670512 -1.240233 0.587294 1.256978 0.670512 -1.235985 0.706803 -1.235985 0.706803 1.256978 0.670512 1.255299 0.806414 -1.235985 0.706803 1.255299 0.806414 -1.233191 0.826341 -1.233191 0.826341 1.255299 0.806414 1.254541 0.942478 -1.233191 0.826341 1.254541 0.942478 -1.232217 0.942478 1.232305 0.942478 -1.254453 0.942478 1.23328 0.826341 1.23328 0.826341 -1.254453 0.942478 -1.255211 0.806357 1.23328 0.826341 -1.255211 0.806357 1.236074 0.706803 1.236074 0.706803 -1.255211 0.806357 -1.256894 0.670502 1.236074 0.706803 -1.256894 0.670502 1.240321 0.587294 1.240321 0.587294 -1.256894 0.670502 -1.257881 0.534661 1.240321 0.587294 -1.257881 0.534661 1.245174 0.471238 1.245174 0.471238 -1.257881 0.534661 -1.255955 0.398997 1.245174 0.471238 -1.255955 0.398997 1.250031 0.355183 1.250031 0.355183 -1.255955 0.398997 -1.25307 0.299089 1.250031 0.355183 -1.25307 0.299089 1.254287 0.235675 1.254287 0.235675 -1.25307 0.299089 -1.250726 0.197996 1.254287 0.235675 -1.250726 0.197996 1.257089 0.116136 1.257089 0.116136 -1.250726 0.197996 -1.249242 0.09756499 1.257089 0.116136 -1.249242 0.09756499 1.258067 0 1.258067 0 -1.249242 0.09756499 -1.248729 0 0.350653 1.441903 0.05138897 1.017639 0.987049 0.805507 0.987049 0.805507 0.05138897 1.017639 0.04527097 0.979012 0.987049 0.805507 0.04527097 0.979012 0.02751594 0.944166 0.224095 1.533853 -0.03498399 1.136521 0.350653 1.441903 0.350653 1.441903 -0.03498399 1.136521 -1.38e-4 1.118766 0.350653 1.441903 -1.38e-4 1.118766 0.02751594 1.091112 0.224095 1.533853 0.07531696 1.582194 -0.03498399 1.136521 -0.03498399 1.136521 0.07531696 1.582194 -0.07361096 1.142639 -0.07361096 1.142639 0.07531696 1.582194 -0.08111798 1.582194 -0.07361096 1.142639 -0.08111798 1.582194 -0.229896 1.533853 -0.229896 1.533853 -0.356454 1.441903 -0.07361096 1.142639 -0.07361096 1.142639 -0.356454 1.441903 -0.112238 1.136521 -0.112238 1.136521 -0.356454 1.441903 -0.1470839 1.118766 -0.1470839 1.118766 -0.356454 1.441903 -0.174738 1.091112 -0.174738 1.091112 -0.356454 1.441903 -0.192493 1.056266 -0.192493 1.056266 -0.356454 1.441903 -0.987049 0.811308 -0.192493 1.056266 -0.987049 0.811308 -0.198611 1.017639 -0.198611 1.017639 -0.987049 0.811308 -0.192493 0.979012 -0.192493 0.979012 -0.987049 0.811308 -0.576481 0.57095 -0.192493 0.979012 -0.576481 0.57095 -0.174738 0.944166 -0.174738 0.944166 -0.576481 0.57095 -0.1470839 0.916512 -0.1470839 0.916512 -0.576481 0.57095 -0.112238 0.898757 -0.112238 0.898757 -0.576481 0.57095 -0.183187 0.30326 -0.112238 0.898757 -0.183187 0.30326 -0.07361096 0.892639 -0.07361096 0.892639 -0.183187 0.30326 -0.03498399 0.898757 -0.03498399 0.898757 -0.183187 0.30326 -1.38e-4 0.916512 -1.38e-4 0.916512 -0.183187 0.30326 0.987049 0.805507 -1.38e-4 0.916512 0.987049 0.805507 0.02751594 0.944166 -0.183187 0.30326 0.191015 0.009472966 0.987049 0.805507 0.02751594 1.091112 0.04527097 1.056266 0.350653 1.441903 0.350653 1.441903 0.04527097 1.056266 0.05138897 1.017639 0 0.125 -0.891796 0.125 0 -0.125 0 -0.125 -0.891796 0.125 -0.891796 -0.125 0 0.125 -0.9 0.125 0 -0.125 0 -0.125 -0.9 0.125 -0.9 -0.125 0.642992 0.64244 0.257355 0.8064 0.01239699 0.01184499 0.01239699 0.01184499 0.257355 0.8064 0.218728 0.800282 0.01239699 0.01184499 0.218728 0.800282 0.1801 0.8064 0.734941 0.768998 0.33761 0.886655 0.642992 0.64244 0.642992 0.64244 0.33761 0.886655 0.319855 0.851809 0.642992 0.64244 0.319855 0.851809 0.292201 0.824155 0.33761 0.886655 0.734941 0.768998 0.343728 0.925282 0.343728 0.925282 0.734941 0.768998 0.783282 0.917776 0.343728 0.925282 0.783282 0.917776 0.33761 0.963909 0.33761 0.963909 0.783282 0.917776 0.783282 1.07421 0.33761 0.963909 0.783282 1.07421 0.734941 1.222988 0.33761 0.963909 0.734941 1.222988 0.319855 0.998756 0.319855 0.998756 0.734941 1.222988 0.642992 1.349546 0.319855 0.998756 0.642992 1.349546 0.292201 1.02641 0.292201 1.02641 0.642992 1.349546 0.257355 1.044164 0.257355 1.044164 0.642992 1.349546 0.218728 1.050282 0.218728 1.050282 0.642992 1.349546 0.006595969 1.985942 0.218728 1.050282 0.006595969 1.985942 0.1801 1.044164 0.1801 1.044164 0.006595969 1.985942 0.145254 1.02641 0.145254 1.02641 0.006595969 1.985942 0.1176 0.998756 0.1176 0.998756 0.006595969 1.985942 -0.495652 0.815706 0.1176 0.998756 -0.495652 0.815706 0.09984499 0.963909 0.09984499 0.963909 -0.495652 0.815706 0.093728 0.925282 0.093728 0.925282 -0.495652 0.815706 0.09984499 0.886655 0.09984499 0.886655 -0.495652 0.815706 -0.227961 0.422413 0.09984499 0.886655 -0.227961 0.422413 0.1176 0.851809 0.1176 0.851809 -0.227961 0.422413 0.145254 0.824155 0.145254 0.824155 -0.227961 0.422413 0.1801 0.8064 0.1801 0.8064 -0.227961 0.422413 0.01239699 0.01184499 0.006595969 1.985942 -0.789438 1.189909 -0.495652 0.815706 0.292201 0.824155 0.257355 0.8064 0.642992 0.64244 -0.445898 0 0.445898 0 -0.445898 0.25 -0.445898 0.25 0.445898 0 0.445898 0.25 -0.75 0 -0.75 -1.22173 0.75 0 0.75 0 -0.75 -1.22173 0.75 -1.22173 0.75 -1.22173 -0.75 -1.22173 -0.75 -2.443461 0.75 -1.22173 -0.75 -2.443461 0.75 -2.443461 0.75 -2.443461 -0.75 -2.443461 -0.75 -3.665191 0.75 -2.443461 -0.75 -3.665191 0.75 -3.665191 0.75 -3.665191 -0.75 -3.665191 -0.75 -4.886922 0.75 -3.665191 -0.75 -4.886922 0.75 -4.886922 0.75 -4.886922 -0.75 -4.886922 -0.75 -6.108653 0.75 -4.886922 -0.75 -6.108653 0.75 -6.108653 0.75 -6.108653 -0.75 -6.108653 -0.75 -7.330383 0.75 -6.108653 -0.75 -7.330383 0.75 -7.330383 0.75 -7.330383 -0.75 -7.330383 -0.75 -8.552114 0.75 -7.330383 -0.75 -8.552114 0.75 -8.552114 0.75 -8.552114 -0.75 -8.552114 -0.75 -9.773844 0.75 -8.552114 -0.75 -9.773844 0.75 -9.773844 0.75 -9.773844 -0.75 -9.773844 -0.75 -10.99557 0.75 -9.773844 -0.75 -10.99557 0.75 -10.99557 0.75 -10.99557 -0.75 -10.99557 -0.75 -12.2173 0.75 -10.99557 -0.75 -12.2173 0.75 -12.2173 0.75 -12.2173 -0.75 -12.2173 -0.75 -13.43904 0.75 -12.2173 -0.75 -13.43904 0.75 -13.43904 0.75 -13.43904 -0.75 -13.43904 -0.75 -14.66077 0.75 -13.43904 -0.75 -14.66077 0.75 -14.66077 0.75 -14.66077 -0.75 -14.66077 -0.75 -15.8825 0.75 -14.66077 -0.75 -15.8825 0.75 -15.8825 0.75 -15.8825 -0.75 -15.8825 -0.75 -17.10423 0.75 -15.8825 -0.75 -17.10423 0.75 -17.10423 0.75 -17.10423 -0.75 -17.10423 -0.75 -18.32596 0.75 -17.10423 -0.75 -18.32596 0.75 -18.32596 0.75 -18.32596 -0.75 -18.32596 -0.75 -19.54769 0.75 -18.32596 -0.75 -19.54769 0.75 -19.54769 0.75 -19.54769 -0.75 -19.54769 -0.75 -20.76942 0.75 -19.54769 -0.75 -20.76942 0.75 -20.76942 0.75 -20.76942 -0.75 -20.76942 0.75 -21.99115 0.75 -21.99115 -0.75 -20.76942 -0.75 -21.99115 -0.5 14.4651 -0.75 14.4651 0.75 13.43904 0.75 13.43904 -0.75 14.4651 -0.75 13.25967 0.75 13.43904 -0.75 13.25967 0.75 12.2173 0.75 12.2173 -0.75 13.25967 -0.75 12.05425 0.75 12.2173 -0.75 12.05425 0.75 10.99557 0.75 10.99557 -0.75 12.05425 -0.75 10.84882 0.75 10.99557 -0.75 10.84882 0.75 9.773844 0.75 9.773844 -0.75 10.84882 -0.75 9.6434 0.75 9.773844 -0.75 9.6434 0.75 8.552114 0.75 8.552114 -0.75 9.6434 -0.75 8.437975 0.75 8.552114 -0.75 8.437975 0.75 7.330383 0.75 7.330383 -0.75 8.437975 -0.75 7.23255 0.75 7.330383 -0.75 7.23255 0.75 6.108653 0.75 6.108653 -0.75 7.23255 -0.75 6.027125 0.75 6.108653 -0.75 6.027125 0.75 4.886922 0.75 4.886922 -0.75 6.027125 -0.75 4.8217 0.75 4.886922 -0.75 4.8217 0.75 3.665191 0.75 3.665191 -0.75 4.8217 -0.75 3.616275 0.75 3.665191 -0.75 3.616275 0.75 2.443461 0.75 2.443461 -0.75 3.616275 -0.75 2.41085 0.75 2.443461 -0.75 2.41085 0.75 1.22173 0.75 1.22173 -0.75 2.41085 -0.75 1.205425 0.75 1.22173 -0.75 1.205425 0.75 0 0.75 0 -0.75 1.205425 -0.75 0 0.75 13.43904 0.75 14.66077 -0.5 14.4651 -0.5 14.4651 0.75 14.66077 -0.5 14.94094 -0.5 14.94094 0.75 14.66077 -0.5 15.41678 -0.5 15.41678 0.75 14.66077 0.75 15.8825 -0.5 15.41678 0.75 15.8825 -0.5 15.89262 -0.5 15.89262 0.75 15.8825 -0.04999995 15.89262 -0.04999995 15.89262 0.75 15.8825 0.06538099 15.90403 0.06538099 15.90403 0.75 15.8825 0.179661 15.93847 0.179661 15.93847 0.75 15.8825 0.284709 15.99517 0.284709 15.99517 0.75 15.8825 0.374264 16.06884 0.374264 16.06884 0.75 15.8825 0.447771 16.15852 0.447771 16.15852 0.75 15.8825 0.504306 16.26366 0.504306 16.26366 0.75 15.8825 0.538636 16.37797 0.538636 16.37797 0.75 15.8825 0.55 16.49336 0.55 16.49336 0.75 15.8825 0.75 17.10423 0.55 16.49336 0.75 17.10423 0.538636 16.60875 0.538636 16.60875 0.75 17.10423 0.504306 16.72307 0.504306 16.72307 0.75 17.10423 0.447771 16.8282 0.447771 16.8282 0.75 17.10423 0.374264 16.91789 0.374264 16.91789 0.75 17.10423 0.284709 16.99155 0.284709 16.99155 0.75 17.10423 0.179661 17.04825 0.179661 17.04825 0.75 17.10423 0.06538099 17.08269 0.06538099 17.08269 0.75 17.10423 -0.04999995 17.0941 -0.04999995 17.0941 0.75 17.10423 -0.5 17.0941 -0.5 17.0941 0.75 17.10423 -0.5 17.56994 -0.5 17.56994 0.75 17.10423 0.75 18.32596 -0.5 17.56994 0.75 18.32596 -0.5 18.04578 -0.5 18.04578 0.75 18.32596 -0.5 18.52162 -0.5 18.52162 0.75 18.32596 0.75 19.54769 -0.5 18.52162 0.75 19.54769 -0.75 18.52162 -0.75 18.52162 0.75 19.54769 -0.75 19.67813 -0.75 19.67813 0.75 19.54769 0.75 20.76942 -0.75 19.67813 0.75 20.76942 -0.75 20.83464 -0.75 20.83464 0.75 20.76942 0.75 21.99115 -0.75 20.83464 0.75 21.99115 -0.75 21.99115 -6.893654 8.299538 -7 7.084 5.362311 2.584487 5.362311 2.584487 -7 7.084 -6.893654 5.868463 5.362311 2.584487 -6.893654 5.868463 -6.577848 4.689859 -6.577848 4.689859 -6.062178 3.584 5.362311 2.584487 5.362311 2.584487 -6.062178 3.584 -5.362311 2.584487 5.362311 2.584487 -5.362311 2.584487 4.499513 1.721689 4.499513 1.721689 -5.362311 2.584487 -4.499513 1.721689 4.499513 1.721689 -4.499513 1.721689 3.5 1.021822 3.5 1.021822 -4.499513 1.721689 -3.5 1.021822 3.5 1.021822 -3.5 1.021822 2.394141 0.506152 2.394141 0.506152 -3.5 1.021822 -2.394141 0.506152 2.394141 0.506152 -2.394141 0.506152 1.215537 0.190346 1.215537 0.190346 -2.394141 0.506152 -1.215537 0.190346 1.215537 0.190346 -1.215537 0.190346 0 0.08399999 6.062178 3.584 5.362311 11.58351 5.362311 2.584487 5.362311 2.584487 5.362311 11.58351 4.499513 12.44631 5.362311 2.584487 4.499513 12.44631 3.5 13.14618 5.362311 11.58351 6.062178 3.584 6.062178 10.584 6.062178 10.584 6.062178 3.584 6.577848 4.689859 6.062178 10.584 6.577848 4.689859 6.577848 9.478141 6.577848 9.478141 6.577848 4.689859 6.893654 5.868463 6.577848 9.478141 6.893654 5.868463 6.893654 8.299538 6.893654 8.299538 6.893654 5.868463 7 7.084 3.5 13.14618 2.394141 13.66185 5.362311 2.584487 5.362311 2.584487 2.394141 13.66185 1.215537 13.97765 5.362311 2.584487 1.215537 13.97765 0 14.084 0 14.084 -1.215537 13.97765 5.362311 2.584487 5.362311 2.584487 -1.215537 13.97765 -2.394141 13.66185 5.362311 2.584487 -2.394141 13.66185 -3.5 13.14618 -3.5 13.14618 -4.499513 12.44631 5.362311 2.584487 5.362311 2.584487 -4.499513 12.44631 -5.362311 11.58351 5.362311 2.584487 -5.362311 11.58351 -6.062178 10.584 -6.062178 10.584 -6.577848 9.478141 5.362311 2.584487 5.362311 2.584487 -6.577848 9.478141 -6.893654 8.299538</float_array>
          <technique_common>
            <accessor source="#stitch_result_stitchFBXASC032allMesh-mesh-map-0-array" count="6300" stride="2">
              <param name="S" type="float"/>
              <param name="T" type="float"/>
            </accessor>
          </technique_common>
        </source>
        <vertices id="stitch_result_stitchFBXASC032allMesh-mesh-vertices">
          <input semantic="POSITION" source="#stitch_result_stitchFBXASC032allMesh-mesh-positions"/>
        </vertices>
        <triangles material="MaterialFBXASC032FBXASC03525-material" count="2100">
          <input semantic="VERTEX" source="#stitch_result_stitchFBXASC032allMesh-mesh-vertices" offset="0"/>
          <input semantic="NORMAL" source="#stitch_result_stitchFBXASC032allMesh-mesh-normals" offset="1"/>
          <input semantic="TEXCOORD" source="#stitch_result_stitchFBXASC032allMesh-mesh-map-0" offset="2" set="0"/>
          <p>1 0 0 17 0 1 0 0 2 0 0 3 17 0 4 18 0 5 0 0 6 18 0 7 35 0 8 35 0 9 18 0 10 19 0 11 35 0 12 19 0 13 34 0 14 34 0 15 19 0 16 20 0 17 34 0 18 20 0 19 33 0 20 33 0 21 20 0 22 21 0 23 33 0 24 21 0 25 32 0 26 32 0 27 21 0 28 22 0 29 32 0 30 22 0 31 31 0 32 31 0 33 22 0 34 23 0 35 31 0 36 23 0 37 30 0 38 30 0 39 23 0 40 24 0 41 30 0 42 24 0 43 29 0 44 29 0 45 24 0 46 25 0 47 29 0 48 25 0 49 28 0 50 28 0 51 25 0 52 26 0 53 28 0 54 26 0 55 27 0 56 17 0 57 1 0 58 16 0 59 16 0 60 1 0 61 2 0 62 16 0 63 2 0 64 15 0 65 15 0 66 2 0 67 3 0 68 15 0 69 3 0 70 14 0 71 14 0 72 3 0 73 4 0 74 14 0 75 4 0 76 13 0 77 13 0 78 4 0 79 5 0 80 13 0 81 5 0 82 12 0 83 12 0 84 5 0 85 6 0 86 12 0 87 6 0 88 11 0 89 11 0 90 6 0 91 7 0 92 11 0 93 7 0 94 10 0 95 10 0 96 7 0 97 8 0 98 10 0 99 8 0 100 9 0 101 36 1 102 18 2 103 54 3 104 54 3 105 18 2 106 17 4 107 54 3 108 17 4 109 53 5 110 53 5 111 17 4 112 16 6 113 53 5 114 16 6 115 52 7 116 52 7 117 16 6 118 15 8 119 52 7 120 15 8 121 51 9 122 51 9 123 15 8 124 14 10 125 51 9 126 14 10 127 50 11 128 50 11 129 14 10 130 13 12 131 50 11 132 13 12 133 49 13 134 49 13 135 13 12 136 12 14 137 49 13 138 12 14 139 48 15 140 48 15 141 12 14 142 11 16 143 48 15 144 11 16 145 47 17 146 47 17 147 11 16 148 10 18 149 47 17 150 10 18 151 46 19 152 46 19 153 10 18 154 9 19 155 46 19 156 9 19 157 45 20 158 45 20 159 9 19 160 8 21 161 45 20 162 8 21 163 44 22 164 44 22 165 8 21 166 7 23 167 44 22 168 7 23 169 43 24 170 43 24 171 7 23 172 6 25 173 43 24 174 6 25 175 42 26 176 42 26 177 6 25 178 5 26 179 42 26 180 5 26 181 41 27 182 41 27 183 5 26 184 4 28 185 41 27 186 4 28 187 40 29 188 40 29 189 4 28 190 3 30 191 40 29 192 3 30 193 39 31 194 39 31 195 3 30 196 2 32 197 39 31 198 2 32 199 38 33 200 38 33 201 2 32 202 1 34 203 38 33 204 1 34 205 37 35 206 37 35 207 1 34 208 0 36 209 18 2 210 36 1 211 19 37 212 19 37 213 36 1 214 55 38 215 19 37 216 55 38 217 20 39 218 20 39 219 55 38 220 56 40 221 20 39 222 56 40 223 21 41 224 21 41 225 56 40 226 57 42 227 21 41 228 57 42 229 22 43 230 22 43 231 57 42 232 58 44 233 22 43 234 58 44 235 23 45 236 23 45 237 58 44 238 59 45 239 23 45 240 59 45 241 24 46 242 24 46 243 59 45 244 60 47 245 24 46 246 60 47 247 25 48 248 25 48 249 60 47 250 61 49 251 25 48 252 61 49 253 26 50 254 26 50 255 61 49 256 62 51 257 26 50 258 62 51 259 27 52 260 27 52 261 62 51 262 63 52 263 27 52 264 63 52 265 28 53 266 28 53 267 63 52 268 64 54 269 28 53 270 64 54 271 29 55 272 29 55 273 64 54 274 65 56 275 29 55 276 65 56 277 30 57 278 30 57 279 65 56 280 66 58 281 30 57 282 66 58 283 31 59 284 31 59 285 66 58 286 67 60 287 31 59 288 67 60 289 32 61 290 32 61 291 67 60 292 68 62 293 32 61 294 68 62 295 33 63 296 33 63 297 68 62 298 69 64 299 33 63 300 69 64 301 34 65 302 34 65 303 69 64 304 70 66 305 34 65 306 70 66 307 35 67 308 35 67 309 70 66 310 71 68 311 35 67 312 71 68 313 0 36 314 0 36 315 71 68 316 37 35 317 116 69 318 72 69 319 71 69 320 71 70 321 72 70 322 73 70 323 71 71 324 73 71 325 37 71 326 37 72 327 73 72 328 74 72 329 37 0 330 74 0 331 75 0 332 75 0 333 76 0 334 37 0 335 37 0 336 76 0 337 77 0 338 37 0 339 77 0 340 78 0 341 78 0 342 79 0 343 37 0 344 37 73 345 79 73 346 38 73 347 38 70 348 79 70 349 80 70 350 38 74 351 80 74 352 81 74 353 38 0 354 81 0 355 39 0 356 39 0 357 81 0 358 82 0 359 39 75 360 82 75 361 83 75 362 39 76 363 83 76 364 40 76 365 40 0 366 83 0 367 84 0 368 40 77 369 84 77 370 41 77 371 41 0 372 84 0 373 85 0 374 41 78 375 85 78 376 42 78 377 42 0 378 85 0 379 86 0 380 42 79 381 86 79 382 43 79 383 43 0 384 86 0 385 87 0 386 43 0 387 87 0 388 44 0 389 44 0 390 87 0 391 88 0 392 44 0 393 88 0 394 45 0 395 45 0 396 88 0 397 89 0 398 45 80 399 89 80 400 46 80 401 46 81 402 89 81 403 90 81 404 46 82 405 90 82 406 47 82 407 47 83 408 90 83 409 91 83 410 47 0 411 91 0 412 48 0 413 48 0 414 91 0 415 92 0 416 48 0 417 92 0 418 49 0 419 49 0 420 92 0 421 93 0 422 49 84 423 93 84 424 50 84 425 50 85 426 93 85 427 94 85 428 50 86 429 94 86 430 51 86 431 51 87 432 94 87 433 95 87 434 51 88 435 95 88 436 52 88 437 52 89 438 95 89 439 96 89 440 52 0 441 96 0 442 53 0 443 53 90 444 96 90 445 97 90 446 53 91 447 97 91 448 54 91 449 54 92 450 97 92 451 98 92 452 54 0 453 98 0 454 36 0 455 36 0 456 98 0 457 99 0 458 36 0 459 99 0 460 55 0 461 55 92 462 99 92 463 100 92 464 55 93 465 100 93 466 56 93 467 56 90 468 100 90 469 101 90 470 56 0 471 101 0 472 57 0 473 57 89 474 101 89 475 102 89 476 57 88 477 102 88 478 58 88 479 58 87 480 102 87 481 103 87 482 58 94 483 103 94 484 59 94 485 59 85 486 103 85 487 104 85 488 59 95 489 104 95 490 60 95 491 60 0 492 104 0 493 105 0 494 60 96 495 105 96 496 61 96 497 61 0 498 105 0 499 106 0 500 61 0 501 106 0 502 62 0 503 62 83 504 106 83 505 107 83 506 62 97 507 107 97 508 63 97 509 63 81 510 107 81 511 108 81 512 63 80 513 108 80 514 64 80 515 64 0 516 108 0 517 109 0 518 64 0 519 109 0 520 65 0 521 65 0 522 109 0 523 110 0 524 65 0 525 110 0 526 66 0 527 66 0 528 110 0 529 111 0 530 66 0 531 111 0 532 67 0 533 67 0 534 111 0 535 112 0 536 67 0 537 112 0 538 68 0 539 68 0 540 112 0 541 113 0 542 68 98 543 113 98 544 69 98 545 69 0 546 113 0 547 114 0 548 69 0 549 114 0 550 70 0 551 70 75 552 114 75 553 115 75 554 70 0 555 115 0 556 116 0 557 70 0 558 116 0 559 71 0 560 117 99 561 76 100 562 123 101 563 123 101 564 76 100 565 75 102 566 123 101 567 75 102 568 122 103 569 122 103 570 75 102 571 74 104 572 122 103 573 74 104 574 121 105 575 121 105 576 74 104 577 73 106 578 121 105 579 73 106 580 120 107 581 120 107 582 73 106 583 72 108 584 120 109 585 72 110 586 119 111 587 119 111 588 72 110 589 118 112 590 124 113 591 80 114 592 129 115 593 129 116 594 80 117 595 128 118 596 128 118 597 80 117 598 79 119 599 128 118 600 79 119 601 127 120 602 127 120 603 79 119 604 78 121 605 127 120 606 78 121 607 126 122 608 126 122 609 78 121 610 77 123 611 126 122 612 77 123 613 125 124 614 125 124 615 77 123 616 76 100 617 125 124 618 76 100 619 117 99 620 118 125 621 72 126 622 166 127 623 166 127 624 72 126 625 116 128 626 166 127 627 116 128 628 165 129 629 165 129 630 116 128 631 115 130 632 165 129 633 115 130 634 164 131 635 164 131 636 115 130 637 114 132 638 164 131 639 114 132 640 163 133 641 163 133 642 114 132 643 113 134 644 163 133 645 113 134 646 162 135 647 162 135 648 113 134 649 112 136 650 162 135 651 112 136 652 161 137 653 161 137 654 112 136 655 111 138 656 161 137 657 111 138 658 160 139 659 160 139 660 111 138 661 110 140 662 160 139 663 110 140 664 159 141 665 159 141 666 110 140 667 109 142 668 159 141 669 109 142 670 158 143 671 158 143 672 109 142 673 108 144 674 158 143 675 108 144 676 157 145 677 157 145 678 108 144 679 107 146 680 157 145 681 107 146 682 156 147 683 156 147 684 107 146 685 106 148 686 156 147 687 106 148 688 155 149 689 155 149 690 106 148 691 105 150 692 155 149 693 105 150 694 154 151 695 154 151 696 105 150 697 104 152 698 154 151 699 104 152 700 153 153 701 153 153 702 104 152 703 103 154 704 153 153 705 103 154 706 152 155 707 152 155 708 103 154 709 102 156 710 152 155 711 102 156 712 151 157 713 151 157 714 102 156 715 101 158 716 151 157 717 101 158 718 150 159 719 150 159 720 101 158 721 100 160 722 150 159 723 100 160 724 149 161 725 149 161 726 100 160 727 99 162 728 149 161 729 99 162 730 148 163 731 148 163 732 99 162 733 98 164 734 148 163 735 98 164 736 147 165 737 147 165 738 98 164 739 97 166 740 147 165 741 97 166 742 146 167 743 146 167 744 97 166 745 96 168 746 146 167 747 96 168 748 145 169 749 145 169 750 96 168 751 95 170 752 145 169 753 95 170 754 144 171 755 144 171 756 95 170 757 94 172 758 144 171 759 94 172 760 143 173 761 143 173 762 94 172 763 93 174 764 143 173 765 93 174 766 142 175 767 142 175 768 93 174 769 92 176 770 142 175 771 92 176 772 141 177 773 141 177 774 92 176 775 91 178 776 141 177 777 91 178 778 140 179 779 140 179 780 91 178 781 90 180 782 140 179 783 90 180 784 139 181 785 139 181 786 90 180 787 89 182 788 139 181 789 89 182 790 138 183 791 138 183 792 89 182 793 88 184 794 138 183 795 88 184 796 137 185 797 137 185 798 88 184 799 87 186 800 137 185 801 87 186 802 136 187 803 136 187 804 87 186 805 86 188 806 136 187 807 86 188 808 135 189 809 135 189 810 86 188 811 85 190 812 135 189 813 85 190 814 134 191 815 134 191 816 85 190 817 84 192 818 134 191 819 84 192 820 133 193 821 133 193 822 84 192 823 83 194 824 133 193 825 83 194 826 132 195 827 132 195 828 83 194 829 82 196 830 132 195 831 82 196 832 131 197 833 131 197 834 82 196 835 81 198 836 131 197 837 81 198 838 130 199 839 130 199 840 81 198 841 80 200 842 130 201 843 80 202 844 124 203 845 129 204 846 128 204 847 171 204 848 171 0 849 128 0 850 127 0 851 171 205 852 127 205 853 170 205 854 170 206 855 127 206 856 126 206 857 170 207 858 126 207 859 125 207 860 170 208 861 125 208 862 169 208 863 169 0 864 125 0 865 117 0 866 169 0 867 117 0 868 123 0 869 169 209 870 123 209 871 168 209 872 168 207 873 123 207 874 122 207 875 168 206 876 122 206 877 121 206 878 168 210 879 121 210 880 167 210 881 167 0 882 121 0 883 120 0 884 167 211 885 120 211 886 119 211 887 148 212 888 172 213 889 149 214 890 149 214 891 172 213 892 173 215 893 149 214 894 173 215 895 150 216 896 150 216 897 173 215 898 174 217 899 150 216 900 174 217 901 151 218 902 151 218 903 174 217 904 175 219 905 151 218 906 175 219 907 152 220 908 152 220 909 175 219 910 176 221 911 152 220 912 176 221 913 153 222 914 153 222 915 176 221 916 177 223 917 153 222 918 177 223 919 154 224 920 154 224 921 177 223 922 178 225 923 154 224 924 178 225 925 155 226 926 155 226 927 178 225 928 179 227 929 155 226 930 179 227 931 156 228 932 156 228 933 179 227 934 180 229 935 156 228 936 180 229 937 157 230 938 157 230 939 180 229 940 181 231 941 157 230 942 181 231 943 158 232 944 158 232 945 181 231 946 182 233 947 158 232 948 182 233 949 159 234 950 159 234 951 182 233 952 183 235 953 159 234 954 183 235 955 160 236 956 160 236 957 183 235 958 184 237 959 160 236 960 184 237 961 161 238 962 161 238 963 184 237 964 185 239 965 161 238 966 185 239 967 162 240 968 162 240 969 185 239 970 186 241 971 162 240 972 186 241 973 163 242 974 163 242 975 186 241 976 187 243 977 163 242 978 187 243 979 164 244 980 164 244 981 187 243 982 188 245 983 164 244 984 188 245 985 165 246 986 165 246 987 188 245 988 189 247 989 165 246 990 189 247 991 166 248 992 166 248 993 189 247 994 190 249 995 166 248 996 190 249 997 118 250 998 118 250 999 190 249 1000 119 251 1001 119 251 1002 190 249 1003 191 252 1004 119 253 1005 191 254 1006 167 255 1007 167 255 1008 191 254 1009 168 256 1010 168 257 1011 191 258 1012 169 259 1013 169 260 1014 191 261 1015 170 262 1016 170 263 1017 191 264 1018 171 265 1019 171 266 1020 191 252 1021 129 267 1022 129 267 1023 191 252 1024 192 268 1025 129 267 1026 192 268 1027 124 269 1028 124 269 1029 192 268 1030 130 270 1031 130 270 1032 192 268 1033 193 271 1034 130 270 1035 193 271 1036 131 272 1037 131 272 1038 193 271 1039 194 273 1040 131 272 1041 194 273 1042 132 274 1043 132 274 1044 194 273 1045 195 275 1046 132 274 1047 195 275 1048 133 276 1049 133 276 1050 195 275 1051 196 277 1052 133 276 1053 196 277 1054 134 278 1055 134 278 1056 196 277 1057 197 279 1058 134 278 1059 197 279 1060 135 280 1061 135 280 1062 197 279 1063 198 281 1064 135 280 1065 198 281 1066 136 282 1067 136 282 1068 198 281 1069 199 283 1070 136 282 1071 199 283 1072 137 284 1073 137 284 1074 199 283 1075 200 285 1076 137 284 1077 200 285 1078 138 286 1079 138 286 1080 200 285 1081 201 287 1082 138 286 1083 201 287 1084 139 288 1085 139 288 1086 201 287 1087 202 289 1088 139 288 1089 202 289 1090 140 290 1091 140 290 1092 202 289 1093 203 291 1094 140 290 1095 203 291 1096 141 292 1097 141 292 1098 203 291 1099 204 293 1100 141 292 1101 204 293 1102 142 294 1103 142 294 1104 204 293 1105 205 295 1106 142 294 1107 205 295 1108 143 296 1109 143 296 1110 205 295 1111 206 297 1112 143 296 1113 206 297 1114 144 298 1115 144 298 1116 206 297 1117 207 299 1118 144 298 1119 207 299 1120 145 300 1121 145 300 1122 207 299 1123 208 301 1124 145 300 1125 208 301 1126 146 302 1127 146 302 1128 208 301 1129 209 303 1130 146 302 1131 209 303 1132 147 304 1133 147 304 1134 209 303 1135 172 213 1136 147 304 1137 172 213 1138 148 212 1139 211 305 1140 212 305 1141 210 305 1142 210 306 1143 212 306 1144 213 306 1145 210 307 1146 213 307 1147 214 307 1148 214 308 1149 215 308 1150 210 308 1151 217 309 1152 218 310 1153 216 311 1154 216 311 1155 218 310 1156 231 312 1157 231 312 1158 218 310 1159 219 313 1160 231 312 1161 219 313 1162 230 314 1163 230 314 1164 219 313 1165 220 315 1166 230 314 1167 220 315 1168 221 316 1169 221 316 1170 222 317 1171 230 314 1172 230 314 1173 222 317 1174 223 318 1175 230 314 1176 223 318 1177 224 319 1178 230 314 1179 224 319 1180 229 320 1181 229 320 1182 224 319 1183 225 321 1184 229 320 1185 225 321 1186 226 322 1187 227 323 1188 228 324 1189 226 322 1190 226 322 1191 228 324 1192 229 320 1193 227 325 1194 232 325 1195 228 325 1196 228 326 1197 232 326 1198 233 326 1199 228 327 1200 233 327 1201 234 327 1202 234 328 1203 235 328 1204 228 328 1205 236 329 1206 237 329 1207 216 329 1208 216 330 1209 237 330 1210 238 330 1211 216 331 1212 238 331 1213 239 331 1214 239 332 1215 217 332 1216 216 332 1217 240 333 1218 241 334 1219 249 335 1220 249 335 1221 241 334 1222 248 336 1223 248 336 1224 241 334 1225 242 337 1226 248 336 1227 242 337 1228 247 338 1229 247 338 1230 242 337 1231 246 339 1232 246 339 1233 242 337 1234 243 340 1235 246 339 1236 243 340 1237 245 341 1238 245 341 1239 243 340 1240 244 342 1241 249 343 1242 250 343 1243 240 343 1244 240 344 1245 250 344 1246 251 344 1247 240 345 1248 251 345 1249 252 345 1250 252 346 1251 253 346 1252 240 346 1253 254 347 1254 255 348 1255 261 349 1256 261 350 1257 255 351 1258 256 352 1259 261 350 1260 256 352 1261 260 353 1262 260 353 1263 256 352 1264 257 354 1265 260 353 1266 257 354 1267 258 355 1268 260 353 1269 258 355 1270 243 340 1271 243 340 1272 258 355 1273 259 356 1274 243 340 1275 259 356 1276 244 342 1277 285 357 1278 262 358 1279 291 359 1280 291 359 1281 262 358 1282 263 360 1283 291 359 1284 263 360 1285 264 361 1286 264 361 1287 172 213 1288 291 359 1289 291 359 1290 172 213 1291 209 303 1292 291 359 1293 209 303 1294 292 362 1295 292 362 1296 209 303 1297 208 301 1298 292 362 1299 208 301 1300 290 363 1301 290 363 1302 208 301 1303 207 299 1304 290 363 1305 207 299 1306 293 364 1307 293 364 1308 207 299 1309 294 365 1310 293 364 1311 294 365 1312 283 366 1313 283 366 1314 294 365 1315 282 367 1316 282 367 1317 294 365 1318 295 368 1319 282 367 1320 295 368 1321 281 369 1322 281 369 1323 295 368 1324 296 370 1325 281 369 1326 296 370 1327 280 371 1328 280 371 1329 296 370 1330 297 372 1331 280 371 1332 297 372 1333 279 373 1334 279 373 1335 297 372 1336 298 374 1337 279 373 1338 298 374 1339 278 375 1340 278 375 1341 298 374 1342 288 376 1343 278 375 1344 288 376 1345 289 377 1346 289 377 1347 288 376 1348 201 287 1349 289 377 1350 201 287 1351 299 378 1352 299 378 1353 201 287 1354 200 285 1355 299 378 1356 200 285 1357 300 379 1358 300 379 1359 200 285 1360 199 283 1361 300 379 1362 199 283 1363 301 380 1364 301 380 1365 199 283 1366 198 281 1367 301 380 1368 198 281 1369 302 381 1370 302 381 1371 198 281 1372 197 279 1373 302 381 1374 197 279 1375 287 382 1376 287 382 1377 197 279 1378 196 277 1379 287 382 1380 196 277 1381 303 383 1382 303 383 1383 196 277 1384 304 384 1385 303 383 1386 304 384 1387 272 385 1388 272 385 1389 304 384 1390 271 386 1391 271 386 1392 304 384 1393 305 387 1394 271 386 1395 305 387 1396 270 388 1397 270 388 1398 305 387 1399 306 389 1400 270 388 1401 306 389 1402 269 390 1403 269 390 1404 306 389 1405 307 391 1406 269 390 1407 307 391 1408 268 392 1409 268 392 1410 307 391 1411 286 393 1412 268 392 1413 286 393 1414 267 394 1415 267 394 1416 286 393 1417 266 395 1418 266 395 1419 286 393 1420 265 396 1421 265 396 1422 286 393 1423 192 268 1424 265 396 1425 192 268 1426 191 252 1427 207 299 1428 206 297 1429 294 365 1430 294 365 1431 206 297 1432 295 368 1433 206 297 1434 205 295 1435 295 368 1436 295 368 1437 205 295 1438 296 370 1439 205 295 1440 204 293 1441 296 370 1442 296 370 1443 204 293 1444 297 372 1445 204 293 1446 203 291 1447 297 372 1448 297 372 1449 203 291 1450 298 374 1451 203 291 1452 202 289 1453 298 374 1454 298 374 1455 202 289 1456 288 376 1457 202 289 1458 201 287 1459 288 376 1460 196 277 1461 195 275 1462 304 384 1463 304 384 1464 195 275 1465 305 387 1466 195 275 1467 194 273 1468 305 387 1469 305 387 1470 194 273 1471 306 389 1472 194 273 1473 193 271 1474 306 389 1475 306 389 1476 193 271 1477 307 391 1478 193 271 1479 192 268 1480 307 391 1481 307 391 1482 192 268 1483 286 393 1484 303 383 1485 272 385 1486 287 382 1487 287 382 1488 272 385 1489 273 397 1490 287 382 1491 273 397 1492 302 381 1493 302 381 1494 273 397 1495 274 398 1496 302 381 1497 274 398 1498 301 380 1499 301 380 1500 274 398 1501 275 399 1502 301 380 1503 275 399 1504 300 379 1505 300 379 1506 275 399 1507 276 400 1508 300 379 1509 276 400 1510 299 378 1511 299 378 1512 276 400 1513 277 401 1514 299 378 1515 277 401 1516 289 377 1517 289 377 1518 277 401 1519 278 375 1520 293 364 1521 283 366 1522 290 363 1523 290 363 1524 283 366 1525 284 402 1526 290 363 1527 284 402 1528 292 362 1529 292 362 1530 284 402 1531 285 357 1532 292 362 1533 285 357 1534 291 359 1535 244 403 1536 262 358 1537 245 404 1538 245 404 1539 262 358 1540 246 405 1541 246 405 1542 262 358 1543 247 406 1544 247 406 1545 262 358 1546 248 407 1547 248 407 1548 262 358 1549 285 357 1550 248 407 1551 285 357 1552 249 408 1553 249 409 1554 285 357 1555 250 410 1556 250 410 1557 285 357 1558 251 411 1559 251 411 1560 285 357 1561 252 412 1562 252 412 1563 285 357 1564 253 413 1565 253 413 1566 285 357 1567 284 402 1568 253 413 1569 284 402 1570 335 414 1571 335 414 1572 284 402 1573 334 415 1574 334 415 1575 284 402 1576 283 366 1577 334 415 1578 283 366 1579 333 416 1580 333 416 1581 283 366 1582 282 367 1583 333 416 1584 282 367 1585 332 417 1586 332 417 1587 282 367 1588 281 369 1589 332 417 1590 281 369 1591 331 418 1592 331 418 1593 281 369 1594 280 371 1595 331 418 1596 280 371 1597 330 419 1598 330 419 1599 280 371 1600 279 373 1601 330 419 1602 279 373 1603 329 420 1604 329 420 1605 279 373 1606 278 375 1607 329 420 1608 278 375 1609 236 421 1610 236 421 1611 278 375 1612 237 422 1613 237 422 1614 278 375 1615 238 423 1616 238 423 1617 278 375 1618 277 401 1619 238 423 1620 277 401 1621 239 424 1622 239 424 1623 277 401 1624 217 425 1625 217 425 1626 277 401 1627 218 426 1628 218 426 1629 277 401 1630 219 427 1631 219 427 1632 277 401 1633 220 428 1634 220 428 1635 277 401 1636 221 429 1637 221 429 1638 277 401 1639 222 430 1640 222 430 1641 277 401 1642 276 400 1643 222 430 1644 276 400 1645 223 431 1646 223 431 1647 276 400 1648 224 432 1649 224 432 1650 276 400 1651 225 433 1652 225 433 1653 276 400 1654 226 434 1655 226 434 1656 276 400 1657 227 435 1658 227 436 1659 276 400 1660 232 437 1661 232 437 1662 276 400 1663 233 438 1664 233 438 1665 276 400 1666 275 399 1667 233 438 1668 275 399 1669 234 439 1670 234 439 1671 275 399 1672 235 440 1673 235 440 1674 275 399 1675 324 441 1676 235 440 1677 324 441 1678 325 442 1679 275 399 1680 274 398 1681 324 441 1682 324 441 1683 274 398 1684 323 443 1685 323 443 1686 274 398 1687 273 397 1688 323 443 1689 273 397 1690 322 444 1691 322 444 1692 273 397 1693 272 385 1694 322 444 1695 272 385 1696 321 445 1697 321 445 1698 272 385 1699 271 386 1700 321 445 1701 271 386 1702 320 446 1703 320 446 1704 271 386 1705 270 388 1706 320 446 1707 270 388 1708 319 447 1709 319 447 1710 270 388 1711 269 390 1712 319 447 1713 269 390 1714 318 448 1715 318 448 1716 269 390 1717 211 449 1718 318 448 1719 211 449 1720 317 450 1721 317 450 1722 211 449 1723 313 451 1724 317 450 1725 313 451 1726 314 452 1727 269 390 1728 268 392 1729 211 449 1730 211 449 1731 268 392 1732 212 453 1733 212 453 1734 268 392 1735 213 454 1736 213 454 1737 268 392 1738 214 455 1739 214 455 1740 268 392 1741 215 456 1742 215 456 1743 268 392 1744 267 394 1745 215 456 1746 267 394 1747 312 457 1748 312 457 1749 267 394 1750 311 458 1751 311 458 1752 267 394 1753 310 459 1754 310 459 1755 267 394 1756 309 460 1757 309 460 1758 267 394 1759 308 461 1760 315 462 1761 316 463 1762 314 452 1763 314 452 1764 316 463 1765 317 450 1766 235 440 1767 325 442 1768 342 464 1769 342 464 1770 325 442 1771 326 465 1772 342 464 1773 326 465 1774 327 466 1775 342 464 1776 327 466 1777 341 467 1778 341 467 1779 327 466 1780 328 468 1781 341 467 1782 328 468 1783 236 421 1784 236 421 1785 328 468 1786 329 420 1787 335 414 1788 336 469 1789 253 413 1790 253 413 1791 336 469 1792 340 470 1793 340 470 1794 336 469 1795 339 471 1796 339 471 1797 336 469 1798 337 472 1799 339 471 1800 337 472 1801 338 473 1802 263 360 1803 262 358 1804 361 474 1805 361 474 1806 262 358 1807 343 475 1808 361 474 1809 343 475 1810 367 476 1811 367 476 1812 343 475 1813 344 477 1814 367 476 1815 344 477 1816 363 478 1817 363 478 1818 344 477 1819 345 479 1820 363 478 1821 345 479 1822 362 480 1823 362 480 1824 345 479 1825 368 481 1826 362 480 1827 368 481 1828 175 219 1829 175 219 1830 368 481 1831 176 221 1832 176 221 1833 368 481 1834 369 482 1835 176 221 1836 369 482 1837 177 223 1838 177 223 1839 369 482 1840 370 483 1841 177 223 1842 370 483 1843 178 225 1844 178 225 1845 370 483 1846 371 484 1847 178 225 1848 371 484 1849 179 227 1850 179 227 1851 371 484 1852 372 485 1853 179 227 1854 372 485 1855 180 229 1856 180 229 1857 372 485 1858 373 486 1859 180 229 1860 373 486 1861 364 487 1862 364 487 1863 373 486 1864 350 488 1865 364 487 1866 350 488 1867 351 489 1868 345 479 1869 346 490 1870 368 481 1871 368 481 1872 346 490 1873 369 482 1874 346 490 1875 347 491 1876 369 482 1877 369 482 1878 347 491 1879 370 483 1880 347 491 1881 348 492 1882 370 483 1883 370 483 1884 348 492 1885 371 484 1886 348 492 1887 349 493 1888 371 484 1889 371 484 1890 349 493 1891 372 485 1892 349 493 1893 350 488 1894 372 485 1895 372 485 1896 350 488 1897 373 486 1898 364 487 1899 351 489 1900 374 494 1901 374 494 1902 351 489 1903 352 495 1904 374 494 1905 352 495 1906 375 496 1907 375 496 1908 352 495 1909 353 497 1910 375 496 1911 353 497 1912 376 498 1913 376 498 1914 353 497 1915 354 499 1916 376 498 1917 354 499 1918 377 500 1919 377 500 1920 354 499 1921 355 501 1922 377 500 1923 355 501 1924 366 502 1925 366 502 1926 355 501 1927 356 503 1928 366 502 1929 356 503 1930 365 504 1931 365 504 1932 356 503 1933 378 505 1934 365 504 1935 378 505 1936 186 241 1937 186 241 1938 378 505 1939 187 243 1940 187 243 1941 378 505 1942 379 506 1943 187 243 1944 379 506 1945 188 245 1946 188 245 1947 379 506 1948 380 507 1949 188 245 1950 380 507 1951 189 247 1952 189 247 1953 380 507 1954 381 508 1955 189 247 1956 381 508 1957 190 249 1958 190 249 1959 381 508 1960 382 509 1961 190 249 1962 382 509 1963 191 252 1964 191 252 1965 382 509 1966 265 396 1967 265 396 1968 382 509 1969 266 395 1970 266 395 1971 382 509 1972 267 394 1973 267 394 1974 382 509 1975 360 510 1976 360 510 1977 382 509 1978 381 508 1979 360 510 1980 381 508 1981 359 511 1982 359 511 1983 381 508 1984 380 507 1985 359 511 1986 380 507 1987 358 512 1988 358 512 1989 380 507 1990 379 506 1991 358 512 1992 379 506 1993 357 513 1994 357 513 1995 379 506 1996 378 505 1997 357 513 1998 378 505 1999 356 503 2000 186 241 2001 185 239 2002 365 504 2003 365 504 2004 185 239 2005 366 502 2006 366 502 2007 185 239 2008 377 500 2009 377 500 2010 185 239 2011 184 237 2012 377 500 2013 184 237 2014 376 498 2015 376 498 2016 184 237 2017 183 235 2018 376 498 2019 183 235 2020 375 496 2021 375 496 2022 183 235 2023 182 233 2024 375 496 2025 182 233 2026 374 494 2027 374 494 2028 182 233 2029 181 231 2030 374 494 2031 181 231 2032 364 487 2033 364 487 2034 181 231 2035 180 229 2036 175 219 2037 174 217 2038 362 480 2039 362 480 2040 174 217 2041 363 478 2042 363 478 2043 174 217 2044 367 476 2045 367 476 2046 174 217 2047 173 215 2048 367 476 2049 173 215 2050 361 474 2051 361 474 2052 173 215 2053 264 361 2054 361 474 2055 264 361 2056 263 360 2057 173 215 2058 172 213 2059 264 361 2060 384 0 2061 394 0 2062 383 0 2063 383 0 2064 394 0 2065 395 0 2066 383 514 2067 395 514 2068 396 514 2069 385 0 2070 409 0 2071 384 0 2072 384 0 2073 409 0 2074 410 0 2075 384 515 2076 410 515 2077 411 515 2078 386 0 2079 407 0 2080 385 0 2081 385 516 2082 407 516 2083 408 516 2084 385 517 2085 408 517 2086 409 517 2087 387 0 2088 405 0 2089 386 0 2090 386 518 2091 405 518 2092 406 518 2093 386 519 2094 406 519 2095 407 519 2096 388 0 2097 400 0 2098 387 0 2099 387 520 2100 400 520 2101 401 520 2102 387 521 2103 401 521 2104 402 521 2105 389 0 2106 397 0 2107 388 0 2108 388 522 2109 397 522 2110 398 522 2111 388 523 2112 398 523 2113 399 523 2114 389 0 2115 390 0 2116 397 0 2117 397 524 2118 390 524 2119 391 524 2120 397 0 2121 391 0 2122 383 0 2123 411 0 2124 392 0 2125 384 0 2126 384 525 2127 392 525 2128 393 525 2129 384 526 2130 393 526 2131 394 526 2132 396 0 2133 397 0 2134 383 0 2135 399 0 2136 400 0 2137 388 0 2138 402 0 2139 403 0 2140 387 0 2141 387 527 2142 403 527 2143 404 527 2144 387 0 2145 404 0 2146 405 0 2147 412 528 2148 413 529 2149 388 530 2150 388 530 2151 413 529 2152 389 531 2153 389 531 2154 413 529 2155 414 532 2156 389 531 2157 414 532 2158 390 533 2159 390 533 2160 414 532 2161 415 534 2162 390 533 2163 415 534 2164 416 535 2165 416 535 2166 417 536 2167 390 533 2168 390 533 2169 417 536 2170 418 537 2171 390 533 2172 418 537 2173 419 538 2174 390 533 2175 419 538 2176 391 539 2177 391 539 2178 419 538 2179 420 540 2180 391 539 2181 420 540 2182 421 541 2183 422 542 2184 383 543 2185 421 541 2186 421 541 2187 383 543 2188 391 539 2189 422 544 2190 423 544 2191 383 544 2192 383 545 2193 423 545 2194 424 545 2195 383 546 2196 424 546 2197 425 546 2198 425 547 2199 384 547 2200 383 547 2201 387 548 2202 426 548 2203 388 548 2204 388 549 2205 426 549 2206 427 549 2207 388 550 2208 427 550 2209 428 550 2210 428 551 2211 412 551 2212 388 551 2213 430 552 2214 452 552 2215 429 552 2216 429 0 2217 452 0 2218 453 0 2219 429 553 2220 453 553 2221 454 553 2222 431 554 2223 450 554 2224 430 554 2225 430 555 2226 450 555 2227 451 555 2228 430 556 2229 451 556 2230 452 556 2231 432 0 2232 448 0 2233 431 0 2234 431 557 2235 448 557 2236 449 557 2237 431 558 2238 449 558 2239 450 558 2240 448 0 2241 432 0 2242 447 0 2243 447 0 2244 432 0 2245 315 0 2246 447 0 2247 315 0 2248 446 0 2249 446 0 2250 315 0 2251 445 0 2252 445 0 2253 315 0 2254 314 0 2255 445 0 2256 314 0 2257 444 0 2258 444 0 2259 314 0 2260 313 0 2261 444 559 2262 313 559 2263 443 559 2264 443 560 2265 313 560 2266 442 560 2267 442 561 2268 313 561 2269 211 561 2270 442 562 2271 211 562 2272 441 562 2273 441 563 2274 211 563 2275 440 563 2276 440 0 2277 211 0 2278 210 0 2279 440 0 2280 210 0 2281 439 0 2282 439 0 2283 210 0 2284 438 0 2285 438 564 2286 210 564 2287 437 564 2288 437 0 2289 210 0 2290 436 0 2291 436 0 2292 210 0 2293 433 0 2294 436 0 2295 433 0 2296 434 0 2297 434 0 2298 435 0 2299 436 0 2300 436 0 2301 435 0 2302 429 0 2303 436 565 2304 429 565 2305 455 565 2306 455 564 2307 429 564 2308 454 564 2309 215 566 2310 312 567 2311 210 568 2312 210 568 2313 312 567 2314 433 569 2315 433 569 2316 312 567 2317 311 570 2318 433 569 2319 311 570 2320 434 571 2321 434 571 2322 311 570 2323 310 572 2324 434 571 2325 310 572 2326 309 573 2327 309 573 2328 308 574 2329 434 571 2330 434 571 2331 308 574 2332 456 575 2333 434 571 2334 456 575 2335 457 576 2336 434 571 2337 457 576 2338 435 577 2339 435 577 2340 457 576 2341 458 578 2342 435 577 2343 458 578 2344 459 579 2345 460 580 2346 429 581 2347 459 579 2348 459 579 2349 429 581 2350 435 577 2351 460 582 2352 461 582 2353 429 582 2354 429 583 2355 461 583 2356 462 583 2357 429 584 2358 462 584 2359 463 584 2360 463 585 2361 430 585 2362 429 585 2363 235 0 2364 476 0 2365 228 0 2366 228 0 2367 476 0 2368 477 0 2369 228 523 2370 477 523 2371 478 523 2372 342 0 2373 471 0 2374 235 0 2375 235 0 2376 471 0 2377 472 0 2378 235 527 2379 472 527 2380 473 527 2381 341 0 2382 469 0 2383 342 0 2384 342 519 2385 469 519 2386 470 519 2387 342 518 2388 470 518 2389 471 518 2390 236 0 2391 467 0 2392 341 0 2393 341 517 2394 467 517 2395 468 517 2396 341 516 2397 468 516 2398 469 516 2399 216 0 2400 482 0 2401 236 0 2402 236 526 2403 482 526 2404 483 526 2405 236 525 2406 483 525 2407 464 525 2408 231 0 2409 479 0 2410 216 0 2411 216 586 2412 479 586 2413 480 586 2414 216 514 2415 480 514 2416 481 514 2417 231 0 2418 230 0 2419 479 0 2420 479 587 2421 230 587 2422 229 587 2423 479 0 2424 229 0 2425 228 0 2426 464 0 2427 465 0 2428 236 0 2429 236 515 2430 465 515 2431 466 515 2432 236 0 2433 466 0 2434 467 0 2435 473 0 2436 474 0 2437 235 0 2438 235 521 2439 474 521 2440 475 521 2441 235 520 2442 475 520 2443 476 520 2444 478 0 2445 479 0 2446 228 0 2447 481 0 2448 482 0 2449 216 0 2450 253 588 2451 493 588 2452 240 588 2453 240 0 2454 493 0 2455 494 0 2456 240 589 2457 494 589 2458 495 589 2459 340 590 2460 491 590 2461 253 590 2462 253 591 2463 491 591 2464 492 591 2465 253 592 2466 492 592 2467 493 592 2468 339 0 2469 489 0 2470 340 0 2471 340 593 2472 489 593 2473 490 593 2474 340 594 2475 490 594 2476 491 594 2477 489 0 2478 339 0 2479 488 0 2480 488 0 2481 339 0 2482 338 0 2483 488 0 2484 338 0 2485 487 0 2486 487 0 2487 338 0 2488 506 0 2489 506 0 2490 338 0 2491 484 0 2492 506 0 2493 484 0 2494 505 0 2495 505 0 2496 484 0 2497 485 0 2498 505 595 2499 485 595 2500 504 595 2501 504 596 2502 485 596 2503 503 596 2504 503 597 2505 485 597 2506 486 597 2507 503 598 2508 486 598 2509 502 598 2510 502 599 2511 486 599 2512 501 599 2513 501 0 2514 486 0 2515 254 0 2516 501 0 2517 254 0 2518 500 0 2519 500 0 2520 254 0 2521 499 0 2522 499 600 2523 254 600 2524 498 600 2525 498 0 2526 254 0 2527 497 0 2528 497 601 2529 254 601 2530 261 601 2531 497 0 2532 261 0 2533 260 0 2534 260 0 2535 243 0 2536 497 0 2537 497 0 2538 243 0 2539 242 0 2540 497 0 2541 242 0 2542 241 0 2543 241 0 2544 240 0 2545 497 0 2546 497 602 2547 240 602 2548 496 602 2549 496 600 2550 240 600 2551 495 600 2552 486 603 2553 507 603 2554 254 603 2555 254 604 2556 507 604 2557 508 604 2558 254 605 2559 508 605 2560 509 605 2561 509 606 2562 255 606 2563 254 606 2564 511 607 2565 514 607 2566 510 607 2567 510 607 2568 514 607 2569 515 607 2570 510 607 2571 515 607 2572 516 607 2573 512 607 2574 513 607 2575 511 607 2576 511 607 2577 513 607 2578 514 607 2579 510 607 2580 516 607 2581 532 607 2582 532 607 2583 516 607 2584 517 607 2585 532 608 2586 517 608 2587 518 608 2588 532 607 2589 518 607 2590 531 607 2591 531 607 2592 518 607 2593 519 607 2594 531 609 2595 519 609 2596 530 609 2597 530 610 2598 519 610 2599 520 610 2600 530 611 2601 520 611 2602 529 611 2603 529 612 2604 520 612 2605 528 612 2606 528 613 2607 520 613 2608 521 613 2609 528 614 2610 521 614 2611 527 614 2612 527 615 2613 521 615 2614 526 615 2615 526 607 2616 521 607 2617 522 607 2618 526 616 2619 522 616 2620 525 616 2621 525 617 2622 522 617 2623 523 617 2624 525 618 2625 523 618 2626 524 618 2627 535 619 2628 544 620 2629 534 621 2630 537 622 2631 544 623 2632 536 624 2633 539 625 2634 544 626 2635 538 627 2636 541 628 2637 544 629 2638 540 630 2639 543 631 2640 544 632 2641 542 633 2642 536 634 2643 544 635 2644 535 636 2645 542 637 2646 544 638 2647 541 639 2648 540 640 2649 544 641 2650 539 642 2651 538 643 2652 544 644 2653 537 645 2654 534 646 2655 544 647 2656 533 648 2657 547 649 2658 556 650 2659 546 651 2660 547 652 2661 548 653 2662 556 654 2663 556 654 2664 548 653 2665 549 655 2666 551 656 2667 556 657 2668 550 658 2669 551 656 2670 552 659 2671 556 657 2672 552 660 2673 553 661 2674 556 662 2675 556 662 2676 553 661 2677 554 663 2678 555 664 2679 556 665 2680 554 666 2681 550 667 2682 556 668 2683 549 669 2684 546 670 2685 556 671 2686 545 672 2687 532 673 2688 531 674 2689 557 675 2690 557 675 2691 531 674 2692 560 676 2693 560 676 2694 531 674 2695 530 677 2696 560 676 2697 530 677 2698 559 678 2699 559 678 2700 530 677 2701 558 679 2702 558 679 2703 530 677 2704 529 680 2705 561 681 2706 474 682 2707 571 683 2708 571 683 2709 474 682 2710 473 684 2711 571 683 2712 473 684 2713 570 685 2714 570 685 2715 473 684 2716 472 686 2717 570 685 2718 472 686 2719 569 687 2720 569 687 2721 472 686 2722 471 688 2723 569 687 2724 471 688 2725 568 689 2726 568 689 2727 471 688 2728 470 690 2729 568 689 2730 470 690 2731 567 691 2732 567 691 2733 470 690 2734 469 692 2735 567 691 2736 469 692 2737 566 693 2738 566 693 2739 469 692 2740 468 694 2741 566 693 2742 468 694 2743 565 695 2744 565 695 2745 468 694 2746 467 696 2747 565 695 2748 467 696 2749 564 697 2750 564 697 2751 467 696 2752 466 698 2753 564 697 2754 466 698 2755 563 699 2756 563 699 2757 466 698 2758 465 700 2759 563 699 2760 465 700 2761 562 701 2762 562 701 2763 465 700 2764 464 702 2765 572 703 2766 497 704 2767 582 705 2768 582 705 2769 497 704 2770 496 706 2771 582 705 2772 496 706 2773 581 707 2774 581 707 2775 496 706 2776 495 708 2777 581 707 2778 495 708 2779 580 709 2780 580 709 2781 495 708 2782 494 710 2783 580 709 2784 494 710 2785 579 711 2786 579 711 2787 494 710 2788 493 712 2789 579 711 2790 493 712 2791 578 713 2792 578 713 2793 493 712 2794 492 714 2795 578 713 2796 492 714 2797 577 715 2798 577 715 2799 492 714 2800 491 716 2801 577 715 2802 491 716 2803 576 717 2804 576 717 2805 491 716 2806 490 718 2807 576 717 2808 490 718 2809 575 719 2810 575 719 2811 490 718 2812 489 720 2813 575 719 2814 489 720 2815 574 721 2816 574 721 2817 489 720 2818 488 722 2819 574 721 2820 488 722 2821 573 723 2822 573 723 2823 488 722 2824 487 724 2825 583 725 2826 446 726 2827 593 727 2828 593 727 2829 446 726 2830 445 728 2831 593 727 2832 445 728 2833 592 729 2834 592 729 2835 445 728 2836 444 730 2837 592 729 2838 444 730 2839 591 731 2840 591 731 2841 444 730 2842 443 732 2843 591 731 2844 443 732 2845 590 733 2846 590 733 2847 443 732 2848 442 734 2849 590 733 2850 442 734 2851 589 735 2852 589 735 2853 442 734 2854 441 736 2855 589 735 2856 441 736 2857 588 737 2858 588 737 2859 441 736 2860 440 738 2861 588 737 2862 440 738 2863 587 739 2864 587 739 2865 440 738 2866 439 740 2867 587 739 2868 439 740 2869 586 741 2870 586 741 2871 439 740 2872 438 742 2873 586 741 2874 438 742 2875 585 743 2876 585 743 2877 438 742 2878 437 744 2879 585 743 2880 437 744 2881 584 745 2882 584 745 2883 437 744 2884 436 746 2885 594 747 2886 402 748 2887 604 749 2888 604 749 2889 402 748 2890 401 750 2891 604 749 2892 401 750 2893 603 751 2894 603 751 2895 401 750 2896 400 751 2897 603 751 2898 400 751 2899 602 752 2900 602 752 2901 400 751 2902 399 752 2903 602 752 2904 399 752 2905 601 753 2906 601 753 2907 399 752 2908 398 754 2909 601 753 2910 398 754 2911 600 755 2912 600 755 2913 398 754 2914 397 756 2915 600 755 2916 397 756 2917 599 757 2918 599 757 2919 397 756 2920 396 758 2921 599 757 2922 396 758 2923 598 759 2924 598 759 2925 396 758 2926 395 759 2927 598 759 2928 395 759 2929 597 760 2930 597 760 2931 395 759 2932 394 760 2933 597 760 2934 394 760 2935 596 761 2936 596 761 2937 394 760 2938 393 762 2939 596 761 2940 393 762 2941 595 763 2942 595 763 2943 393 762 2944 392 764 2945 620 765 2946 605 766 2947 615 767 2948 615 767 2949 605 766 2950 606 768 2951 615 767 2952 606 768 2953 614 769 2954 614 769 2955 606 768 2956 607 770 2957 614 769 2958 607 770 2959 613 771 2960 613 771 2961 607 770 2962 608 772 2963 613 771 2964 608 772 2965 612 773 2966 612 773 2967 608 772 2968 609 774 2969 612 773 2970 609 774 2971 611 775 2972 611 775 2973 609 774 2974 610 776 2975 616 777 2976 617 778 2977 615 767 2978 615 767 2979 617 778 2980 618 779 2981 615 767 2982 618 779 2983 619 780 2984 619 780 2985 620 765 2986 615 767 2987 360 510 2988 459 781 2989 267 394 2990 267 394 2991 459 781 2992 458 782 2993 267 394 2994 458 782 2995 457 783 2996 359 511 2997 430 784 2998 360 510 2999 360 510 3000 430 784 3001 463 785 3002 360 510 3003 463 785 3004 462 786 3005 358 512 3006 638 787 3007 359 511 3008 359 511 3009 638 787 3010 639 788 3011 359 511 3012 639 788 3013 430 784 3014 430 784 3015 639 788 3016 640 789 3017 430 784 3018 640 789 3019 431 790 3020 431 790 3021 640 789 3022 432 791 3023 432 791 3024 640 789 3025 316 463 3026 432 791 3027 316 463 3028 315 462 3029 638 787 3030 358 512 3031 637 792 3032 637 792 3033 358 512 3034 357 513 3035 637 792 3036 357 513 3037 636 793 3038 636 793 3039 357 513 3040 356 503 3041 636 793 3042 356 503 3043 635 794 3044 635 794 3045 356 503 3046 355 501 3047 635 794 3048 355 501 3049 634 795 3050 634 795 3051 355 501 3052 354 499 3053 634 795 3054 354 499 3055 633 796 3056 633 796 3057 354 499 3058 353 497 3059 633 796 3060 353 497 3061 387 797 3062 387 797 3063 353 497 3064 426 798 3065 426 798 3066 353 497 3067 427 799 3068 427 799 3069 353 497 3070 352 495 3071 427 799 3072 352 495 3073 428 800 3074 428 800 3075 352 495 3076 412 801 3077 412 801 3078 352 495 3079 413 802 3080 413 802 3081 352 495 3082 414 803 3083 414 803 3084 352 495 3085 415 804 3086 415 804 3087 352 495 3088 416 805 3089 416 805 3090 352 495 3091 417 806 3092 417 806 3093 352 495 3094 351 489 3095 417 806 3096 351 489 3097 418 807 3098 418 807 3099 351 489 3100 419 808 3101 419 808 3102 351 489 3103 420 809 3104 420 809 3105 351 489 3106 421 810 3107 421 810 3108 351 489 3109 422 811 3110 422 812 3111 351 489 3112 423 813 3113 423 813 3114 351 489 3115 424 814 3116 424 814 3117 351 489 3118 350 488 3119 424 814 3120 350 488 3121 425 815 3122 425 815 3123 350 488 3124 384 816 3125 384 816 3126 350 488 3127 628 817 3128 384 816 3129 628 817 3130 629 818 3131 350 488 3132 349 493 3133 628 817 3134 628 817 3135 349 493 3136 627 819 3137 627 819 3138 349 493 3139 348 492 3140 627 819 3141 348 492 3142 626 820 3143 626 820 3144 348 492 3145 347 491 3146 626 820 3147 347 491 3148 625 821 3149 625 821 3150 347 491 3151 346 490 3152 625 821 3153 346 490 3154 624 822 3155 624 822 3156 346 490 3157 345 479 3158 624 822 3159 345 479 3160 623 823 3161 623 823 3162 345 479 3163 344 477 3164 623 823 3165 344 477 3166 622 824 3167 622 824 3168 344 477 3169 486 825 3170 622 824 3171 486 825 3172 621 826 3173 621 826 3174 486 825 3175 485 827 3176 621 826 3177 485 827 3178 484 828 3179 344 477 3180 343 475 3181 486 825 3182 486 825 3183 343 475 3184 507 829 3185 507 829 3186 343 475 3187 508 830 3188 508 830 3189 343 475 3190 509 831 3191 509 831 3192 343 475 3193 255 832 3194 255 832 3195 343 475 3196 262 358 3197 255 832 3198 262 358 3199 256 833 3200 256 833 3201 262 358 3202 257 834 3203 257 834 3204 262 358 3205 258 835 3206 258 835 3207 262 358 3208 259 836 3209 259 836 3210 262 358 3211 244 403 3212 338 473 3213 337 472 3214 484 828 3215 484 828 3216 337 472 3217 621 826 3218 384 816 3219 629 818 3220 385 837 3221 385 837 3222 629 818 3223 630 838 3224 385 837 3225 630 838 3226 631 839 3227 385 837 3228 631 839 3229 386 840 3230 386 840 3231 631 839 3232 632 841 3233 386 840 3234 632 841 3235 387 797 3236 387 797 3237 632 841 3238 633 796 3239 462 786 3240 461 842 3241 360 510 3242 360 510 3243 461 842 3244 460 843 3245 360 510 3246 460 844 3247 459 781 3248 457 783 3249 456 845 3250 267 394 3251 267 394 3252 456 845 3253 308 461 3254 402 748 3255 594 747 3256 403 846 3257 403 846 3258 594 747 3259 641 847 3260 403 846 3261 641 847 3262 404 848 3263 404 848 3264 641 847 3265 642 849 3266 404 848 3267 642 849 3268 405 850 3269 405 850 3270 642 849 3271 643 851 3272 405 850 3273 643 851 3274 406 852 3275 406 852 3276 643 851 3277 644 853 3278 406 852 3279 644 853 3280 407 854 3281 407 854 3282 644 853 3283 645 855 3284 407 854 3285 645 855 3286 408 856 3287 408 856 3288 645 855 3289 646 857 3290 408 856 3291 646 857 3292 409 858 3293 409 858 3294 646 857 3295 647 859 3296 409 858 3297 647 859 3298 410 860 3299 410 860 3300 647 859 3301 648 861 3302 410 860 3303 648 861 3304 411 862 3305 411 862 3306 648 861 3307 649 863 3308 411 862 3309 649 863 3310 392 764 3311 392 764 3312 649 863 3313 595 763 3314 446 726 3315 583 725 3316 447 864 3317 447 864 3318 583 725 3319 650 865 3320 447 864 3321 650 865 3322 448 866 3323 448 866 3324 650 865 3325 651 867 3326 448 866 3327 651 867 3328 449 868 3329 449 868 3330 651 867 3331 652 869 3332 449 868 3333 652 869 3334 450 870 3335 450 870 3336 652 869 3337 653 871 3338 450 870 3339 653 871 3340 451 872 3341 451 872 3342 653 871 3343 654 873 3344 451 872 3345 654 873 3346 452 874 3347 452 874 3348 654 873 3349 655 875 3350 452 874 3351 655 875 3352 453 876 3353 453 876 3354 655 875 3355 656 877 3356 453 876 3357 656 877 3358 454 878 3359 454 878 3360 656 877 3361 657 879 3362 454 878 3363 657 879 3364 455 880 3365 455 880 3366 657 879 3367 658 881 3368 455 880 3369 658 881 3370 436 746 3371 436 746 3372 658 881 3373 584 745 3374 497 704 3375 572 703 3376 498 882 3377 498 882 3378 572 703 3379 659 883 3380 498 882 3381 659 883 3382 499 884 3383 499 884 3384 659 883 3385 660 885 3386 499 884 3387 660 885 3388 500 886 3389 500 886 3390 660 885 3391 661 887 3392 500 886 3393 661 887 3394 501 888 3395 501 888 3396 661 887 3397 662 889 3398 501 888 3399 662 889 3400 502 890 3401 502 890 3402 662 889 3403 663 891 3404 502 890 3405 663 891 3406 503 892 3407 503 892 3408 663 891 3409 664 893 3410 503 892 3411 664 893 3412 504 894 3413 504 894 3414 664 893 3415 665 895 3416 504 894 3417 665 895 3418 505 896 3419 505 896 3420 665 895 3421 666 897 3422 505 896 3423 666 897 3424 506 898 3425 506 898 3426 666 897 3427 667 899 3428 506 898 3429 667 899 3430 487 724 3431 487 724 3432 667 899 3433 573 723 3434 474 682 3435 561 681 3436 475 900 3437 475 900 3438 561 681 3439 668 901 3440 475 900 3441 668 901 3442 476 902 3443 476 902 3444 668 901 3445 669 902 3446 476 902 3447 669 902 3448 477 903 3449 477 903 3450 669 902 3451 670 903 3452 477 903 3453 670 903 3454 478 904 3455 478 904 3456 670 903 3457 671 905 3458 478 904 3459 671 905 3460 479 906 3461 479 906 3462 671 905 3463 672 907 3464 479 906 3465 672 907 3466 480 908 3467 480 908 3468 672 907 3469 673 909 3470 480 908 3471 673 909 3472 481 910 3473 481 910 3474 673 909 3475 674 910 3476 481 910 3477 674 910 3478 482 911 3479 482 911 3480 674 910 3481 675 911 3482 482 911 3483 675 911 3484 483 912 3485 483 912 3486 675 911 3487 676 913 3488 483 912 3489 676 913 3490 464 702 3491 464 702 3492 676 913 3493 562 701 3494 677 914 3495 678 915 3496 701 916 3497 701 916 3498 678 915 3499 702 917 3500 701 916 3501 702 917 3502 700 918 3503 700 918 3504 702 917 3505 703 919 3506 700 918 3507 703 919 3508 699 920 3509 699 920 3510 703 919 3511 704 921 3512 699 920 3513 704 921 3514 698 922 3515 698 922 3516 704 921 3517 705 923 3518 698 922 3519 705 923 3520 697 924 3521 697 924 3522 705 923 3523 706 925 3524 697 924 3525 706 925 3526 696 926 3527 696 926 3528 706 925 3529 707 927 3530 696 926 3531 707 927 3532 695 928 3533 695 928 3534 707 927 3535 708 929 3536 695 928 3537 708 929 3538 694 930 3539 694 930 3540 708 929 3541 709 931 3542 694 930 3543 709 931 3544 693 932 3545 693 932 3546 709 931 3547 710 933 3548 693 932 3549 710 933 3550 692 934 3551 692 934 3552 710 933 3553 711 935 3554 692 934 3555 711 935 3556 691 936 3557 691 936 3558 711 935 3559 712 937 3560 691 936 3561 712 937 3562 690 938 3563 690 938 3564 712 937 3565 713 939 3566 690 938 3567 713 939 3568 689 940 3569 689 940 3570 713 939 3571 714 941 3572 689 940 3573 714 941 3574 688 942 3575 688 942 3576 714 941 3577 715 943 3578 688 942 3579 715 943 3580 687 944 3581 687 944 3582 715 943 3583 716 945 3584 687 944 3585 716 945 3586 686 946 3587 686 946 3588 716 945 3589 717 947 3590 686 946 3591 717 947 3592 685 948 3593 685 948 3594 717 947 3595 718 949 3596 685 948 3597 718 949 3598 684 950 3599 684 950 3600 718 949 3601 719 951 3602 684 950 3603 719 951 3604 683 952 3605 683 952 3606 719 951 3607 720 953 3608 683 952 3609 720 953 3610 682 954 3611 682 954 3612 720 953 3613 721 955 3614 682 954 3615 721 955 3616 681 956 3617 681 956 3618 721 955 3619 680 957 3620 680 957 3621 721 955 3622 316 463 3623 316 463 3624 721 955 3625 317 450 3626 317 450 3627 721 955 3628 720 953 3629 317 450 3630 720 953 3631 318 448 3632 318 448 3633 720 953 3634 719 951 3635 318 448 3636 719 951 3637 319 447 3638 319 447 3639 719 951 3640 718 949 3641 319 447 3642 718 949 3643 320 446 3644 320 446 3645 718 949 3646 717 947 3647 320 446 3648 717 947 3649 321 445 3650 321 445 3651 717 947 3652 716 945 3653 321 445 3654 716 945 3655 322 444 3656 322 444 3657 716 945 3658 715 943 3659 322 444 3660 715 943 3661 323 443 3662 323 443 3663 715 943 3664 714 941 3665 323 443 3666 714 941 3667 324 441 3668 324 441 3669 714 941 3670 713 939 3671 324 441 3672 713 939 3673 325 442 3674 325 442 3675 713 939 3676 712 937 3677 325 442 3678 712 937 3679 326 465 3680 326 465 3681 712 937 3682 711 935 3683 326 465 3684 711 935 3685 327 466 3686 327 466 3687 711 935 3688 710 933 3689 327 466 3690 710 933 3691 328 468 3692 328 468 3693 710 933 3694 709 931 3695 328 468 3696 709 931 3697 329 420 3698 329 420 3699 709 931 3700 708 929 3701 329 420 3702 708 929 3703 330 419 3704 330 419 3705 708 929 3706 707 927 3707 330 419 3708 707 927 3709 331 418 3710 331 418 3711 707 927 3712 706 925 3713 331 418 3714 706 925 3715 332 417 3716 332 417 3717 706 925 3718 705 923 3719 332 417 3720 705 923 3721 333 416 3722 333 416 3723 705 923 3724 704 921 3725 333 416 3726 704 921 3727 334 415 3728 334 415 3729 704 921 3730 703 919 3731 334 415 3732 703 919 3733 335 414 3734 335 414 3735 703 919 3736 702 917 3737 335 414 3738 702 917 3739 336 469 3740 336 469 3741 702 917 3742 337 472 3743 337 472 3744 702 917 3745 679 958 3746 679 958 3747 702 917 3748 678 915 3749 681 956 3750 611 775 3751 682 954 3752 722 959 3753 723 960 3754 743 961 3755 743 961 3756 723 960 3757 742 962 3758 742 962 3759 723 960 3760 741 963 3761 741 963 3762 723 960 3763 724 964 3764 741 963 3765 724 964 3766 740 965 3767 740 965 3768 724 964 3769 725 966 3770 740 965 3771 725 966 3772 739 967 3773 739 967 3774 725 966 3775 726 968 3776 739 967 3777 726 968 3778 738 969 3779 738 969 3780 726 968 3781 727 970 3782 738 969 3783 727 970 3784 737 971 3785 737 971 3786 727 970 3787 728 972 3788 737 971 3789 728 972 3790 736 973 3791 736 973 3792 728 972 3793 729 974 3794 736 973 3795 729 974 3796 735 975 3797 735 975 3798 729 974 3799 730 976 3800 735 975 3801 730 976 3802 734 977 3803 734 977 3804 730 976 3805 731 978 3806 734 977 3807 731 978 3808 733 979 3809 733 979 3810 731 978 3811 732 980 3812 744 607 3813 752 607 3814 733 607 3815 733 607 3816 752 607 3817 743 607 3818 733 607 3819 743 607 3820 734 607 3821 734 607 3822 743 607 3823 742 607 3824 734 607 3825 742 607 3826 735 607 3827 735 607 3828 742 607 3829 741 607 3830 735 607 3831 741 607 3832 736 607 3833 736 607 3834 741 607 3835 740 607 3836 736 607 3837 740 607 3838 737 607 3839 737 607 3840 740 607 3841 739 607 3842 737 607 3843 739 607 3844 738 607 3845 752 607 3846 744 607 3847 751 607 3848 751 607 3849 744 607 3850 745 607 3851 751 607 3852 745 607 3853 750 607 3854 750 607 3855 745 607 3856 746 607 3857 750 607 3858 746 607 3859 749 607 3860 749 607 3861 746 607 3862 747 607 3863 749 607 3864 747 607 3865 748 607 3866 753 981 3867 754 982 3868 510 983 3869 510 983 3870 754 982 3871 511 984 3872 511 984 3873 754 982 3874 755 985 3875 511 984 3876 755 985 3877 512 986 3878 512 986 3879 755 985 3880 756 987 3881 512 986 3882 756 987 3883 513 988 3884 513 988 3885 756 987 3886 757 989 3887 513 988 3888 757 989 3889 514 990 3890 514 990 3891 757 989 3892 758 991 3893 514 990 3894 758 991 3895 515 992 3896 515 992 3897 758 991 3898 516 993 3899 516 993 3900 758 991 3901 759 994 3902 516 993 3903 759 994 3904 517 995 3905 517 995 3906 759 994 3907 760 996 3908 517 995 3909 760 996 3910 518 997 3911 518 997 3912 760 996 3913 761 998 3914 518 997 3915 761 998 3916 519 999 3917 519 999 3918 761 998 3919 762 1000 3920 519 999 3921 762 1000 3922 763 1001 3923 763 1001 3924 520 1002 3925 519 999 3926 557 1003 3927 753 1003 3928 532 1003 3929 532 1004 3930 753 1004 3931 510 1004 3932 521 1005 3933 764 1006 3934 522 1007 3935 522 1007 3936 764 1006 3937 765 1008 3938 522 1007 3939 765 1008 3940 523 1009 3941 523 1009 3942 765 1008 3943 766 1010 3944 523 1009 3945 766 1010 3946 767 1011 3947 523 1009 3948 767 1011 3949 524 1012 3950 524 1012 3951 767 1011 3952 768 1013 3953 524 1012 3954 768 1013 3955 525 1014 3956 525 1014 3957 768 1013 3958 769 1015 3959 525 1014 3960 769 1015 3961 526 1016 3962 526 1016 3963 769 1015 3964 770 1017 3965 526 1016 3966 770 1017 3967 527 1018 3968 527 1018 3969 770 1017 3970 771 1019 3971 527 1018 3972 771 1019 3973 528 1020 3974 528 1020 3975 771 1019 3976 529 680 3977 529 680 3978 771 1019 3979 558 679 3980 763 1021 3981 764 1021 3982 520 1021 3983 520 1022 3984 764 1022 3985 521 1022 3986 773 1023 3987 774 1023 3988 772 1023 3989 772 1024 3990 774 1024 3991 775 1024 3992 777 1025 3993 778 1026 3994 776 1027 3995 776 1027 3996 778 1026 3997 787 1028 3998 787 1028 3999 778 1026 4000 779 1029 4001 787 1028 4002 779 1029 4003 786 1030 4004 786 1030 4005 779 1029 4006 780 1031 4007 786 1030 4008 780 1031 4009 785 1032 4010 785 1032 4011 780 1031 4012 781 1033 4013 785 1032 4014 781 1033 4015 784 1034 4016 784 1034 4017 781 1033 4018 782 1035 4019 784 1034 4020 782 1035 4021 783 1036 4022 788 1037 4023 789 1038 4024 797 1039 4025 797 1039 4026 789 1038 4027 790 1040 4028 797 1039 4029 790 1040 4030 796 1041 4031 796 1041 4032 790 1040 4033 791 1042 4034 796 1041 4035 791 1042 4036 792 1043 4037 796 1041 4038 792 1043 4039 795 1043 4040 795 1043 4041 792 1043 4042 793 1044 4043 795 1043 4044 793 1044 4045 794 1045 4046 794 1045 4047 793 1044 4048 775 1046 4049 794 1045 4050 775 1046 4051 774 1047 4052 799 1048 4053 556 1049 4054 798 1050 4055 801 1051 4056 556 1052 4057 800 1053 4058 803 1054 4059 556 1055 4060 802 1056 4061 805 1057 4062 556 1058 4063 804 1059 4064 805 1060 4065 806 1061 4066 556 1062 4067 556 1062 4068 806 1061 4069 545 1063 4070 804 1064 4071 556 1065 4072 803 1066 4073 802 1067 4074 556 1068 4075 801 1069 4076 800 1070 4077 556 1071 4078 799 1072 4079 798 1073 4080 556 1074 4081 555 1075 4082 555 1076 4083 807 1077 4084 798 1078 4085 798 1078 4086 807 1077 4087 808 1079 4088 798 1078 4089 808 1079 4090 799 1080 4091 799 1080 4092 808 1079 4093 809 1081 4094 799 1080 4095 809 1081 4096 800 1082 4097 800 1082 4098 809 1081 4099 810 1083 4100 800 1082 4101 810 1083 4102 801 1084 4103 801 1084 4104 810 1083 4105 811 1085 4106 801 1084 4107 811 1085 4108 802 1086 4109 802 1086 4110 811 1085 4111 812 1087 4112 802 1086 4113 812 1087 4114 803 1088 4115 803 1088 4116 812 1087 4117 813 1089 4118 803 1088 4119 813 1089 4120 804 1090 4121 804 1090 4122 813 1089 4123 814 1091 4124 804 1090 4125 814 1091 4126 805 1092 4127 805 1092 4128 814 1091 4129 815 1093 4130 805 1092 4131 815 1093 4132 806 1094 4133 806 1094 4134 815 1093 4135 816 1095 4136 806 1094 4137 816 1095 4138 545 1096 4139 545 1096 4140 816 1095 4141 817 1097 4142 819 1098 4143 544 1099 4144 818 1100 4145 821 1101 4146 544 1102 4147 820 1103 4148 823 1104 4149 544 1105 4150 822 1106 4151 825 1107 4152 544 1108 4153 824 1109 4154 533 1110 4155 544 1111 4156 826 1112 4157 826 1113 4158 544 1114 4159 825 1115 4160 824 1116 4161 544 1117 4162 823 1118 4163 822 1119 4164 544 1120 4165 821 1121 4166 820 1122 4167 544 1123 4168 819 1124 4169 818 1125 4170 544 1126 4171 543 1127 4172 827 1128 4173 828 1129 4174 543 1130 4175 543 1130 4176 828 1129 4177 818 1131 4178 818 1131 4179 828 1129 4180 829 1132 4181 818 1131 4182 829 1132 4183 819 1133 4184 819 1133 4185 829 1132 4186 830 1134 4187 819 1133 4188 830 1134 4189 820 1135 4190 820 1135 4191 830 1134 4192 831 1136 4193 820 1135 4194 831 1136 4195 821 1137 4196 821 1137 4197 831 1136 4198 832 1138 4199 821 1137 4200 832 1138 4201 822 1139 4202 822 1139 4203 832 1138 4204 833 1140 4205 822 1139 4206 833 1140 4207 823 1141 4208 823 1141 4209 833 1140 4210 834 1142 4211 823 1141 4212 834 1142 4213 824 1143 4214 824 1143 4215 834 1142 4216 835 1144 4217 824 1143 4218 835 1144 4219 825 1145 4220 825 1145 4221 835 1144 4222 836 1146 4223 825 1145 4224 836 1146 4225 826 1095 4226 826 1095 4227 836 1146 4228 837 1096 4229 826 1095 4230 837 1096 4231 533 1097 4232 543 1130 4233 542 1147 4234 827 1128 4235 827 1128 4236 542 1147 4237 846 1148 4238 846 1148 4239 542 1147 4240 541 1149 4241 846 1148 4242 541 1149 4243 845 1150 4244 845 1150 4245 541 1149 4246 540 1151 4247 845 1150 4248 540 1151 4249 844 1152 4250 844 1152 4251 540 1151 4252 539 1153 4253 844 1152 4254 539 1153 4255 843 1154 4256 843 1154 4257 539 1153 4258 538 1155 4259 843 1154 4260 538 1155 4261 842 1156 4262 842 1156 4263 538 1155 4264 537 1157 4265 842 1156 4266 537 1157 4267 841 1158 4268 841 1158 4269 537 1157 4270 536 1159 4271 841 1158 4272 536 1159 4273 840 1160 4274 840 1160 4275 536 1159 4276 535 1161 4277 840 1160 4278 535 1161 4279 839 1162 4280 839 1162 4281 535 1161 4282 534 1163 4283 839 1162 4284 534 1163 4285 838 1164 4286 838 1164 4287 534 1163 4288 533 1097 4289 838 1164 4290 533 1097 4291 837 1096 4292 807 1077 4293 555 1076 4294 855 1165 4295 855 1165 4296 555 1076 4297 554 1166 4298 855 1165 4299 554 1166 4300 854 1167 4301 854 1167 4302 554 1166 4303 553 1168 4304 854 1167 4305 553 1168 4306 853 1169 4307 853 1169 4308 553 1168 4309 552 1170 4310 853 1169 4311 552 1170 4312 852 1171 4313 852 1171 4314 552 1170 4315 551 1172 4316 852 1171 4317 551 1172 4318 851 1173 4319 851 1173 4320 551 1172 4321 550 1174 4322 851 1173 4323 550 1174 4324 850 1175 4325 850 1175 4326 550 1174 4327 549 1175 4328 850 1175 4329 549 1175 4330 849 1176 4331 849 1176 4332 549 1175 4333 548 1177 4334 849 1176 4335 548 1177 4336 848 1178 4337 848 1178 4338 548 1177 4339 547 1179 4340 848 1178 4341 547 1179 4342 847 1180 4343 847 1180 4344 547 1179 4345 546 1181 4346 847 1180 4347 546 1181 4348 817 1097 4349 817 1097 4350 546 1181 4351 545 1096 4352 743 961 4353 752 1182 4354 722 959 4355 722 959 4356 752 1182 4357 864 1183 4358 864 1183 4359 752 1182 4360 751 1184 4361 864 1183 4362 751 1184 4363 863 1185 4364 863 1185 4365 751 1184 4366 750 1186 4367 863 1185 4368 750 1186 4369 862 1187 4370 862 1187 4371 750 1186 4372 749 1188 4373 862 1187 4374 749 1188 4375 861 1189 4376 861 1189 4377 749 1188 4378 748 1190 4379 861 1189 4380 748 1190 4381 860 1191 4382 860 1191 4383 748 1190 4384 747 1192 4385 860 1191 4386 747 1192 4387 859 1193 4388 859 1193 4389 747 1192 4390 746 1194 4391 859 1193 4392 746 1194 4393 858 1195 4394 858 1195 4395 746 1194 4396 745 1196 4397 858 1195 4398 745 1196 4399 857 1197 4400 857 1197 4401 745 1196 4402 744 1198 4403 857 1197 4404 744 1198 4405 856 1199 4406 856 1199 4407 744 1198 4408 732 980 4409 732 980 4410 744 1198 4411 733 979 4412 680 957 4413 316 463 4414 887 1200 4415 887 1200 4416 316 463 4417 640 789 4418 887 1200 4419 640 789 4420 888 1201 4421 888 1201 4422 640 789 4423 639 788 4424 888 1201 4425 639 788 4426 889 1202 4427 889 1202 4428 639 788 4429 638 787 4430 889 1202 4431 638 787 4432 890 1203 4433 890 1203 4434 638 787 4435 637 792 4436 890 1203 4437 637 792 4438 891 1204 4439 891 1204 4440 637 792 4441 636 793 4442 891 1204 4443 636 793 4444 884 1205 4445 884 1205 4446 636 793 4447 883 1206 4448 883 1206 4449 636 793 4450 893 1207 4451 883 1206 4452 893 1207 4453 882 1208 4454 882 1208 4455 893 1207 4456 881 1209 4457 881 1209 4458 893 1207 4459 880 1210 4460 880 1210 4461 893 1207 4462 878 1211 4463 880 1210 4464 878 1211 4465 879 1212 4466 636 793 4467 635 794 4468 893 1207 4469 893 1207 4470 635 794 4471 892 1213 4472 893 1207 4473 892 1213 4474 878 1211 4475 878 1211 4476 892 1213 4477 877 1214 4478 877 1214 4479 892 1213 4480 894 1215 4481 877 1214 4482 894 1215 4483 876 1216 4484 876 1216 4485 894 1215 4486 895 1217 4487 876 1216 4488 895 1217 4489 875 1218 4490 875 1218 4491 895 1217 4492 896 1219 4493 875 1218 4494 896 1219 4495 874 1220 4496 874 1220 4497 896 1219 4498 897 1221 4499 874 1220 4500 897 1221 4501 873 1222 4502 873 1222 4503 897 1221 4504 898 1223 4505 873 1222 4506 898 1223 4507 872 1224 4508 872 1224 4509 898 1223 4510 899 1225 4511 872 1224 4512 899 1225 4513 871 1226 4514 871 1226 4515 899 1225 4516 900 1227 4517 871 1226 4518 900 1227 4519 870 1228 4520 870 1228 4521 900 1227 4522 901 1229 4523 870 1228 4524 901 1229 4525 869 1230 4526 869 1230 4527 901 1229 4528 902 1231 4529 869 1230 4530 902 1231 4531 868 1232 4532 868 1232 4533 902 1231 4534 903 1233 4535 868 1232 4536 903 1233 4537 867 1234 4538 867 1234 4539 903 1233 4540 904 1235 4541 867 1234 4542 904 1235 4543 866 1236 4544 866 1236 4545 904 1235 4546 905 1237 4547 866 1236 4548 905 1237 4549 865 1238 4550 865 1238 4551 905 1237 4552 906 1239 4553 865 1238 4554 906 1239 4555 678 915 4556 678 915 4557 906 1239 4558 679 958 4559 679 958 4560 906 1239 4561 621 826 4562 679 958 4563 621 826 4564 337 472 4565 635 794 4566 634 795 4567 892 1213 4568 892 1213 4569 634 795 4570 894 1215 4571 634 795 4572 633 796 4573 894 1215 4574 894 1215 4575 633 796 4576 895 1217 4577 633 796 4578 632 841 4579 895 1217 4580 895 1217 4581 632 841 4582 896 1219 4583 632 841 4584 631 839 4585 896 1219 4586 896 1219 4587 631 839 4588 897 1221 4589 631 839 4590 630 838 4591 897 1221 4592 897 1221 4593 630 838 4594 898 1223 4595 630 838 4596 629 818 4597 898 1223 4598 898 1223 4599 629 818 4600 899 1225 4601 629 818 4602 628 817 4603 899 1225 4604 899 1225 4605 628 817 4606 900 1227 4607 628 817 4608 627 819 4609 900 1227 4610 900 1227 4611 627 819 4612 901 1229 4613 627 819 4614 626 820 4615 901 1229 4616 901 1229 4617 626 820 4618 902 1231 4619 626 820 4620 625 821 4621 902 1231 4622 902 1231 4623 625 821 4624 903 1233 4625 625 821 4626 624 822 4627 903 1233 4628 903 1233 4629 624 822 4630 904 1235 4631 624 822 4632 623 823 4633 904 1235 4634 904 1235 4635 623 823 4636 905 1237 4637 623 823 4638 622 824 4639 905 1237 4640 905 1237 4641 622 824 4642 906 1239 4643 622 824 4644 621 826 4645 906 1239 4646 678 915 4647 677 914 4648 865 1238 4649 884 1205 4650 885 1240 4651 891 1204 4652 891 1204 4653 885 1240 4654 886 1241 4655 891 1204 4656 886 1241 4657 616 777 4658 616 777 4659 615 767 4660 891 1204 4661 891 1204 4662 615 767 4663 890 1203 4664 615 767 4665 614 769 4666 890 1203 4667 890 1203 4668 614 769 4669 889 1202 4670 614 769 4671 613 771 4672 889 1202 4673 889 1202 4674 613 771 4675 888 1201 4676 613 771 4677 612 773 4678 888 1201 4679 888 1201 4680 612 773 4681 887 1200 4682 611 775 4683 681 956 4684 612 773 4685 612 773 4686 681 956 4687 887 1200 4688 681 956 4689 680 957 4690 887 1200 4691 611 775 4692 610 776 4693 682 954 4694 682 954 4695 610 776 4696 907 1242 4697 682 954 4698 907 1242 4699 908 1243 4700 682 954 4701 908 1243 4702 683 952 4703 683 952 4704 908 1243 4705 909 1244 4706 683 952 4707 909 1244 4708 684 950 4709 684 950 4710 909 1244 4711 910 1245 4712 684 950 4713 910 1245 4714 685 948 4715 685 948 4716 910 1245 4717 911 1246 4718 685 948 4719 911 1246 4720 686 946 4721 686 946 4722 911 1246 4723 912 1247 4724 686 946 4725 912 1247 4726 687 944 4727 687 944 4728 912 1247 4729 913 1248 4730 687 944 4731 913 1248 4732 688 942 4733 688 942 4734 913 1248 4735 914 1249 4736 688 942 4737 914 1249 4738 689 940 4739 689 940 4740 914 1249 4741 915 1250 4742 689 940 4743 915 1250 4744 690 938 4745 690 938 4746 915 1250 4747 916 1251 4748 690 938 4749 916 1251 4750 691 936 4751 691 936 4752 916 1251 4753 917 1252 4754 691 936 4755 917 1252 4756 692 934 4757 692 934 4758 917 1252 4759 918 1253 4760 692 934 4761 918 1253 4762 693 932 4763 693 932 4764 918 1253 4765 919 1254 4766 693 932 4767 919 1254 4768 694 930 4769 694 930 4770 919 1254 4771 920 1255 4772 694 930 4773 920 1255 4774 695 928 4775 695 928 4776 920 1255 4777 921 1256 4778 695 928 4779 921 1256 4780 696 926 4781 696 926 4782 921 1256 4783 922 1257 4784 696 926 4785 922 1257 4786 697 924 4787 697 924 4788 922 1257 4789 923 1258 4790 697 924 4791 923 1258 4792 698 922 4793 698 922 4794 923 1258 4795 924 1259 4796 698 922 4797 924 1259 4798 699 920 4799 699 920 4800 924 1259 4801 925 1260 4802 699 920 4803 925 1260 4804 700 918 4805 700 918 4806 925 1260 4807 926 1261 4808 700 918 4809 926 1261 4810 701 916 4811 701 916 4812 926 1261 4813 927 1262 4814 701 916 4815 927 1262 4816 677 914 4817 927 1262 4818 928 1263 4819 677 914 4820 677 914 4821 928 1263 4822 865 1238 4823 865 1238 4824 928 1263 4825 929 1264 4826 865 1238 4827 929 1264 4828 866 1236 4829 866 1236 4830 929 1264 4831 930 1265 4832 866 1236 4833 930 1265 4834 867 1234 4835 867 1234 4836 930 1265 4837 931 1266 4838 867 1234 4839 931 1266 4840 868 1232 4841 868 1232 4842 931 1266 4843 932 1267 4844 868 1232 4845 932 1267 4846 869 1230 4847 869 1230 4848 932 1267 4849 933 1268 4850 869 1230 4851 933 1268 4852 870 1228 4853 870 1228 4854 933 1268 4855 934 1269 4856 870 1228 4857 934 1269 4858 871 1226 4859 871 1226 4860 934 1269 4861 935 1270 4862 871 1226 4863 935 1270 4864 872 1224 4865 872 1224 4866 935 1270 4867 936 1271 4868 872 1224 4869 936 1271 4870 873 1222 4871 873 1222 4872 936 1271 4873 937 1272 4874 873 1222 4875 937 1272 4876 874 1220 4877 874 1220 4878 937 1272 4879 938 1273 4880 874 1220 4881 938 1273 4882 875 1218 4883 875 1218 4884 938 1273 4885 939 1274 4886 875 1218 4887 939 1274 4888 876 1216 4889 876 1216 4890 939 1274 4891 940 1275 4892 876 1216 4893 940 1275 4894 877 1214 4895 877 1214 4896 940 1275 4897 941 1276 4898 877 1214 4899 941 1276 4900 878 1211 4901 878 1211 4902 941 1276 4903 942 1277 4904 878 1211 4905 942 1277 4906 943 1278 4907 943 1279 4908 944 1280 4909 878 1211 4910 878 1211 4911 944 1280 4912 945 1281 4913 878 1211 4914 945 1281 4915 946 1282 4916 946 1282 4917 879 1212 4918 878 1211 4919 947 607 4920 948 607 4921 783 607 4922 783 607 4923 948 607 4924 607 607 4925 783 607 4926 607 607 4927 784 607 4928 784 607 4929 607 607 4930 785 607 4931 785 607 4932 607 607 4933 786 607 4934 786 607 4935 607 607 4936 606 607 4937 786 607 4938 606 607 4939 787 607 4940 787 607 4941 606 607 4942 776 607 4943 776 607 4944 606 607 4945 605 607 4946 776 607 4947 605 607 4948 981 607 4949 607 607 4950 948 607 4951 608 607 4952 608 607 4953 948 607 4954 949 607 4955 608 607 4956 949 607 4957 609 607 4958 609 607 4959 949 607 4960 655 607 4961 609 607 4962 655 607 4963 654 607 4964 950 607 4965 657 607 4966 949 607 4967 949 607 4968 657 607 4969 656 607 4970 949 607 4971 656 607 4972 655 607 4973 951 607 4974 586 607 4975 950 607 4976 950 607 4977 586 607 4978 585 607 4979 950 607 4980 585 607 4981 584 607 4982 952 607 4983 908 607 4984 951 607 4985 951 607 4986 908 607 4987 907 607 4988 951 607 4989 907 607 4990 588 607 4991 588 607 4992 907 607 4993 589 607 4994 589 607 4995 907 607 4996 590 607 4997 590 607 4998 907 607 4999 591 607 5000 591 607 5001 907 607 5002 592 607 5003 592 607 5004 907 607 5005 610 607 5006 592 607 5007 610 607 5008 593 607 5009 593 607 5010 610 607 5011 583 607 5012 583 607 5013 610 607 5014 650 607 5015 650 607 5016 610 607 5017 651 607 5018 651 607 5019 610 607 5020 609 607 5021 651 607 5022 609 607 5023 652 607 5024 652 607 5025 609 607 5026 653 607 5027 653 607 5028 609 607 5029 654 607 5030 953 607 5031 728 607 5032 952 607 5033 952 607 5034 728 607 5035 727 607 5036 952 607 5037 727 607 5038 726 607 5039 954 607 5040 732 607 5041 953 607 5042 953 607 5043 732 607 5044 731 607 5045 953 607 5046 731 607 5047 730 607 5048 955 607 5049 911 607 5050 954 607 5051 954 607 5052 911 607 5053 858 607 5054 954 607 5055 858 607 5056 857 607 5057 911 607 5058 955 607 5059 912 607 5060 912 607 5061 955 607 5062 956 607 5063 912 607 5064 956 607 5065 913 607 5066 913 607 5067 956 607 5068 914 607 5069 914 607 5070 956 607 5071 957 607 5072 914 607 5073 957 607 5074 915 607 5075 915 607 5076 957 607 5077 958 607 5078 915 607 5079 958 607 5080 668 607 5081 668 607 5082 958 607 5083 669 607 5084 669 607 5085 958 607 5086 670 607 5087 670 607 5088 958 607 5089 959 607 5090 670 607 5091 959 607 5092 671 607 5093 671 607 5094 959 607 5095 672 607 5096 672 607 5097 959 607 5098 673 607 5099 673 607 5100 959 607 5101 674 607 5102 674 607 5103 959 607 5104 960 607 5105 674 607 5106 960 607 5107 675 607 5108 675 607 5109 960 607 5110 676 607 5111 676 607 5112 960 607 5113 918 607 5114 676 607 5115 918 607 5116 562 607 5117 562 607 5118 918 607 5119 563 607 5120 563 607 5121 918 607 5122 917 607 5123 563 607 5124 917 607 5125 564 607 5126 564 607 5127 917 607 5128 565 607 5129 565 607 5130 917 607 5131 566 607 5132 566 607 5133 917 607 5134 567 607 5135 567 607 5136 917 607 5137 916 607 5138 567 607 5139 916 607 5140 568 607 5141 568 607 5142 916 607 5143 569 607 5144 569 607 5145 916 607 5146 570 607 5147 570 607 5148 916 607 5149 571 607 5150 571 607 5151 916 607 5152 915 607 5153 571 607 5154 915 607 5155 561 607 5156 561 607 5157 915 607 5158 668 607 5159 960 607 5160 961 607 5161 918 607 5162 918 607 5163 961 607 5164 919 607 5165 919 607 5166 961 607 5167 962 607 5168 919 607 5169 962 607 5170 920 607 5171 920 607 5172 962 607 5173 921 607 5174 921 607 5175 962 607 5176 963 607 5177 921 607 5178 963 607 5179 922 607 5180 922 607 5181 963 607 5182 964 607 5183 922 607 5184 964 607 5185 923 607 5186 923 607 5187 964 607 5188 965 607 5189 923 607 5190 965 607 5191 924 607 5192 924 607 5193 965 607 5194 966 607 5195 924 607 5196 966 607 5197 925 607 5198 925 607 5199 966 607 5200 967 607 5201 925 607 5202 967 607 5203 926 607 5204 926 607 5205 967 607 5206 579 607 5207 926 607 5208 579 607 5209 578 607 5210 968 607 5211 581 607 5212 967 607 5213 967 607 5214 581 607 5215 580 607 5216 967 607 5217 580 607 5218 579 607 5219 969 607 5220 660 607 5221 968 607 5222 968 607 5223 660 607 5224 659 607 5225 968 607 5226 659 607 5227 572 607 5228 970 607 5229 929 607 5230 969 607 5231 969 607 5232 929 607 5233 928 607 5234 969 607 5235 928 607 5236 662 607 5237 662 607 5238 928 607 5239 663 607 5240 663 607 5241 928 607 5242 664 607 5243 664 607 5244 928 607 5245 665 607 5246 665 607 5247 928 607 5248 666 607 5249 666 607 5250 928 607 5251 927 607 5252 666 607 5253 927 607 5254 667 607 5255 667 607 5256 927 607 5257 573 607 5258 573 607 5259 927 607 5260 574 607 5261 574 607 5262 927 607 5263 575 607 5264 575 607 5265 927 607 5266 926 607 5267 575 607 5268 926 607 5269 576 607 5270 576 607 5271 926 607 5272 577 607 5273 577 607 5274 926 607 5275 578 607 5276 929 607 5277 970 607 5278 930 607 5279 930 607 5280 970 607 5281 971 607 5282 930 607 5283 971 607 5284 931 607 5285 931 607 5286 971 607 5287 972 607 5288 931 607 5289 972 607 5290 932 607 5291 932 607 5292 972 607 5293 973 607 5294 932 607 5295 973 607 5296 763 607 5297 763 607 5298 973 607 5299 764 607 5300 764 607 5301 973 607 5302 765 607 5303 765 607 5304 973 607 5305 766 607 5306 766 607 5307 973 607 5308 974 607 5309 766 607 5310 974 607 5311 767 607 5312 767 607 5313 974 607 5314 768 607 5315 768 607 5316 974 607 5317 769 607 5318 769 607 5319 974 607 5320 770 607 5321 770 607 5322 974 607 5323 771 607 5324 771 607 5325 974 607 5326 975 607 5327 771 607 5328 975 607 5329 558 607 5330 558 607 5331 975 607 5332 559 607 5333 559 607 5334 975 607 5335 560 607 5336 560 607 5337 975 607 5338 935 607 5339 560 607 5340 935 607 5341 557 607 5342 557 607 5343 935 607 5344 753 607 5345 753 607 5346 935 607 5347 754 607 5348 754 607 5349 935 607 5350 934 607 5351 754 607 5352 934 607 5353 755 607 5354 755 607 5355 934 607 5356 756 607 5357 756 607 5358 934 607 5359 757 607 5360 757 607 5361 934 607 5362 758 607 5363 758 607 5364 934 607 5365 933 607 5366 758 607 5367 933 607 5368 759 607 5369 759 607 5370 933 607 5371 760 607 5372 760 607 5373 933 607 5374 761 607 5375 761 607 5376 933 607 5377 762 607 5378 762 607 5379 933 607 5380 932 607 5381 762 607 5382 932 607 5383 763 607 5384 975 607 5385 976 607 5386 935 607 5387 935 607 5388 976 607 5389 936 607 5390 936 607 5391 976 607 5392 596 607 5393 936 607 5394 596 607 5395 595 607 5396 977 607 5397 598 607 5398 976 607 5399 976 607 5400 598 607 5401 597 607 5402 976 607 5403 597 607 5404 596 607 5405 978 607 5406 601 607 5407 977 607 5408 977 607 5409 601 607 5410 600 607 5411 977 607 5412 600 607 5413 599 607 5414 979 607 5415 939 607 5416 978 607 5417 978 607 5418 939 607 5419 604 607 5420 978 607 5421 604 607 5422 603 607 5423 980 607 5424 788 607 5425 979 607 5426 979 607 5427 788 607 5428 940 607 5429 979 607 5430 940 607 5431 939 607 5432 788 607 5433 797 607 5434 940 607 5435 940 607 5436 797 607 5437 796 607 5438 940 607 5439 796 607 5440 941 607 5441 941 607 5442 796 607 5443 795 607 5444 941 607 5445 795 607 5446 794 607 5447 794 607 5448 774 607 5449 941 607 5450 941 607 5451 774 607 5452 942 607 5453 942 607 5454 774 607 5455 773 607 5456 604 607 5457 939 607 5458 594 607 5459 594 607 5460 939 607 5461 938 607 5462 594 607 5463 938 607 5464 641 607 5465 641 607 5466 938 607 5467 642 607 5468 642 607 5469 938 607 5470 643 607 5471 643 607 5472 938 607 5473 644 607 5474 644 607 5475 938 607 5476 937 607 5477 644 607 5478 937 607 5479 645 607 5480 645 607 5481 937 607 5482 646 607 5483 646 607 5484 937 607 5485 647 607 5486 647 607 5487 937 607 5488 648 607 5489 648 607 5490 937 607 5491 936 607 5492 648 607 5493 936 607 5494 649 607 5495 649 607 5496 936 607 5497 595 607 5498 910 607 5499 860 607 5500 911 607 5501 911 607 5502 860 607 5503 859 607 5504 911 607 5505 859 607 5506 858 607 5507 909 607 5508 864 607 5509 910 607 5510 910 607 5511 864 607 5512 863 607 5513 910 607 5514 863 607 5515 862 607 5516 908 607 5517 725 607 5518 909 607 5519 909 607 5520 725 607 5521 724 607 5522 909 607 5523 724 607 5524 723 607 5525 723 607 5526 722 607 5527 909 607 5528 909 607 5529 722 607 5530 864 607 5531 862 607 5532 861 607 5533 910 607 5534 910 607 5535 861 607 5536 860 607 5537 857 607 5538 856 607 5539 954 607 5540 954 607 5541 856 607 5542 732 607 5543 730 607 5544 729 607 5545 953 607 5546 953 607 5547 729 607 5548 728 607 5549 952 607 5550 726 607 5551 908 607 5552 908 607 5553 726 607 5554 725 607 5555 572 607 5556 582 607 5557 968 607 5558 968 607 5559 582 607 5560 581 607 5561 662 607 5562 661 607 5563 969 607 5564 969 607 5565 661 607 5566 660 607 5567 588 607 5568 587 607 5569 951 607 5570 951 607 5571 587 607 5572 586 607 5573 584 607 5574 658 607 5575 950 607 5576 950 607 5577 658 607 5578 657 607 5579 603 607 5580 602 607 5581 978 607 5582 978 607 5583 602 607 5584 601 607 5585 599 607 5586 598 607 5587 977 607 5588 983 1283 5589 984 1283 5590 982 1283 5591 982 1284 5592 984 1284 5593 620 1284 5594 620 1285 5595 984 1285 5596 605 1285 5597 605 1286 5598 984 1286 5599 981 1286 5600 986 1287 5601 943 1287 5602 772 1287 5603 772 1288 5604 943 1288 5605 942 1288 5606 772 1289 5607 942 1289 5608 773 1289 5609 772 1290 5610 985 1290 5611 986 1290 5612 620 1291 5613 619 1292 5614 982 1293 5615 982 1293 5616 619 1292 5617 994 1294 5618 994 1294 5619 619 1292 5620 618 1295 5621 994 1294 5622 618 1295 5623 993 1296 5624 993 1296 5625 618 1295 5626 617 1297 5627 993 1296 5628 617 1297 5629 992 1298 5630 992 1298 5631 617 1297 5632 616 1299 5633 992 1298 5634 616 1299 5635 991 1300 5636 991 1300 5637 616 1299 5638 886 1301 5639 991 1300 5640 886 1301 5641 990 1302 5642 990 1302 5643 886 1301 5644 885 1303 5645 990 1302 5646 885 1303 5647 989 1304 5648 989 1304 5649 885 1303 5650 884 1305 5651 989 1304 5652 884 1305 5653 988 1306 5654 988 1306 5655 884 1305 5656 883 1307 5657 988 1306 5658 883 1307 5659 987 1308 5660 987 1308 5661 883 1307 5662 1001 1309 5663 1001 1309 5664 883 1307 5665 882 1310 5666 1001 1309 5667 882 1310 5668 1000 1311 5669 1000 1311 5670 882 1310 5671 881 1312 5672 1000 1311 5673 881 1312 5674 999 1313 5675 999 1313 5676 881 1312 5677 880 1314 5678 999 1313 5679 880 1314 5680 998 1315 5681 998 1315 5682 880 1314 5683 879 1316 5684 998 1315 5685 879 1316 5686 997 1317 5687 997 1317 5688 879 1316 5689 946 1318 5690 997 1317 5691 946 1318 5692 996 1319 5693 996 1319 5694 946 1318 5695 945 1320 5696 996 1319 5697 945 1320 5698 995 1321 5699 995 1321 5700 945 1320 5701 944 1322 5702 995 1323 5703 944 1324 5704 986 1325 5705 986 1325 5706 944 1324 5707 943 1326 5708 775 607 5709 827 607 5710 772 607 5711 772 607 5712 827 607 5713 846 607 5714 772 607 5715 846 607 5716 845 607 5717 793 607 5718 831 607 5719 775 607 5720 775 607 5721 831 607 5722 830 607 5723 775 607 5724 830 607 5725 829 607 5726 793 607 5727 792 607 5728 831 607 5729 831 607 5730 792 607 5731 832 607 5732 832 607 5733 792 607 5734 791 607 5735 832 607 5736 791 607 5737 790 607 5738 790 607 5739 789 607 5740 832 607 5741 832 607 5742 789 607 5743 833 607 5744 833 607 5745 789 607 5746 834 607 5747 834 607 5748 789 607 5749 835 607 5750 835 607 5751 789 607 5752 836 607 5753 836 607 5754 789 607 5755 1002 607 5756 836 607 5757 1002 607 5758 837 607 5759 837 607 5760 1002 607 5761 838 607 5762 838 607 5763 1002 607 5764 1003 607 5765 838 607 5766 1003 607 5767 839 607 5768 839 607 5769 1003 607 5770 840 607 5771 840 607 5772 1003 607 5773 841 607 5774 841 607 5775 1003 607 5776 1004 607 5777 841 607 5778 1004 607 5779 842 607 5780 842 607 5781 1004 607 5782 843 607 5783 843 607 5784 1004 607 5785 844 607 5786 844 607 5787 1004 607 5788 772 607 5789 844 607 5790 772 607 5791 845 607 5792 1004 607 5793 985 607 5794 772 607 5795 829 607 5796 828 607 5797 775 607 5798 775 607 5799 828 607 5800 827 607 5801 1002 1327 5802 789 1327 5803 980 1327 5804 980 1328 5805 789 1328 5806 788 1328 5807 984 1329 5808 777 1329 5809 981 1329 5810 981 1023 5811 777 1023 5812 776 1023 5813 782 607 5814 852 607 5815 1005 607 5816 1005 607 5817 852 607 5818 851 607 5819 1005 607 5820 851 607 5821 850 607 5822 781 607 5823 855 607 5824 782 607 5825 782 607 5826 855 607 5827 854 607 5828 782 607 5829 854 607 5830 853 607 5831 855 607 5832 781 607 5833 807 607 5834 807 607 5835 781 607 5836 780 607 5837 807 607 5838 780 607 5839 808 607 5840 808 607 5841 780 607 5842 779 607 5843 808 607 5844 779 607 5845 778 607 5846 808 607 5847 778 607 5848 809 607 5849 809 607 5850 778 607 5851 777 607 5852 809 607 5853 777 607 5854 810 607 5855 810 607 5856 777 607 5857 811 607 5858 811 607 5859 777 607 5860 812 607 5861 812 607 5862 777 607 5863 984 607 5864 812 607 5865 984 607 5866 813 607 5867 813 607 5868 984 607 5869 814 607 5870 814 607 5871 984 607 5872 815 607 5873 815 607 5874 984 607 5875 1006 607 5876 815 607 5877 1006 607 5878 816 607 5879 816 607 5880 1006 607 5881 817 607 5882 817 607 5883 1006 607 5884 847 607 5885 847 607 5886 1006 607 5887 1007 607 5888 847 607 5889 1007 607 5890 848 607 5891 848 607 5892 1007 607 5893 849 607 5894 849 607 5895 1007 607 5896 850 607 5897 850 607 5898 1007 607 5899 1005 607 5900 984 607 5901 983 607 5902 1006 607 5903 853 607 5904 852 607 5905 782 607 5906 947 1330 5907 783 1330 5908 1005 1330 5909 1005 1331 5910 783 1331 5911 782 1331 5912 968 1332 5913 967 1333 5914 1026 1334 5915 1026 1334 5916 967 1333 5917 1025 1335 5918 1025 1335 5919 967 1333 5920 966 1336 5921 1025 1335 5922 966 1336 5923 1024 1336 5924 1024 1336 5925 966 1336 5926 965 1337 5927 1024 1336 5928 965 1337 5929 1023 1338 5930 1023 1338 5931 965 1337 5932 964 1339 5933 1023 1338 5934 964 1339 5935 1022 1340 5936 1022 1340 5937 964 1339 5938 963 1341 5939 1022 1340 5940 963 1341 5941 1021 1342 5942 1021 1342 5943 963 1341 5944 962 1343 5945 1021 1342 5946 962 1343 5947 1020 1344 5948 1020 1344 5949 962 1343 5950 961 1345 5951 1020 1344 5952 961 1345 5953 1019 1346 5954 1019 1346 5955 961 1345 5956 960 1347 5957 1019 1346 5958 960 1347 5959 1018 1348 5960 1018 1348 5961 960 1347 5962 959 1349 5963 1018 1348 5964 959 1349 5965 1017 1350 5966 1017 1350 5967 959 1349 5968 958 1351 5969 1017 1350 5970 958 1351 5971 1016 1352 5972 1016 1352 5973 958 1351 5974 957 1353 5975 1016 1352 5976 957 1353 5977 1015 1354 5978 1015 1354 5979 957 1353 5980 956 1355 5981 1015 1354 5982 956 1355 5983 1014 1356 5984 1014 1356 5985 956 1355 5986 955 1357 5987 1014 1356 5988 955 1357 5989 1013 1358 5990 1013 1358 5991 955 1357 5992 954 1359 5993 1013 1358 5994 954 1359 5995 1012 1360 5996 1012 1360 5997 954 1359 5998 953 1361 5999 1012 1360 6000 953 1361 6001 1011 1362 6002 1011 1362 6003 953 1361 6004 952 1363 6005 1011 1362 6006 952 1363 6007 1010 1363 6008 1010 1363 6009 952 1363 6010 951 1364 6011 1010 1363 6012 951 1364 6013 1009 1365 6014 1009 1365 6015 951 1364 6016 1008 1366 6017 1008 1366 6018 951 1364 6019 950 1367 6020 1002 1368 6021 980 1369 6022 1037 1370 6023 1037 1370 6024 980 1369 6025 979 1371 6026 1037 1370 6027 979 1371 6028 1036 1372 6029 1036 1372 6030 979 1371 6031 978 1373 6032 1036 1372 6033 978 1373 6034 1035 1374 6035 1035 1374 6036 978 1373 6037 977 1375 6038 1035 1374 6039 977 1375 6040 1034 1376 6041 1034 1376 6042 977 1375 6043 976 1377 6044 1034 1376 6045 976 1377 6046 1033 1378 6047 1033 1378 6048 976 1377 6049 975 1379 6050 1033 1378 6051 975 1379 6052 1032 1380 6053 1032 1380 6054 975 1379 6055 974 1381 6056 1032 1380 6057 974 1381 6058 1031 1382 6059 1031 1382 6060 974 1381 6061 973 1383 6062 1031 1382 6063 973 1383 6064 1030 1384 6065 1030 1384 6066 973 1383 6067 972 1385 6068 1030 1384 6069 972 1385 6070 1029 1386 6071 1029 1386 6072 972 1385 6073 971 1387 6074 1029 1386 6075 971 1387 6076 1028 1388 6077 1028 1388 6078 971 1387 6079 970 1389 6080 1028 1388 6081 970 1389 6082 1027 1390 6083 1027 1390 6084 970 1389 6085 969 1391 6086 1027 1390 6087 969 1391 6088 1026 1334 6089 1026 1334 6090 969 1391 6091 968 1332 6092 1037 1370 6093 1038 1392 6094 1002 1368 6095 1002 1368 6096 1038 1392 6097 1003 1393 6098 1003 1393 6099 1038 1392 6100 1004 1394 6101 1004 1394 6102 1038 1392 6103 1039 1395 6104 1004 1394 6105 1039 1395 6106 985 1396 6107 985 1397 6108 1039 1398 6109 986 1399 6110 986 1400 6111 1039 1401 6112 995 1402 6113 995 1403 6114 1039 1404 6115 996 1405 6116 996 1405 6117 1039 1404 6118 997 1406 6119 997 1406 6120 1039 1404 6121 998 1407 6122 998 1407 6123 1039 1404 6124 999 1408 6125 999 1408 6126 1039 1404 6127 1000 1409 6128 1000 1409 6129 1039 1404 6130 1001 1410 6131 1001 1410 6132 1039 1404 6133 987 1411 6134 987 1411 6135 1039 1404 6136 1040 1412 6137 987 1411 6138 1040 1412 6139 988 1413 6140 988 1413 6141 1040 1412 6142 989 1414 6143 989 1414 6144 1040 1412 6145 990 1415 6146 990 1415 6147 1040 1412 6148 991 1416 6149 991 1416 6150 1040 1412 6151 992 1417 6152 992 1417 6153 1040 1412 6154 993 1418 6155 993 1418 6156 1040 1412 6157 994 1419 6158 994 1420 6159 1040 1421 6160 982 1422 6161 982 1423 6162 1040 1424 6163 983 1425 6164 983 1426 6165 1040 1427 6166 1006 1428 6167 1006 1428 6168 1040 1427 6169 1041 1429 6170 1006 1428 6171 1041 1429 6172 1007 1430 6173 1007 1430 6174 1041 1429 6175 1005 1431 6176 1005 1431 6177 1041 1429 6178 1042 1432 6179 1005 1431 6180 1042 1432 6181 947 1433 6182 947 1433 6183 1042 1432 6184 948 1434 6185 948 1434 6186 1042 1432 6187 1043 1435 6188 948 1434 6189 1043 1435 6190 949 1436 6191 949 1436 6192 1043 1435 6193 1008 1366 6194 949 1436 6195 1008 1366 6196 950 1367 6197 1027 1437 6198 1026 1437 6199 1012 1437 6200 1012 1438 6201 1026 1438 6202 1025 1438 6203 1012 1439 6204 1025 1439 6205 1024 1439 6206 1024 1440 6207 1023 1440 6208 1012 1440 6209 1012 607 6210 1023 607 6211 1022 607 6212 1012 607 6213 1022 607 6214 1013 607 6215 1013 607 6216 1022 607 6217 1021 607 6218 1013 607 6219 1021 607 6220 1014 607 6221 1014 607 6222 1021 607 6223 1020 607 6224 1014 607 6225 1020 607 6226 1015 607 6227 1015 607 6228 1020 607 6229 1019 607 6230 1015 607 6231 1019 607 6232 1016 607 6233 1016 607 6234 1019 607 6235 1018 607 6236 1016 607 6237 1018 607 6238 1017 607 6239 1011 1441 6240 1040 1441 6241 1012 1441 6242 1012 1442 6243 1040 1442 6244 1039 1442 6245 1012 1443 6246 1039 1443 6247 1038 1443 6248 1040 607 6249 1011 607 6250 1041 607 6251 1041 1444 6252 1011 1444 6253 1010 1444 6254 1041 1445 6255 1010 1445 6256 1042 1445 6257 1042 1446 6258 1010 1446 6259 1009 1446 6260 1042 607 6261 1009 607 6262 1043 607 6263 1043 607 6264 1009 607 6265 1008 607 6266 1038 607 6267 1037 607 6268 1012 607 6269 1012 1447 6270 1037 1447 6271 1036 1447 6272 1012 1448 6273 1036 1448 6274 1035 1448 6275 1035 1449 6276 1034 1449 6277 1012 1449 6278 1012 1450 6279 1034 1450 6280 1033 1450 6281 1012 1451 6282 1033 1451 6283 1032 1451 6284 1032 607 6285 1031 607 6286 1012 607 6287 1012 1452 6288 1031 1452 6289 1030 1452 6290 1012 1453 6291 1030 1453 6292 1029 1453 6293 1029 607 6294 1028 607 6295 1012 607 6296 1012 1454 6297 1028 1454 6298 1027 1454 6299</p>
        </triangles>
      </mesh>
    </geometry>
  </library_geometries>
  <library_visual_scenes>
    <visual_scene id="Scene" name="Scene">
      <node id="RD37-FR5L-V6_0-1-1" name="RD37-FR5L-V6.0-1-1" type="NODE">
        <matrix sid="transform">0.001 0 0 0 0 0.001 -4.37114e-11 0 0 4.37114e-11 0.001 0 0 0 0 1</matrix>
        <node id="stitch_result_stitchFBXASC032all" name="stitch_result_stitchFBXASC032all" type="NODE">
          <matrix sid="transform">1 0 0 0 0 -4.37114e-8 -1 0 0 1 -4.37114e-8 0 0 0 0 1</matrix>
          <instance_geometry url="#stitch_result_stitchFBXASC032allMesh-mesh" name="stitch_result_stitchFBXASC032all">
            <bind_material>
              <technique_common>
                <instance_material symbol="MaterialFBXASC032FBXASC03525-material" target="#MaterialFBXASC032FBXASC03525-material">
                  <bind_vertex_input semantic="stitch_result_stitchFBXASC032all-UV0" input_semantic="TEXCOORD" input_set="0"/>
                </instance_material>
              </technique_common>
            </bind_material>
          </instance_geometry>
        </node>
      </node>
    </visual_scene>
  </library_visual_scenes>
  <scene>
    <instance_visual_scene url="#Scene"/>
  </scene>
</COLLADA>