<?xml version="1.0" encoding="utf-8"?>
<COLLADA xmlns="http://www.collada.org/2005/11/COLLADASchema" version="1.4.1" xmlns:xsi="http://www.w3.org/2001/XMLSchema-instance">
  <asset>
    <contributor>
      <author>Blender User</author>
      <authoring_tool>Blender 3.4.1 commit date:2022-12-19, commit time:17:00, hash:55485cb379f7</authoring_tool>
    </contributor>
    <created>2025-07-18T16:28:36</created>
    <modified>2025-07-18T16:28:36</modified>
    <unit name="meter" meter="1"/>
    <up_axis>Z_UP</up_axis>
  </asset>
  <library_effects>
    <effect id="MaterialFBXASC032FBXASC03528-effect">
      <profile_COMMON>
        <technique sid="common">
          <lambert>
            <emission>
              <color sid="emission">0 0 0 1</color>
            </emission>
            <diffuse>
              <color sid="diffuse">1 1 1 1</color>
            </diffuse>
            <reflectivity>
              <float sid="specular">1</float>
            </reflectivity>
            <index_of_refraction>
              <float sid="ior">1.45</float>
            </index_of_refraction>
          </lambert>
        </technique>
      </profile_COMMON>
    </effect>
  </library_effects>
  <library_images/>
  <library_materials>
    <material id="MaterialFBXASC032FBXASC03528-material" name="MaterialFBXASC032FBXASC03528">
      <instance_effect url="#MaterialFBXASC032FBXASC03528-effect"/>
    </material>
  </library_materials>
  <library_geometries>
    <geometry id="stitch_result_stitchFBXASC032allMesh_003-mesh" name="stitch_result_stitchFBXASC032allMesh.003">
      <mesh>
        <source id="stitch_result_stitchFBXASC032allMesh_003-mesh-positions">
          <float_array id="stitch_result_stitchFBXASC032allMesh_003-mesh-positions-array" count="7884">-39.25452 36.70996 14.94593 -41.96439 36.70996 1.739052 -40.35018 36.70996 -11.646 -34.57823 36.70996 -23.82999 -25.24329 36.70996 -33.55748 -13.30724 36.70996 -39.82612 5.32052e-6 36.70996 -41.99 13.30725 36.70996 -39.82612 25.2433 36.70996 -33.55747 34.57824 36.70996 -23.82999 40.35018 36.70996 -11.64598 41.96438 36.70996 1.739063 39.25452 36.70996 14.94594 30.79691 36.70996 26.13723 24.09984 36.70996 31.52426 16.54917 36.70996 35.52631 8.417495 36.70996 37.99787 -4.67948e-6 36.70996 38.83614 -8.417504 36.70996 37.99787 -16.54918 36.70996 35.52631 -24.09985 36.70996 31.52426 -30.79691 36.70996 26.13722 40.98283 67.70993 -9.1773 41.99871 65.87784 -0.317482 41.32319 62.73123 7.51955 40.3168 59.40176 11.78081 39.80002 57.28024 13.42675 39.3623 54.89603 14.65976 38.85823 49.45169 15.95082 38.84222 44.05212 15.9934 -38.84231 44.05249 15.99337 -38.8582 49.45169 15.9508 -39.3623 54.89603 14.65975 -39.80008 57.28049 13.4266 -40.31666 59.40127 11.7813 -41.32319 62.73123 7.519543 -41.99872 65.87784 -0.3174896 -40.98276 67.70993 -9.177639 -36.43597 67.70993 -20.88066 -28.6332 67.70993 -30.71685 -18.27172 67.70993 -37.80724 -6.277444 67.70993 -41.51822 6.277792 67.70993 -41.51816 18.27204 67.70993 -37.80709 28.63346 67.70993 -30.71661 36.43614 67.70993 -20.88035 16.65595 52.42734 -52.98998 9.977642 54.09732 -54.12215 6.32052e-6 55.00998 -54.71494 -9.977629 54.09732 -54.12215 -16.65593 52.42734 -52.99 -5.630659 54.72098 -52.99 5.630671 54.72098 -52.99 -28.66111 45.78757 -52.99 -36.84076 38.78042 -52.99 -43.66145 30.41171 -52.99 -48.78908 20.97025 -52.99 -52.00085 10.78665 -52.99 -53.16877 0.2274475 -52.99 -52.25207 -10.31775 -52.99 -49.29184 -20.4534 -52.99 -44.4078 -29.79541 -52.99 -37.79344 -37.98715 -52.99 -29.70847 -44.71438 -52.99 -20.46907 -49.71744 -52.99 -10.43584 -52.80167 -52.99 6.32052e-6 -53.84454 -52.99 10.43585 -52.80167 -52.98998 20.46909 -49.71744 -52.98998 29.70848 -44.71438 -52.98998 37.79345 -37.98715 -52.98998 44.40781 -29.79541 -52.98998 49.29184 -20.4534 -52.98998 52.25208 -10.31775 -52.98998 53.16876 0.2274475 -52.98998 52.00086 10.78665 -52.98998 48.78908 20.97015 -52.98998 43.66146 30.41171 -52.98998 36.84078 38.78042 -52.98998 28.66113 45.78757 -52.98998 6.32052e-6 56.22122 -52.32703 5.32052e-6 58.76718 -49.04388 5.32052e-6 61.85257 -46.32435 5.32052e-6 67.70993 -42.96741 -12.47841 67.70993 -40.88933 -24.1022 67.70993 -34.92326 -30.30994 67.70993 -29.51878 -35.30836 67.70993 -23.13753 -38.9652 67.70993 -15.96583 -3.67948e-6 15.11145 35.0264 -2.67948e-6 -5.838806 28.12953 -1.67948e-6 -22.79736 18.35594 -6.79482e-7 -35.94815 5.463772 1.32052e-6 -45.50375 -10.95945 3.32052e-6 -51.52603 -31.40757 -4.464516 65.09275 -43.96186 -4.919406 55.95126 -52.25036 -9.79874 55.15451 -52.01791 -19.25271 52.08505 -51.04887 -28.00756 47.23828 -49.34894 -35.71891 40.83096 -46.92169 -42.06832 33.10202 -43.86239 -46.79324 24.33688 -40.31373 -49.70227 14.86215 -36.43252 -50.68042 5.031036 -32.37682 -49.69093 -4.790405 -28.30215 -46.77529 -14.23593 -24.35978 -42.05156 -22.95129 -20.69526 -35.71022 -30.60635 -17.4464 -28.00702 -36.90707 -14.74084 -19.25192 -41.60684 -12.69363 -9.793664 -44.51553 -11.40505 -10.13699 -50.49756 -31.68457 -19.90479 -47.46442 -32.48083 -28.92593 -42.55685 -33.73816 -36.84825 -35.97082 -35.39107 -43.36113 -27.96256 -37.36748 -48.20877 -18.8393 -39.58967 -51.20061 -8.947846 -41.97512 -52.21834 1.338043 -44.43725 -51.22009 11.63055 -46.88595 -48.24209 21.54108 -49.22771 -43.39813 30.69333 -51.36536 -4.758217 58.51041 -48.92551 -9.479712 57.7532 -48.57206 -18.63083 54.84189 -47.15858 -27.10818 50.26816 -44.80059 -34.58259 44.26144 -41.5392 -40.74695 37.05377 -37.48962 -45.34292 28.90726 -32.8206 -48.17945 20.11737 -27.72587 -49.14041 11.0043 -22.40778 -48.1871 1.901062 -17.06977 -45.3585 -6.857697 -11.912 -40.7697 -14.94659 -7.127651 -34.60813 -22.06024 -2.898838 -27.12667 -27.92416 0.6079826 -18.63252 -32.30566 3.246922 -9.470486 -35.02286 4.89698 -4.606748 61.62247 -46.17255 -9.179258 60.94351 -45.72116 -18.04326 58.32883 -43.94101 -26.25123 54.21872 -41.03689 -33.48427 48.83115 -37.09688 -39.45018 42.3858 -32.26301 -43.90227 35.11966 -26.72392 -46.65581 27.29276 -20.69698 -47.59673 19.18399 -14.41416 -46.68515 11.0831 -8.112774 -43.95624 3.28183 -2.02911 -39.51911 -3.934448 3.60751 -33.55357 -10.2955 8.580845 -26.30389 -15.55511 12.69455 -18.06835 -19.49988 15.77939 -9.183178 -21.95694 17.6996 -4.510975 63.90628 -44.63891 -8.988561 63.298 -44.13719 -17.6681 60.95193 -42.16539 -25.70072 57.25772 -38.97074 -32.77266 52.41409 -34.6681 -38.60141 46.62454 -29.41821 -42.95026 40.10531 -23.42251 -45.64171 33.08969 -16.91042 -46.56538 25.82501 -10.12775 -45.68174 18.56693 -3.327835 -43.02328 11.57285 3.235634 -38.69396 5.095306 9.315346 -32.86655 -0.6249085 14.67763 -25.77691 -5.36618 19.11044 -17.71434 -8.933136 22.43164 -9.006734 -11.16281 24.49636 -8.745656 8.301484 32.27894 -17.18604 10.09195 30.05208 -24.98546 12.93735 26.46465 -31.83032 16.70062 21.67238 -37.44646 21.22376 15.87217 -41.61198 26.33164 9.293713 -44.16564 31.83691 2.190021 -45.01143 37.54498 -5.171894 -44.1202 43.25806 -12.51938 -41.52943 48.77945 -19.58153 -37.34186 53.91678 -26.09632 -31.72242 58.48544 -31.81869 -24.89255 62.31039 -36.52972 -17.12097 65.22489 -40.04597 -8.713015 67.07071 -42.22542 -4.373298 67.54807 -42.78074 -16.9451 66.68076 -39.50095 -24.63102 64.06186 -35.9081 -31.38124 60.62558 -31.0972 -36.93148 56.52396 -25.2568 -41.06499 51.91574 -18.61054 -43.62083 46.96713 -11.40813 -44.49898 41.85007 -3.916286 -43.66301 36.73971 3.58918 -41.14147 31.81183 10.83059 -37.0282 27.23947 17.53587 -31.48097 23.18955 23.44715 -24.71727 19.81873 28.33044 -17.00625 17.26923 31.98541 -8.656598 15.66547 34.25407 -30.34103 67.50003 -29.54976 -35.68545 65.0065 -23.45909 -39.65943 62.22055 -16.52663 -42.1115 59.24136 -9.014786 -42.94837 56.16977 -1.204216 -42.13701 53.10782 6.614986 -39.70566 50.15719 14.1515 -8.895773 64.52494 -43.43939 -17.48458 62.33285 -41.3879 -25.43032 58.87771 -38.07096 -32.42179 54.34604 -33.61436 -38.18114 48.93063 -28.18733 -42.47683 42.83578 -21.99748 -45.1355 36.27988 -15.27966 -46.04915 29.49301 -8.2855 -45.17875 22.71237 -1.274807 -42.55557 16.17658 5.491611 -38.28087 10.12009 11.75901 -32.52359 4.766968 17.28645 -25.515 0.3247986 21.85519 -17.53943 -3.022156 25.27747 -8.920186 -5.118042 27.40424 -10.3088 -52.15335 -43.4416 -20.23225 -49.08835 -43.93598 -29.38787 -44.12329 -44.71397 -37.42108 -37.45425 -45.73371 -44.0203 -29.33972 -46.95013 -48.92939 -20.09103 -48.31538 -51.95771 -10.06107 -49.77925 -52.98714 0.3693543 -51.28924 -51.9763 10.80444 -52.79058 38.9652 67.70993 -15.96583 35.30836 67.70993 -23.13752 30.30995 67.70993 -29.51877 24.10221 67.70993 -34.92325 12.47842 67.70993 -40.88933 10.30881 -52.15335 -43.4416 20.23227 -49.08835 -43.93597 29.38788 -44.12329 -44.71397 37.4211 -37.45425 -45.7337 44.02031 -29.33972 -46.95011 48.9294 -20.09103 -48.31537 51.95772 -10.06107 -49.77923 52.98715 0.3693543 -51.28922 51.97631 10.80444 -52.79057 9.793665 -44.51553 -11.40505 19.25193 -41.60684 -12.69363 28.00703 -36.90707 -14.74084 35.71022 -30.60635 -17.44639 42.05157 -22.95129 -20.69525 46.7753 -14.23593 -24.35976 49.69093 -4.790405 -28.30214 50.68043 5.031036 -32.37681 49.70227 14.86215 -36.43252 46.79325 24.33688 -40.31371 42.06834 33.10202 -43.86237 35.71891 40.83096 -46.92168 28.00757 47.23828 -49.34893 19.25273 52.08505 -51.04887 9.798752 55.15451 -52.01791 4.919418 55.95126 -52.25036 43.39815 30.69333 -51.36534 48.2421 21.54108 -49.22771 51.2201 11.63055 -46.88594 52.21835 1.338043 -44.43723 51.20062 -8.947846 -41.9751 48.20878 -18.8393 -39.58967 43.36113 -27.96256 -37.36748 36.84826 -35.97082 -35.39105 28.92594 -42.55685 -33.73815 19.9048 -47.46442 -32.48082 10.137 -50.49756 -31.68457 9.470485 -35.02286 4.89698 18.63252 -32.30566 3.246929 27.12667 -27.92416 0.6079865 34.60813 -22.06024 -2.898827 40.7697 -14.94659 -7.127636 45.3585 -6.857697 -11.91199 48.1871 1.901062 -17.06977 49.14041 11.0043 -22.40777 48.17945 20.11737 -27.72586 45.34292 28.90726 -32.82059 40.74696 37.05377 -37.48961 34.58261 44.26144 -41.53919 27.1082 50.26816 -44.80058 18.63084 54.84189 -47.15858 9.479724 57.7532 -48.57206 4.758227 58.51041 -48.92551 9.183175 -21.95694 17.6996 18.06835 -19.49988 15.77939 26.30389 -15.55511 12.69456 33.55356 -10.2955 8.580853 39.5191 -3.934448 3.607521 43.95623 3.28183 -2.029098 46.68515 11.0831 -8.112771 47.59672 19.18399 -14.41415 46.65581 27.29276 -20.69697 43.90227 35.11966 -26.72391 39.45019 42.3858 -32.26299 33.48427 48.83115 -37.09687 26.25124 54.21872 -41.03688 18.04327 58.32883 -43.941 9.179268 60.94351 -45.72115 4.606758 61.62247 -46.17255 8.92018 -5.118042 27.40424 17.53943 -3.022156 25.27748 25.515 0.3247986 21.85519 32.52359 4.766968 17.28646 38.28087 10.12009 11.75902 42.55557 16.17658 5.491623 45.17874 22.71237 -1.274796 46.04915 29.49301 -8.285489 45.1355 36.27988 -15.27965 42.47683 42.83578 -21.99747 38.18114 48.93063 -28.18733 32.4218 54.34604 -33.61435 25.43033 58.87771 -38.07095 17.48459 62.33285 -41.38789 8.895784 64.52494 -43.43939 4.464525 65.09275 -43.96186 8.745648 8.301484 32.27894 17.18603 10.09195 30.05208 24.98546 12.93735 26.46466 31.83031 16.70062 21.67239 37.44645 21.22376 15.87218 41.61197 26.33164 9.293721 44.16563 31.83691 2.190033 45.01143 37.54498 -5.171883 44.1202 43.25806 -12.51937 41.52943 48.77945 -19.58151 37.34186 53.91678 -26.09631 31.72243 58.48544 -31.81868 24.89256 62.31039 -36.52972 17.12098 65.22489 -40.04596 8.713025 67.07071 -42.22542 4.373308 67.54807 -42.78074 39.70566 50.15719 14.15151 42.13701 53.10776 6.614998 42.94836 56.16977 -1.204205 42.11151 59.24136 -9.014779 39.65943 62.22055 -16.52663 35.68545 65.0065 -23.45908 30.34104 67.50003 -29.54975 16.94511 66.68076 -39.50095 24.63103 64.06186 -35.90809 31.38125 60.62558 -31.09719 36.93148 56.52396 -25.25678 41.06499 51.91574 -18.61053 43.62083 46.96713 -11.40812 44.49898 41.85007 -3.916279 43.663 36.73971 3.589199 41.14146 31.81183 10.8306 37.02819 27.23947 17.53588 31.48097 23.18955 23.44716 24.71726 19.81873 28.33045 17.00625 17.26923 31.98542 8.65659 15.66547 34.25407 -24.32447 791.6854 51.00999 -30.65062 800.3925 51.00999 -33.97647 810.6286 51.00999 -33.97647 821.3911 51.00999 -30.65062 831.6272 51.00999 -24.32447 840.3342 51.00999 -15.61727 846.6604 51.00999 -5.381345 849.9863 51.00999 5.381345 849.9863 51.00999 15.61727 846.6604 51.00999 24.32447 840.3342 51.00999 30.65062 831.6272 51.00999 33.97647 821.3911 51.00999 33.97647 810.6286 51.00999 30.65062 800.3925 51.00999 24.32447 791.6854 51.00999 15.61727 785.3593 51.00999 5.381345 782.0333 51.00999 -5.381345 782.0333 51.00999 -15.61727 785.3593 51.00999 24.32447 840.3342 50.60999 -24.32447 791.6854 50.60999 -30.65062 800.3925 50.60999 -33.97647 810.6286 50.60999 -33.97647 821.3911 50.60999 -30.65062 831.6272 50.60999 -24.32447 840.3342 50.60999 -15.61727 846.6604 50.60999 -5.381345 849.9863 50.60999 5.381345 849.9863 50.60999 15.61727 846.6604 50.60999 30.65062 831.6272 50.60999 33.97647 821.3911 50.60999 33.97647 810.6286 50.60999 30.65062 800.3925 50.60999 24.32447 791.6854 50.60999 15.61727 785.3593 50.60999 5.381345 782.0333 50.60999 -5.381345 782.0333 50.60999 -15.61727 785.3593 50.60999 44.98801 814.95 -8.046555 44.98799 814.9596 -1.029282 44.98799 808.1337 -1.029304 44.98799 812.095 -4.004921 17.1123 774.3904 43.30939 15.12849 773.629 43.97864 8.009697 771.7284 45.71957 3.20519e-7 771.0098 46.43432 -7.717799 771.6765 45.76906 -15.12928 773.6294 43.9784 -17.11328 774.391 43.30917 -15.05847 773.537 43.65071 -7.684453 771.6371 45.52244 7.32052e-6 771.001 46.30466 7.974699 771.6869 45.46808 15.05768 773.5368 43.65095 -15.1238 773.6104 43.80047 -12.7217 772.8305 44.51179 -10.2388 772.1782 45.13267 -7.699551 771.6651 45.64472 -5.111425 771.2958 46.03102 -2.496761 771.0762 46.28317 0.1416493 771.0079 46.36906 1.903763 771.0476 46.31866 5.404484 771.3298 45.9938 7.990492 771.7161 45.59274 10.52851 772.2465 45.0662 13.0094 772.9161 44.43237 15.412 773.7144 43.70765 -44.98799 808.1337 1.049278 -44.99522 804.6908 0.6667481 -44.99356 803.2388 0.7709465 -44.98539 801.9906 1.156372 -44.96087 800.9033 1.885933 -44.90986 800.0044 2.856625 -44.71163 798.4922 5.098152 -43.33169 794.2428 12.14936 -39.95472 788.7023 20.71143 -34.85533 783.2514 28.47232 -28.12972 778.2145 35.13448 -19.87252 773.9334 40.38427 -10.28146 770.8258 43.81961 3.20519e-7 769.5 45.00999 10.28154 770.8259 43.82008 18.57853 773.4075 40.99581 27.20253 777.6443 35.85728 34.24663 782.7171 29.20191 39.60537 788.2543 21.3722 43.18009 793.9154 12.67804 44.69173 798.3859 5.271301 44.90373 799.9301 2.951687 44.9581 800.8312 1.951157 44.98454 801.923 1.189182 44.9934 803.1878 0.7799759 44.99523 804.6476 0.666462 44.98799 808.1337 1.049274 44.98799 812.0823 4.016495 44.988 814.9458 8.057549 44.99298 815.2083 11.04899 44.98632 814.8987 13.03618 44.97933 814.6449 13.65487 44.95083 813.9061 14.77022 44.56076 809.7365 18.01679 44.19021 807.5092 19.41087 39.65734 794.7272 27.60217 31.40119 783.7345 35.43087 19.87356 775.5659 41.88388 19.84838 775.5536 41.89435 17.03702 774.2894 42.98044 17.03606 774.2891 42.98078 -17.03702 774.2894 42.98047 -24.1661 777.9861 39.89242 -31.76439 784.0923 35.16184 -37.35777 790.8993 30.23869 -41.60639 798.8567 24.86145 -44.55381 809.6871 18.04828 -44.8093 811.8706 16.57766 -44.92451 813.4037 15.3088 -44.94891 813.8654 14.818 -44.97855 814.6196 13.7054 -44.99006 815.0615 12.43148 -44.99297 815.2074 11.08217 -44.988 814.9457 8.057694 -44.98799 812.0801 4.015068 -2.758945 771.0623 46.0866 44.13009 801.0244 10.45728 -44.20454 801.3406 10.09713 39.14913 789.9169 23.10787 30.21653 780.5337 33.78348 24.53673 776.7911 38.0363 18.23368 773.8252 41.40331 11.46754 771.7299 43.77899 4.410237 770.5877 45.0723 -2.759096 770.4669 45.20877 -9.858365 771.3788 44.17659 -16.70729 773.2611 42.0431 -23.13186 776.0342 38.89595 -34.07024 783.875 29.98358 -41.56964 794.0408 18.41221 -44.20509 798.2936 8.797444 -41.57016 791.6659 17.4019 -16.7075 772.7936 41.82054 -9.858489 771.0829 44.01887 -2.759131 770.254 45.08115 4.410292 770.3637 44.94079 11.46769 771.4019 43.6094 18.23391 773.3062 41.16087 39.14962 787.9215 22.25938 44.13064 798.0066 9.170182 4.410347 770.1173 44.84811 -2.759165 770.02 44.989 -9.858613 770.7556 43.9216 -2.759187 769.8674 44.95334 4.410382 769.9569 44.8132 -44.20397 803.9251 12.09898 -41.56912 796.0538 19.97022 -34.06981 785.0956 30.92858 -23.13156 776.6481 39.37606 -16.70708 773.6622 42.36186 -9.858241 771.6366 44.38746 -2.759061 770.6558 45.36826 4.410181 770.7855 45.23853 11.4674 772.0143 44.00984 18.23345 774.2693 41.75469 24.53643 777.4634 38.56082 30.21615 781.495 34.52918 39.14863 791.6078 24.41626 44.12953 803.5841 12.43988 44.12898 805.567 14.9993 39.14814 792.9169 26.10669 30.21577 782.2416 35.48961 24.53612 777.9889 39.23201 18.23322 774.622 42.19794 11.46726 772.2465 44.29313 4.410126 770.953 45.43527 -2.759027 770.8167 45.55591 -9.858117 771.8488 44.64408 -16.70687 773.9822 42.76194 -23.13128 777.1293 39.98895 -34.06938 786.0414 32.14832 -41.56859 797.6123 21.98287 -44.20343 805.9273 14.68317 11.46711 772.4174 44.62005 4.41007 771.0859 45.65829 -2.758992 770.9457 45.76799 -9.857994 772.0079 44.93905 -41.56807 798.6233 24.35708 -44.20286 807.2272 17.72989 44.12842 806.8544 18.01688 39.14765 793.766 28.10129 4.410015 771.1802 45.90341 -2.758957 771.0393 46.00078 -25.27906 790.7308 53.69999 -16.23016 784.1563 53.69999 -5.592531 780.7 53.69999 5.592531 780.7 53.69999 16.23016 784.1563 53.69999 25.27906 790.7308 53.69999 31.85348 799.7797 53.69999 35.30985 810.4174 53.69999 35.30985 821.6023 53.69999 31.85348 832.24 53.69999 25.27906 841.2888 53.69999 25.27906 841.2888 53.89016 31.85348 832.24 53.89016 35.30985 821.6023 53.89016 35.30985 810.4174 53.89016 31.85348 799.7797 53.89016 25.27906 790.7308 53.89016 16.23016 784.1563 53.89016 5.592531 780.7 53.89016 -5.592531 780.7 53.89016 -16.23016 784.1563 53.89016 -25.27906 790.7308 53.89016 3.20519e-7 816.0098 52.21123 26.01249 829.2817 53.33026 16.23016 847.8632 53.89016 5.592531 851.3196 53.89016 -5.592531 851.3196 53.89016 -16.23016 847.8632 53.89016 -25.27906 841.2888 53.89016 -31.85348 832.24 53.89016 -35.30986 821.6023 53.89016 -35.30986 810.4174 53.89016 -31.85348 799.7797 53.89016 -26.01249 829.2817 53.33026 16.23016 847.8632 53.69999 5.592531 851.3196 53.69999 -5.592531 851.3196 53.69999 -16.23016 847.8632 53.69999 -25.27906 841.2888 53.69999 -31.85348 832.24 53.69999 -35.30986 821.6023 53.69999 -35.30986 810.4174 53.69999 -31.85348 799.7797 53.69999 25.63262 841.6423 53.69999 16.45715 848.3087 53.69999 5.670748 851.8135 53.69999 -5.670748 851.8135 53.69999 -16.45715 848.3087 53.69999 -25.63262 841.6423 53.69999 -32.29898 832.4669 53.69999 -35.80369 821.6806 53.69999 -35.80369 810.3391 53.69999 -32.29898 799.5526 53.69999 -25.63262 790.3772 53.69999 -16.45715 783.7108 53.69999 -5.670748 780.2061 53.69999 5.670748 780.2061 53.69999 16.45715 783.7108 53.69999 25.63262 790.3772 53.69999 32.29898 799.5526 53.69999 35.80369 810.3391 53.69999 35.80369 821.6806 53.69999 32.29898 832.4669 53.69999 -25.63262 790.3772 53.93759 -16.45715 783.7108 53.93759 -5.670748 780.2061 53.93759 5.670748 780.2061 53.93759 16.45715 783.7108 53.93759 25.63262 790.3772 53.93759 32.29898 799.5526 53.93759 35.80369 810.3391 53.93759 35.80369 821.6806 53.93759 32.29898 832.4669 53.93759 25.63262 841.6423 53.93759 -26.27368 789.7361 53.97475 -16.86874 782.9031 53.97475 -5.812573 779.3107 53.97475 5.812572 779.3107 53.97475 16.86875 782.9031 53.97475 26.27369 789.7361 53.97475 33.10677 799.141 53.97475 36.69914 810.1973 53.97475 36.69914 821.8224 53.97475 33.10677 832.8787 53.97475 26.27369 842.2835 53.97475 26.1998 842.2096 53.99251 26.125 842.1348 53.9991 26.05013 842.0599 53.99446 32.82506 832.735 53.99446 36.38687 821.7728 53.99446 36.38687 810.2467 53.99446 32.82506 799.2847 53.99446 26.05013 789.9597 53.99446 16.72521 783.1848 53.99446 5.763114 779.6229 53.99446 -5.763114 779.6229 53.99446 -16.72521 783.1848 53.99446 -26.05012 789.9597 53.99446 -26.125 789.8848 53.9991 -26.1998 789.8101 53.99251 29.88273 837.7208 53.99914 -11.41419 780.8805 53.99914 -21.71108 786.1271 53.99914 3.20519e-7 779.0726 53.99914 11.41419 780.8805 53.99914 21.71108 786.1271 53.99914 29.88273 794.2987 53.99914 35.12925 804.5956 53.99914 36.93709 816.0098 53.99914 35.12925 827.4241 53.99914 26.87005 784.8972 53.08533 26.87005 784.8972 50.60999 26.49697 785.3517 50.60999 26.21974 785.8705 50.60999 26.04902 786.4332 50.60999 25.99137 787.0184 50.60999 26.12055 787.8893 50.60999 26.49697 788.6852 50.60999 27.08819 789.3375 50.60999 27.84332 789.7902 50.60999 28.69732 790.004 50.60999 29.57665 789.9607 50.60999 30.40556 789.6642 50.60999 31.11269 789.1399 50.60999 31.11269 789.1399 53.08533 30.67555 789.5005 53.21281 30.1588 789.7817 53.34212 29.58983 789.9575 53.4645 29.00799 790.0182 53.57146 28.43418 789.9656 53.65918 27.85846 789.7963 53.7282 27.32493 789.5122 53.77083 26.87005 789.1399 53.78499 26.49768 788.6849 53.77083 26.21356 788.1515 53.7282 26.04427 787.5757 53.65918 25.99157 787.0018 53.57146 26.0523 786.4201 53.4645 26.22808 785.8511 53.34212 26.50939 785.3341 53.21281 25.91096 841.9208 53.9754 25.77179 841.7816 53.95645 -25.77179 790.2379 53.95645 -25.91096 790.0989 53.9754 16.45715 848.3087 53.93759 5.670748 851.8135 53.93759 -5.670748 851.8135 53.93759 -16.45715 848.3087 53.93759 -25.63262 841.6423 53.93759 -32.29898 832.4669 53.93759 -35.80369 821.6806 53.93759 -35.80369 810.3391 53.93759 -32.29898 799.5526 53.93759 31.84137 787.0184 50.60999 31.78661 787.5746 50.60999 31.62443 788.1091 50.60999 31.36106 788.6019 50.60999 31.00663 789.0337 50.60999 30.33486 789.532 50.60999 29.54738 789.8136 50.60999 28.71203 789.8547 50.60999 27.90073 789.6515 50.60999 27.18335 789.2216 50.60999 26.62169 788.6019 50.60999 26.2641 787.8458 50.60999 26.14137 787.0184 50.60999 26.4076 787.0184 51.24947 26.81503 787.0184 51.80968 27.34137 787.0184 52.25999 27.37308 787.3403 52.25999 27.46697 787.6498 52.25999 27.61945 787.9352 52.25999 27.82465 788.1852 52.25999 28.07468 788.3903 52.25999 28.35995 788.5429 52.25999 28.66947 788.6367 52.25999 28.99138 788.6685 52.25999 29.31327 788.6367 52.25999 29.6228 788.5429 52.25999 29.90807 788.3903 52.25999 30.1581 788.1852 52.25999 30.3633 787.9352 52.25999 30.51578 787.6498 52.25999 30.60967 787.3403 52.25999 30.64137 787.0184 52.25999 31.16772 787.0184 51.80968 31.57514 787.0184 51.24947 31.67165 787.8893 50.71432 31.27136 787.7593 51.54038 30.64788 787.5567 52.19594 31.27136 788.6749 50.71432 30.93084 788.4275 51.54038 30.40048 788.0421 52.19594 30.64788 789.2985 50.71432 30.40048 788.958 51.54038 30.01515 788.4275 52.19594 29.86225 789.6987 50.71432 29.73219 789.2985 51.54038 29.52961 788.6749 52.19594 28.99138 789.8367 50.71432 28.99138 789.4157 51.54038 28.99138 788.7603 52.19594 28.1205 789.6987 50.71432 28.25056 789.2985 51.54038 28.45315 788.6749 52.19594 27.33487 789.2985 50.71432 27.58227 788.958 51.54038 27.9676 788.4275 52.19594 26.71139 788.6749 50.71432 27.05191 788.4275 51.54038 27.58227 788.0421 52.19594 26.31109 787.8893 50.71432 26.71139 787.7593 51.54038 27.33487 787.5567 52.19594 31.84137 845.0012 50.60999 31.78661 845.5571 50.60999 31.62443 846.0918 50.60999 31.36106 846.5846 50.60999 31.00663 847.0164 50.60999 30.33486 847.5147 50.60999 29.54738 847.7964 50.60999 28.71203 847.8374 50.60999 27.90073 847.6343 50.60999 27.18335 847.2042 50.60999 26.62169 846.5846 50.60999 26.2641 845.8285 50.60999 26.14137 845.0012 50.60999 26.4076 845.0012 51.24947 26.81503 845.0012 51.80968 27.34137 845.0012 52.25999 27.37308 845.323 52.25999 27.46697 845.6326 52.25999 27.61945 845.918 52.25999 27.82465 846.168 52.25999 28.07468 846.3732 52.25999 28.35995 846.5256 52.25999 28.66947 846.6195 52.25999 28.99138 846.6511 52.25999 29.31327 846.6195 52.25999 29.6228 846.5256 52.25999 29.90807 846.3732 52.25999 30.1581 846.168 52.25999 30.3633 845.918 52.25999 30.51578 845.6326 52.25999 30.60967 845.323 52.25999 30.64137 845.0012 52.25999 31.16772 845.0012 51.80968 31.57514 845.0012 51.24947 31.67165 845.8721 50.71432 31.27136 845.742 51.54038 30.64788 845.5394 52.19594 31.27136 846.6577 50.71432 30.93084 846.4104 51.54038 30.40048 846.025 52.19594 30.64788 847.2811 50.71432 30.40048 846.9406 51.54038 30.01515 846.4104 52.19594 29.86225 847.6814 50.71432 29.73219 847.2811 51.54038 29.52961 846.6577 52.19594 28.99138 847.8193 50.71432 28.99138 847.3986 51.54038 28.99138 846.7429 52.19594 28.1205 847.6814 50.71432 28.25056 847.2811 51.54038 28.45315 846.6577 52.19594 27.33487 847.2811 50.71432 27.58227 846.9406 51.54038 27.9676 846.4104 52.19594 26.71139 846.6577 50.71432 27.05191 846.4104 51.54038 27.58227 846.025 52.19594 26.31109 845.8721 50.71432 26.71139 845.742 51.54038 27.33487 845.5394 52.19594 -26.14137 787.0184 50.60999 -26.19614 787.5746 50.60999 -26.35832 788.1091 50.60999 -26.62169 788.6019 50.60999 -26.97612 789.0337 50.60999 -27.64789 789.532 50.60999 -28.43536 789.8136 50.60999 -29.27072 789.8547 50.60999 -30.08202 789.6515 50.60999 -30.7994 789.2216 50.60999 -31.36106 788.6019 50.60999 -31.71865 787.8458 50.60999 -31.84137 787.0184 50.60999 -31.57514 787.0184 51.24947 -31.16772 787.0184 51.80968 -30.64137 787.0184 52.25999 -30.60967 787.3403 52.25999 -30.51577 787.6498 52.25999 -30.3633 787.9352 52.25999 -30.1581 788.1852 52.25999 -29.90806 788.3903 52.25999 -29.6228 788.5429 52.25999 -29.31327 788.6367 52.25999 -28.99137 788.6685 52.25999 -28.66947 788.6367 52.25999 -28.35995 788.5429 52.25999 -28.07468 788.3903 52.25999 -27.82465 788.1852 52.25999 -27.61945 787.9352 52.25999 -27.46697 787.6498 52.25999 -27.37308 787.3403 52.25999 -27.34137 787.0184 52.25999 -26.81503 787.0184 51.80968 -26.4076 787.0184 51.24947 -26.3111 787.8893 50.71432 -26.71139 787.7593 51.54038 -27.33487 787.5567 52.19594 -26.71139 788.6749 50.71432 -27.0519 788.4275 51.54038 -27.58227 788.0421 52.19594 -27.33487 789.2985 50.71432 -27.58227 788.958 51.54038 -27.9676 788.4275 52.19594 -28.1205 789.6987 50.71432 -28.25056 789.2985 51.54038 -28.45314 788.6749 52.19594 -28.99137 789.8367 50.71432 -28.99137 789.4157 51.54038 -28.99137 788.7603 52.19594 -29.86225 789.6987 50.71432 -29.73218 789.2985 51.54038 -29.5296 788.6749 52.19594 -30.64788 789.2985 50.71432 -30.40048 788.958 51.54038 -30.01515 788.4275 52.19594 -31.27135 788.6749 50.71432 -30.93084 788.4275 51.54038 -30.40048 788.0421 52.19594 -31.67165 787.8893 50.71432 -31.27135 787.7593 51.54038 -30.64788 787.5567 52.19594 -28.99137 787.0184 50.64264 -29.99138 787.5958 51.21999 -29.99138 786.4412 51.21999 -28.99137 785.8637 51.21999 -27.99137 786.4412 51.21999 -27.99137 787.5958 51.21999 -28.99137 788.1731 51.21999 28.99138 845.0012 50.64264 27.99138 845.5785 51.21999 27.99138 844.4238 51.21999 28.99138 843.8464 51.21999 29.99137 844.4238 51.21999 29.99137 845.5785 51.21999 28.99138 846.1559 51.21999 28.99138 787.0184 50.64264 27.99138 787.5958 51.21999 27.99138 786.4412 51.21999 28.99138 785.8637 51.21999 29.99137 786.4412 51.21999 29.99137 787.5958 51.21999 28.99138 788.1731 51.21999 -29.99138 787.5958 52.25999 -29.99138 786.4412 52.25999 -28.99137 785.8637 52.25999 -27.99137 786.4412 52.25999 -27.99137 787.5958 52.25999 -28.99137 788.1731 52.25999 27.99138 845.5785 52.25999 27.99138 844.4238 52.25999 28.99138 843.8464 52.25999 29.99137 844.4238 52.25999 29.99137 845.5785 52.25999 28.99138 846.1559 52.25999 27.99138 787.5958 52.25999 27.99138 786.4412 52.25999 28.99138 785.8637 52.25999 29.99137 786.4412 52.25999 29.99137 787.5958 52.25999 28.99138 788.1731 52.25999 -30.60967 786.6967 52.25999 -30.51577 786.387 52.25999 -30.3633 786.1017 52.25999 -30.1581 785.8517 52.25999 -29.90806 785.6465 52.25999 -29.6228 785.494 52.25999 -29.31327 785.4002 52.25999 -28.99137 785.3685 52.25999 -28.66947 785.4002 52.25999 -28.35995 785.494 52.25999 -28.07468 785.6465 52.25999 -27.82465 785.8517 52.25999 -27.61945 786.1017 52.25999 -27.46697 786.387 52.25999 -27.37308 786.6967 52.25999 27.37308 844.6793 52.25999 27.46697 844.3699 52.25999 27.61945 844.0845 52.25999 27.82465 843.8344 52.25999 28.07468 843.6294 52.25999 28.35995 843.4768 52.25999 28.66947 843.3829 52.25999 28.99138 843.3512 52.25999 29.31327 843.3829 52.25999 29.6228 843.4768 52.25999 29.90807 843.6294 52.25999 30.1581 843.8344 52.25999 30.3633 844.0845 52.25999 30.51578 844.3699 52.25999 30.60967 844.6793 52.25999 27.37308 786.6967 52.25999 27.46697 786.387 52.25999 27.61945 786.1017 52.25999 27.82465 785.8517 52.25999 28.07468 785.6465 52.25999 28.35995 785.494 52.25999 28.66947 785.4002 52.25999 28.99138 785.3685 52.25999 29.31327 785.4002 52.25999 29.6228 785.494 52.25999 29.90807 785.6465 52.25999 30.1581 785.8517 52.25999 30.3633 786.1017 52.25999 30.51578 786.387 52.25999 30.60967 786.6967 52.25999 -31.78661 786.4625 50.60999 -31.62443 785.9279 50.60999 -31.36106 785.4351 50.60999 -31.00663 785.0032 50.60999 -30.33485 784.505 50.60999 -29.54738 784.2233 50.60999 -28.71203 784.1821 50.60999 -27.90073 784.3853 50.60999 -27.18335 784.8154 50.60999 -26.62169 785.4351 50.60999 -26.2641 786.1912 50.60999 -31.67165 786.1476 50.71432 -31.27135 786.2777 51.54038 -30.64788 786.4801 52.19594 -31.27135 785.3619 50.71432 -30.93084 785.6093 51.54038 -30.40048 785.9946 52.19594 -30.64788 784.7384 50.71432 -30.40048 785.0791 51.54038 -30.01515 785.6093 52.19594 -29.86225 784.3383 50.71432 -29.73218 784.7384 51.54038 -29.5296 785.3619 52.19594 -28.99137 784.2002 50.71432 -28.99137 784.6211 51.54038 -28.99137 785.2767 52.19594 -28.1205 784.3383 50.71432 -28.25056 784.7384 51.54038 -28.45314 785.3619 52.19594 -27.33487 784.7384 50.71432 -27.58227 785.0791 51.54038 -27.9676 785.6093 52.19594 -26.71139 785.3619 50.71432 -27.0519 785.6093 51.54038 -27.58227 785.9946 52.19594 -26.3111 786.1476 50.71432 -26.71139 786.2777 51.54038 -27.33487 786.4801 52.19594 26.19614 844.4451 50.60999 26.35832 843.9105 50.60999 26.62169 843.4177 50.60999 26.97612 842.9859 50.60999 27.6479 842.4877 50.60999 28.43537 842.2059 50.60999 29.27073 842.1649 50.60999 30.08202 842.3682 50.60999 30.7994 842.7981 50.60999 31.36106 843.4177 50.60999 31.71866 844.1738 50.60999 26.31109 844.1304 50.71432 26.71139 844.2604 51.54038 27.33487 844.463 52.19594 26.71139 843.3446 50.71432 27.05191 843.5921 51.54038 27.58227 843.9776 52.19594 27.33487 842.7212 50.71432 27.58227 843.0617 51.54038 27.9676 843.5921 52.19594 28.1205 842.3209 50.71432 28.25056 842.7212 51.54038 28.45315 843.3446 52.19594 28.99138 842.183 50.71432 28.99138 842.6039 51.54038 28.99138 843.2594 52.19594 29.86225 842.3209 50.71432 29.73219 842.7212 51.54038 29.52961 843.3446 52.19594 30.64788 842.7212 50.71432 30.40048 843.0617 51.54038 30.01515 843.5921 52.19594 31.27136 843.3446 50.71432 30.93084 843.5921 51.54038 30.40048 843.9776 52.19594 31.67165 844.1304 50.71432 31.27136 844.2604 51.54038 30.64788 844.463 52.19594 26.19614 786.4625 50.60999 26.35832 785.9279 50.60999 26.62169 785.4351 50.60999 26.97612 785.0032 50.60999 27.6479 784.505 50.60999 28.43537 784.2233 50.60999 29.27073 784.1821 50.60999 30.08202 784.3853 50.60999 30.7994 784.8154 50.60999 31.36106 785.4351 50.60999 31.71866 786.1912 50.60999 26.31109 786.1476 50.71432 26.71139 786.2777 51.54038 27.33487 786.4801 52.19594 26.71139 785.3619 50.71432 27.05191 785.6093 51.54038 27.58227 785.9946 52.19594 27.33487 784.7384 50.71432 27.58227 785.0791 51.54038 27.9676 785.6093 52.19594 28.1205 784.3383 50.71432 28.25056 784.7384 51.54038 28.45315 785.3619 52.19594 28.99138 784.2002 50.71432 28.99138 784.6211 51.54038 28.99138 785.2767 52.19594 29.86225 784.3383 50.71432 29.73219 784.7384 51.54038 29.52961 785.3619 52.19594 30.64788 784.7384 50.71432 30.40048 785.0791 51.54038 30.01515 785.6093 52.19594 31.27136 785.3619 50.71432 30.93084 785.6093 51.54038 30.40048 785.9946 52.19594 31.67165 786.1476 50.71432 31.27136 786.2777 51.54038 30.64788 786.4801 52.19594 -31.11269 784.8972 50.60999 -30.40556 784.3727 50.60999 -29.57664 784.0761 50.60999 -28.69732 784.0328 50.60999 -27.84332 784.2468 50.60999 -27.08819 784.6995 50.60999 -26.49697 785.3517 50.60999 -26.12055 786.1476 50.60999 -25.99137 787.0184 50.60999 -26.04902 787.6038 50.60999 -26.21973 788.1665 50.60999 -26.49697 788.6852 50.60999 -26.87005 789.1399 50.60999 -27.57718 789.6642 50.60999 -28.4061 789.9607 50.60999 -29.28542 790.004 50.60999 -30.13942 789.7902 50.60999 -30.89455 789.3375 50.60999 -31.48578 788.6852 50.60999 -31.86219 787.8893 50.60999 -31.99137 787.0184 50.60999 -31.93373 786.4332 50.60999 -31.76301 785.8705 50.60999 -31.48578 785.3517 50.60999 26.87005 842.8798 50.60999 27.57719 842.3555 50.60999 28.4061 842.059 50.60999 29.28543 842.0156 50.60999 30.13943 842.2295 50.60999 30.89455 842.6821 50.60999 31.48579 843.3345 50.60999 31.8622 844.1304 50.60999 31.99137 845.0012 50.60999 31.93373 845.5864 50.60999 31.76301 846.1492 50.60999 31.48579 846.668 50.60999 31.11269 847.1224 50.60999 30.40556 847.647 50.60999 29.57665 847.9436 50.60999 28.69732 847.9868 50.60999 27.84332 847.7728 50.60999 27.08819 847.3202 50.60999 26.49697 846.668 50.60999 26.12055 845.8721 50.60999 25.99137 845.0012 50.60999 26.04902 844.4159 50.60999 26.21974 843.853 50.60999 26.49697 843.3345 50.60999 27.57719 784.3727 50.60999 28.4061 784.0761 50.60999 29.28543 784.0328 50.60999 30.13943 784.2468 50.60999 30.89455 784.6995 50.60999 31.48579 785.3517 50.60999 31.8622 786.1476 50.60999 31.99137 787.0184 50.60999 31.93373 787.6038 50.60999 31.76301 788.1665 50.60999 31.48579 788.6852 50.60999 16.72521 848.8348 53.99446 5.763114 852.3967 53.99446 -5.763114 852.3967 53.99446 -16.72521 848.8348 53.99446 -26.05012 842.0599 53.99446 -32.82507 832.735 53.99446 -36.38687 821.7728 53.99446 -36.38687 810.2467 53.99446 -32.82507 799.2847 53.99446 -31.11269 784.8972 52.43499 -30.66015 784.5265 52.44713 -30.13115 784.2434 52.48371 -29.55641 784.073 52.54414 -28.97484 784.0186 52.62348 -28.40382 784.0774 52.71914 -27.83937 784.2487 52.83209 -27.31842 784.5291 52.95669 -26.86997 784.8976 53.08543 -26.50918 785.3346 53.2129 -26.22795 785.8513 53.34219 -26.05224 786.4203 53.46456 -25.99157 787.002 53.57149 -26.0443 787.5757 53.6592 -26.2136 788.1515 53.72821 -26.49771 788.6849 53.77083 -26.87005 789.1399 53.78499 26.87005 842.8798 53.78499 27.32489 842.5076 53.77083 27.85835 842.2234 53.72821 28.43401 842.0542 53.6592 29.00778 842.0015 53.57149 29.58956 842.0621 53.46456 30.1585 842.2377 53.34219 30.67523 842.5189 53.2129 31.11218 842.8798 53.08543 31.48077 843.3283 52.95669 31.76118 843.8491 52.83209 31.93247 844.4136 52.71914 31.99125 844.9846 52.62348 31.93681 845.5663 52.54414 31.76641 846.141 52.48371 31.48333 846.6699 52.44713 31.11269 847.1224 52.43499 27.31874 784.5288 52.95661 27.83968 784.2484 52.83202 28.40409 784.0774 52.71909 28.97506 784.0186 52.62344 29.55658 784.0731 52.54412 30.13125 784.2435 52.4837 30.6602 784.5265 52.44713 31.11269 784.8972 52.43499 31.4833 785.3496 52.44713 31.76636 785.8786 52.4837 31.93677 786.4533 52.54412 31.99125 787.0348 52.62344 31.93252 787.6057 52.71909 31.76131 788.1702 52.83202 31.48099 788.6911 52.95661 16.86875 849.1166 53.97475 5.812572 852.709 53.97475 -5.812573 852.709 53.97475 -16.86874 849.1166 53.97475 -26.27368 842.2835 53.97475 -33.10677 832.8787 53.97475 -36.69914 821.8224 53.97475 -36.69914 810.1973 53.97475 -33.10677 799.141 53.97475 -29.88273 794.2987 53.99914 11.41419 851.139 53.99914 21.71108 845.8925 53.99914 3.20519e-7 852.947 53.99914 -11.41419 851.139 53.99914 -21.71108 845.8925 53.99914 -29.88273 837.7208 53.99914 -35.12926 827.4241 53.99914 -36.93709 816.0098 53.99914 -35.12926 804.5956 53.99914 -31.26791 784.742 52.3856 -20.07524 776.61 52.3856 -6.917454 772.3347 52.3856 6.917455 772.3347 52.3856 20.07524 776.61 52.3856 31.26791 784.742 52.3856 39.39987 795.9345 52.3856 43.67509 809.0924 52.3856 43.67509 822.9273 52.3856 39.39987 836.0851 52.3856 31.26791 847.2777 52.3856 30.66015 847.4932 52.44713 30.13115 847.7763 52.48371 29.55642 847.9465 52.54414 28.97485 848.0011 52.62348 28.40382 847.9423 52.71914 27.83937 847.771 52.83209 27.31842 847.4906 52.95669 26.86998 847.1221 53.08543 26.50918 846.6851 53.2129 26.22795 846.1683 53.34219 26.05225 845.5994 53.46456 25.99157 845.0176 53.57149 26.0443 844.4439 53.6592 26.21361 843.8682 53.72821 26.49771 843.3347 53.77083 -31.11269 842.8798 53.08533 -31.11269 842.8798 50.60999 -31.48578 843.3345 50.60999 -31.76301 843.853 50.60999 -31.93373 844.4159 50.60999 -31.99137 845.0012 50.60999 -31.86219 845.8721 50.60999 -31.48578 846.668 50.60999 -30.89455 847.3202 50.60999 -30.13942 847.7728 50.60999 -29.28542 847.9868 50.60999 -28.4061 847.9436 50.60999 -27.57718 847.647 50.60999 -26.87005 847.1224 50.60999 -26.87005 847.1224 53.08533 -27.31874 847.4909 52.95661 -27.83968 847.7711 52.83202 -28.40409 847.9423 52.71909 -28.97506 848.0011 52.62344 -29.55658 847.9465 52.54412 -30.13125 847.7761 52.4837 -30.66019 847.4932 52.44713 -31.11269 847.1224 52.43499 -31.4833 846.6699 52.44713 -31.76636 846.1411 52.4837 -31.93677 845.5664 52.54412 -31.99125 844.9849 52.62344 -31.93252 844.414 52.71909 -31.76131 843.8495 52.83202 -31.48098 843.3285 52.95661 -27.32489 789.5121 53.77083 -27.85835 789.7962 53.72821 -28.43402 789.9656 53.6592 -29.00778 790.0182 53.57149 -29.58956 789.9575 53.46456 -30.1585 789.7817 53.34219 -30.67523 789.5007 53.2129 -31.11217 789.1399 53.08543 -31.48077 788.6914 52.95669 -31.76118 788.1705 52.83209 -31.93246 787.6061 52.71914 -31.99125 787.035 52.62348 -31.9368 786.4534 52.54414 -31.7664 785.8787 52.48371 -31.48333 785.3496 52.44713 -26.14137 845.0012 50.60999 -26.19614 845.5571 50.60999 -26.35832 846.0918 50.60999 -26.62169 846.5846 50.60999 -26.97612 847.0164 50.60999 -27.64789 847.5147 50.60999 -28.43536 847.7964 50.60999 -29.27072 847.8374 50.60999 -30.08202 847.6343 50.60999 -30.7994 847.2042 50.60999 -31.36106 846.5846 50.60999 -31.71865 845.8285 50.60999 -31.84137 845.0012 50.60999 -31.57514 845.0012 51.24947 -31.16772 845.0012 51.80968 -30.64137 845.0012 52.25999 -30.60967 845.323 52.25999 -30.51577 845.6326 52.25999 -30.3633 845.918 52.25999 -30.1581 846.168 52.25999 -29.90806 846.3732 52.25999 -29.6228 846.5256 52.25999 -29.31327 846.6195 52.25999 -28.99137 846.6511 52.25999 -28.66947 846.6195 52.25999 -28.35995 846.5256 52.25999 -28.07468 846.3732 52.25999 -27.82465 846.168 52.25999 -27.61945 845.918 52.25999 -27.46697 845.6326 52.25999 -27.37308 845.323 52.25999 -27.34137 845.0012 52.25999 -26.81503 845.0012 51.80968 -26.4076 845.0012 51.24947 -26.3111 845.8721 50.71432 -26.71139 845.742 51.54038 -27.33487 845.5394 52.19594 -26.71139 846.6577 50.71432 -27.0519 846.4104 51.54038 -27.58227 846.025 52.19594 -27.33487 847.2811 50.71432 -27.58227 846.9406 51.54038 -27.9676 846.4104 52.19594 -28.1205 847.6814 50.71432 -28.25056 847.2811 51.54038 -28.45314 846.6577 52.19594 -28.99137 847.8193 50.71432 -28.99137 847.3986 51.54038 -28.99137 846.7429 52.19594 -29.86225 847.6814 50.71432 -29.73218 847.2811 51.54038 -29.5296 846.6577 52.19594 -30.64788 847.2811 50.71432 -30.40048 846.9406 51.54038 -30.01515 846.4104 52.19594 -31.27135 846.6577 50.71432 -30.93084 846.4104 51.54038 -30.40048 846.025 52.19594 -31.67165 845.8721 50.71432 -31.27135 845.742 51.54038 -30.64788 845.5394 52.19594 -28.99137 845.0012 50.64264 -29.99138 845.5785 51.21999 -29.99138 844.4238 51.21999 -28.99137 843.8464 51.21999 -27.99137 844.4238 51.21999 -27.99137 845.5785 51.21999 -28.99137 846.1559 51.21999 -29.99138 845.5785 52.25999 -29.99138 844.4238 52.25999 -28.99137 843.8464 52.25999 -27.99137 844.4238 52.25999 -27.99137 845.5785 52.25999 -28.99137 846.1559 52.25999 -30.60967 844.6793 52.25999 -30.51577 844.3699 52.25999 -30.3633 844.0845 52.25999 -30.1581 843.8344 52.25999 -29.90806 843.6294 52.25999 -29.6228 843.4768 52.25999 -29.31327 843.3829 52.25999 -28.99137 843.3512 52.25999 -28.66947 843.3829 52.25999 -28.35995 843.4768 52.25999 -28.07468 843.6294 52.25999 -27.82465 843.8344 52.25999 -27.61945 844.0845 52.25999 -27.46697 844.3699 52.25999 -27.37308 844.6793 52.25999 -31.78661 844.4451 50.60999 -31.62443 843.9105 50.60999 -31.36106 843.4177 50.60999 -31.00663 842.9859 50.60999 -30.33485 842.4877 50.60999 -29.54738 842.2059 50.60999 -28.71203 842.1649 50.60999 -27.90073 842.3682 50.60999 -27.18335 842.7981 50.60999 -26.62169 843.4177 50.60999 -26.2641 844.1738 50.60999 -31.67165 844.1304 50.71432 -31.27135 844.2604 51.54038 -30.64788 844.463 52.19594 -31.27135 843.3446 50.71432 -30.93084 843.5921 51.54038 -30.40048 843.9776 52.19594 -30.64788 842.7212 50.71432 -30.40048 843.0617 51.54038 -30.01515 843.5921 52.19594 -29.86225 842.3209 50.71432 -29.73218 842.7212 51.54038 -29.5296 843.3446 52.19594 -28.99137 842.183 50.71432 -28.99137 842.6039 51.54038 -28.99137 843.2594 52.19594 -28.1205 842.3209 50.71432 -28.25056 842.7212 51.54038 -28.45314 843.3446 52.19594 -27.33487 842.7212 50.71432 -27.58227 843.0617 51.54038 -27.9676 843.5921 52.19594 -26.71139 843.3446 50.71432 -27.0519 843.5921 51.54038 -27.58227 843.9776 52.19594 -26.3111 844.1304 50.71432 -26.71139 844.2604 51.54038 -27.33487 844.463 52.19594 -30.40556 842.3555 50.60999 -29.57664 842.059 50.60999 -28.69732 842.0156 50.60999 -27.84332 842.2295 50.60999 -27.08819 842.6821 50.60999 -26.49697 843.3345 50.60999 -26.12055 844.1304 50.60999 -25.99137 845.0012 50.60999 -26.04902 845.5864 50.60999 -26.21973 846.1492 50.60999 -26.49697 846.668 50.60999 -30.67554 842.5192 53.21281 -30.1588 842.2378 53.34212 -29.58983 842.0621 53.4645 -29.00799 842.0015 53.57146 -28.43418 842.0542 53.65918 -27.85846 842.2234 53.7282 -27.32493 842.5075 53.77083 -26.87005 842.8798 53.78499 -26.49768 843.3347 53.77083 -26.21356 843.8682 53.7282 -26.04427 844.444 53.65918 -25.99157 845.0177 53.57146 -26.0523 845.5996 53.4645 -26.22808 846.1686 53.34212 -26.50939 846.6853 53.21281 -0.8611377 860.3015 -59.88999 -0.9667057 860.5547 -59.63468 -0.9999997 860.8099 -59.37884 -0.9999997 860.8099 -56.78999 -0.9510567 860.5007 -56.78999 -0.8090167 860.2219 -56.78999 -0.5877847 860.0007 -56.78999 -0.3090167 859.8588 -56.78999 3.20519e-7 859.8098 -56.78999 0.3090173 859.8588 -56.78999 0.5877853 860.0007 -56.78999 0.8090173 860.2219 -56.78999 0.9510563 860.5007 -56.78999 1 860.8099 -56.78999 1 860.8099 -59.37884 0.9667063 860.5547 -59.63468 0.8611384 860.3015 -59.88999 0.6750813 860.0722 -59.88999 0.4301373 859.9071 -59.88999 0.1476733 859.8207 -59.88999 -0.1476727 859.8207 -59.88999 -0.4301367 859.9071 -59.88999 -0.6750807 860.0722 -59.88999 20.07524 855.4097 52.3856 6.917455 859.6849 52.3856 -6.917454 859.6849 52.3856 -20.07524 855.4097 52.3856 -31.26791 847.2777 52.3856 -39.39987 836.0851 52.3856 -43.67509 822.9273 52.3856 -43.67509 809.0924 52.3856 -39.39987 795.9345 52.3856 -0.9999997 860.9987 -59.18999 -0.9999997 860.9987 -56.78999 -0.3333576 861.0086 -56.78999 0.3333573 861.0086 -56.78999 1 860.9987 -56.78999 1 860.9987 -59.18999 -31.8198 784.19 51.40999 -20.42957 775.9146 51.40999 -7.03955 771.5639 51.40999 7.039549 771.5639 51.40999 20.42957 775.9146 51.40999 31.8198 784.19 51.40999 40.09529 795.5802 51.40999 44.44597 808.9702 51.40999 44.44597 823.0493 51.40999 40.09529 836.4395 51.40999 31.8198 847.8297 51.40999 31.7942 847.8041 51.67662 31.71926 847.729 51.92395 31.6004 847.6102 52.13406 31.44623 847.4561 52.29175 -31.44623 784.5635 52.29175 -31.6004 784.4094 52.13406 -31.71926 784.2905 51.92395 -31.7942 784.2156 51.67662 36.36616 842.4314 51.71901 -26.42156 779.6437 51.71901 -26.33808 779.7587 51.99777 -26.20804 779.9375 52.21901 -26.04418 780.163 52.36104 -13.89064 773.2588 51.71901 -13.84675 773.3938 51.99777 -13.77838 773.6044 52.21901 -13.69224 773.8695 52.36104 3.20519e-7 771.0587 51.71901 3.20519e-7 771.2008 51.99777 3.20519e-7 771.422 52.21901 3.20519e-7 771.7008 52.36104 13.89064 773.2588 51.71901 13.84675 773.3938 51.99777 13.77838 773.6044 52.21901 13.69224 773.8695 52.36104 26.42157 779.6437 51.71901 26.33808 779.7587 51.99777 26.20804 779.9375 52.21901 26.04419 780.163 52.36104 36.36616 789.5883 51.71901 36.25125 789.6718 51.99777 36.07226 789.8018 52.21901 35.84674 789.9656 52.36104 42.75099 802.1192 51.71901 42.6159 802.1631 51.99777 42.40549 802.2315 52.21901 42.14037 802.3176 52.36104 44.95104 816.0098 51.71901 44.809 816.0098 51.99777 44.58778 816.0098 52.21901 44.30901 816.0098 52.36104 42.75099 829.9004 51.71901 42.6159 829.8566 51.99777 42.40549 829.7882 52.21901 42.14037 829.702 52.36104 36.25125 842.3479 51.99777 36.07226 842.2179 52.21901 35.84674 842.0541 52.36104 1 771.2097 -59.37884 1 771.2097 -56.78999 0.9510563 771.5188 -56.78999 0.8090173 771.7976 -56.78999 0.5877853 772.0188 -56.78999 0.3090173 772.1609 -56.78999 3.20519e-7 772.2098 -56.78999 3.20519e-7 772.2098 -59.88999 0.2564773 772.1764 -59.88999 0.4957973 772.0783 -59.88999 0.7019484 771.9221 -59.88999 0.8611384 771.7182 -59.88999 0.9667063 771.465 -59.63468 -0.8611377 771.7182 -59.88999 -14.343 774.096 -59.88999 -26.45513 780.4765 -59.88999 -36.04084 790.2504 -59.88999 -42.1847 802.4843 -59.88999 -44.29999 816.0098 -59.88999 -42.1847 829.5354 -59.88999 -36.04084 841.7693 -59.88999 -26.45513 851.5432 -59.88999 -14.343 857.9236 -59.88999 14.343 857.9236 -59.88999 26.45514 851.5432 -59.88999 36.04084 841.7693 -59.88999 42.1847 829.5354 -59.88999 44.29999 816.0098 -59.88999 42.1847 802.4843 -59.88999 36.04084 790.2504 -59.88999 26.45514 780.4765 -59.88999 14.343 774.096 -59.88999 -0.2564777 772.1764 -59.88999 -0.4957967 772.0783 -59.88999 -0.7019477 771.9221 -59.88999 -0.3090167 772.1609 -56.78999 -0.5877847 772.0188 -56.78999 -0.8090167 771.7976 -56.78999 -0.9510567 771.5188 -56.78999 -0.9999997 771.2097 -56.78999 -0.9999997 771.2097 -59.37884 -0.9667057 771.465 -59.63468 -0.9999997 771.021 -59.18999 -12.28956 772.7205 -59.18999 -22.78808 777.2064 -59.18999 -31.8198 784.19 -59.18999 -39.62737 794.6868 -59.18999 -44.08587 806.9857 -59.18999 -44.81851 820.0473 -59.18999 -41.76336 832.7675 -59.18999 -35.17862 844.0715 -59.18999 -25.62081 853.004 -59.18999 -13.89768 858.8101 -59.18999 12.28956 859.2992 -59.18999 22.78808 854.8132 -59.18999 31.8198 847.8297 -59.18999 39.62737 837.3328 -59.18999 44.08587 825.0339 -59.18999 44.81851 811.9724 -59.18999 41.76335 799.2521 -59.18999 35.17862 787.948 -59.18999 25.62081 779.0156 -59.18999 13.89768 773.2096 -59.18999 1 771.021 -59.18999 1 771.021 -56.78999 0.3333573 771.0111 -56.78999 -0.3333576 771.0111 -56.78999 -0.9999997 771.021 -56.78999 20.42957 856.1051 51.40999 7.039549 860.4558 51.40999 -7.03955 860.4558 51.40999 -20.42957 856.1051 51.40999 -31.8198 847.8297 51.40999 -40.09529 836.4395 51.40999 -44.44597 823.0493 51.40999 -44.44597 808.9702 51.40999 -40.09529 795.5802 51.40999 -44.95105 816.0098 51.71901 -44.80901 816.0098 51.99777 -44.58777 816.0098 52.21901 -44.30901 816.0098 52.36104 -36.36616 789.5883 51.71901 26.42157 852.376 51.71901 26.33808 852.261 51.99777 26.20804 852.082 52.21901 26.04419 851.8566 52.36104 13.89064 858.7609 51.71901 13.84675 858.6257 51.99777 13.77838 858.4153 52.21901 13.69224 858.1502 52.36104 3.20519e-7 860.9609 51.71901 3.20519e-7 860.8189 51.99777 3.20519e-7 860.5975 52.21901 3.20519e-7 860.3187 52.36104 -13.89064 858.7609 51.71901 -13.84675 858.6257 51.99777 -13.77838 858.4153 52.21901 -13.69224 858.1502 52.36104 -26.42156 852.376 51.71901 -26.33808 852.261 51.99777 -26.20804 852.082 52.21901 -26.04418 851.8566 52.36104 -36.36616 842.4314 51.71901 -36.25125 842.3479 51.99777 -36.07227 842.2179 52.21901 -35.84674 842.0541 52.36104 -42.75099 829.9004 51.71901 -42.6159 829.8566 51.99777 -42.4055 829.7882 52.21901 -42.14038 829.702 52.36104 -42.75099 802.1192 51.71901 -42.6159 802.1631 51.99777 -42.4055 802.2315 52.21901 -42.14038 802.3176 52.36104 -36.25125 789.6718 51.99777 -36.07227 789.8018 52.21901 -35.84674 789.9656 52.36104 -31.8198 784.19 35.36649 -31.8198 784.19 -35.34897 -37.67623 791.403 -30.04416 -42.17376 800.3135 -23.98129 -44.69327 810.7647 -17.34536 -44.89232 812.8987 -15.76649 -44.94965 813.8856 -14.78714 -44.9786 814.6224 -13.69681 -44.99021 815.062 -12.46981 -44.99312 815.2233 -11.1516 -44.98817 814.971 -8.048485 -44.98824 814.9816 -1.018253 -44.99477 815.3242 -0.6755028 -44.99869 815.6671 -0.3327446 -44.99999 816.0098 0.009998321 -44.99869 815.6671 0.3527489 -44.99477 815.3242 0.6955032 -44.98824 814.9816 1.038254 -44.98824 814.9816 8.07314 -44.99314 815.2246 11.00641 -44.99014 815.059 12.47399 -44.97849 814.6189 13.72264 -44.94948 813.882 14.81286 -44.89203 812.8945 15.78893 -44.69759 810.8016 17.33982 -42.19874 800.3809 23.95818 -37.72136 791.4722 30.01501 -24.93849 778.5523 39.80628 17.11328 774.3908 43.30913 19.92743 775.6626 42.2138 19.95262 775.6751 42.2032 30.89298 783.2893 36.06232 39.06639 793.6755 28.46937 44.18599 807.4893 19.45596 44.93397 813.5731 15.15293 44.97782 814.5975 13.76587 44.9873 814.9397 12.94299 44.99151 815.1361 12.08808 44.98824 814.9816 8.07314 44.98824 814.9816 1.038254 44.99477 815.3242 0.6955032 44.99869 815.6671 0.3527489 44.99999 816.0098 0.009998321 44.99869 815.6671 -0.3327446 44.99477 815.3242 -0.6755028 44.98824 814.9816 -1.018253 44.98824 814.9816 -8.053139 44.99337 815.2177 -10.37512 44.99072 815.0964 -12.29766 44.98509 814.8501 -13.18676 44.97236 814.4332 -14.03754 44.91615 813.2642 -15.43835 43.97545 806.4622 -20.07494 38.43334 792.603 -29.19785 29.20061 781.7705 -37.2217 23.41529 777.5908 -40.58873 17.11324 774.391 -43.28905 8.827249 771.884 -45.5515 3.20519e-7 771.0098 -46.41432 -8.822992 771.8832 -45.55231 -17.11326 774.391 -43.28903 -24.96876 778.5724 -39.77077 44.98801 814.9476 8.06268 44.98801 814.9518 8.068718 44.98801 814.9533 8.070492 44.988 814.9564 8.073464 44.988 814.9581 8.074383 44.988 814.9596 8.074929 19.68803 775.5276 42.13153 21.85705 776.6575 41.18197 23.95309 777.8986 40.16056 27.87956 780.6732 37.94036 31.42471 783.7892 35.53586 33.04963 785.46 34.27913 34.57818 787.2034 32.9904 38.15058 792.1389 29.45944 39.66669 794.7562 27.65256 41.60411 798.8583 24.90924 43.11306 803.1143 22.16403 43.70682 805.2985 20.79565 44.19127 807.5164 19.42297 44.56132 809.7416 18.02489 44.81456 811.9286 16.54286 44.89725 812.9705 15.71473 44.95095 813.9094 14.77308 44.97941 814.6488 13.65685 44.9864 814.9032 13.03775 44.99033 815.0769 12.38387 44.99302 815.2162 11.04919 44.99223 815.1703 9.701798 -44.988 814.9596 8.074929 -44.988 814.9581 8.074383 -44.988 814.9564 8.073464 -44.988 814.9533 8.070492 -44.988 814.9518 8.068711 -44.98801 814.9476 8.062695 -19.96186 775.662 42.01743 -24.19659 778.0527 40.03491 -26.19187 779.4031 38.94679 -28.08038 780.8328 37.81505 -34.64598 787.285 32.93059 -37.37147 790.9368 30.30552 -38.59117 792.8594 28.95824 -39.70298 794.8241 27.60625 -41.61197 798.8773 24.89671 -43.10646 803.0923 22.17799 -43.69791 805.2622 20.81822 -44.18247 807.4706 19.45128 -44.55438 809.6923 18.05646 -44.80958 811.8743 16.58276 -44.8934 812.9142 15.76356 -44.92466 813.4069 15.31219 -44.94903 813.8687 14.82091 -44.97864 814.6237 13.70743 -44.99012 815.0668 12.43265 -44.99301 815.2153 11.0824 -44.99227 815.1725 9.727749 44.99298 815.2083 -11.02899 44.98632 814.8987 -13.01617 44.97933 814.6449 -13.63486 44.95083 813.9061 -14.75022 44.81429 811.9251 -16.51783 44.19021 807.5092 -19.39088 39.65734 794.7272 -27.58217 31.40119 783.7345 -35.41086 23.92249 777.8316 -39.99702 17.03702 774.2894 -42.96044 7.684453 771.6371 -45.50243 -6.67948e-6 771.001 -46.28467 -7.974699 771.6869 -45.44808 -17.03704 774.2894 -42.96045 -24.1661 777.9861 -39.87241 -31.76367 784.0917 -35.14238 -37.35777 790.8993 -30.21869 -41.60639 798.8567 -24.84145 -44.55381 809.6871 -18.02828 -44.8093 811.8706 -16.55767 -44.92451 813.4037 -15.28881 -44.94891 813.8654 -14.798 -44.97855 814.6196 -13.6854 -44.99006 815.0615 -12.41148 -44.99297 815.2074 -11.06217 44.99223 815.171 -9.681756 44.99302 815.2166 -11.02921 44.99034 815.0772 -12.36393 44.9864 814.9035 -13.01782 44.97942 814.6492 -13.63695 44.95096 813.9097 -14.75322 44.89726 812.9707 -15.69492 44.81457 811.9288 -16.52311 44.56135 809.7417 -18.00529 44.19132 807.5166 -19.40357 43.70692 805.299 -20.77647 43.11322 803.1149 -22.14513 41.60443 798.8591 -24.89096 39.66722 794.7576 -27.63502 34.5793 787.2056 -32.9746 33.05091 785.4623 -34.26381 31.42614 783.7915 -35.52103 27.88128 780.6758 -37.92654 23.955 777.9013 -40.14771 21.859 776.6602 -41.16954 19.68996 775.5302 -42.11943 15.12551 773.6127 -43.78854 12.72319 772.8324 -44.49955 10.23998 772.1796 -45.11973 7.700371 771.6658 -45.63076 5.111898 771.2963 -46.01589 2.496956 771.0765 -46.2668 -0.1416596 771.0081 -46.35222 -5.404995 771.3305 -45.97882 -7.991352 771.7172 -45.57889 -10.52973 772.2479 -45.05336 -13.01092 772.918 -44.4202 -15.41374 773.7166 -43.69574 -19.9638 775.6646 -42.00528 -24.19849 778.0556 -40.02201 -26.19368 779.4058 -38.93341 -28.08208 780.8353 -37.80118 -34.6471 787.2871 -32.91478 -37.37228 790.9385 -30.28879 -38.59183 792.861 -28.94109 -39.70351 794.8255 -27.58871 -41.61229 798.8782 -24.87843 -43.10662 803.0929 -22.15909 -43.698 805.2626 -20.79904 -44.18253 807.471 -19.43188 -44.55441 809.6926 -18.03686 -44.80959 811.8745 -16.56302 -44.89341 812.9144 -15.74375 -44.92467 813.4071 -15.29236 -44.94904 813.8689 -14.80105 -44.97865 814.6238 -13.68753 -44.99013 815.067 -12.41271 -44.99301 815.2158 -11.06241 -44.99227 815.1731 -9.707711 -44.98799 814.9596 -1.029282 -44.988 814.9646 -1.02874 -44.98804 814.9694 -1.027103 -44.98819 814.9794 -1.02055 -44.98819 814.9794 1.04055 -44.98804 814.9694 1.0471 -44.988 814.9646 1.048733 -44.98799 814.9596 1.049282 44.98799 814.9596 1.049282 44.988 814.9646 1.048733 44.98804 814.9694 1.0471 44.98819 814.9794 1.04055 44.98819 814.9794 -1.02055 44.98804 814.9694 -1.027103 44.988 814.9646 -1.02874 44.99522 804.7216 -0.6470108 44.99368 803.2811 -0.7438011 44.98588 802.0326 -1.116692 44.96228 800.9421 -1.831856 44.91262 800.0392 -2.792831 44.71751 798.5241 -5.026535 43.33738 794.2555 -12.10902 39.96152 788.7112 -20.67829 34.86193 783.2572 -28.44423 28.1342 778.2173 -35.1109 19.87305 773.9335 -40.36402 10.28145 770.8258 -43.79962 3.20519e-7 769.5 -44.99 -10.28145 770.8258 -43.79962 -19.89779 773.944 -40.35183 -28.17396 778.2423 -35.079 -34.9081 783.2985 -28.38759 -40.00487 788.7683 -20.59435 -43.36933 794.3264 -11.99417 -44.73613 798.6277 -4.858871 -44.92108 800.1524 -2.653679 -44.96653 801.0686 -1.725067 -44.98734 802.1682 -1.0569 -44.99402 803.418 -0.7227783 -44.99522 804.8211 -0.6484108 -44.98799 808.1336 -1.029282 -44.98799 810.8722 -2.870064 -44.98799 813.1785 -5.242935 -2.758945 771.0624 -46.06712 44.13009 801.0244 -10.43728 44.12898 805.567 -14.9793 39.14814 792.9169 -26.08669 30.21577 782.2416 -35.46961 24.53612 777.9889 -39.21201 18.23322 774.622 -42.17795 11.46726 772.2465 -44.27313 4.410126 770.953 -45.41527 -2.759027 770.8167 -45.5359 -9.858117 771.8488 -44.62409 -16.70687 773.9822 -42.74193 -23.13128 777.1293 -39.96896 -34.06938 786.0414 -32.12832 -41.56859 797.6123 -21.96288 -44.20342 805.9273 -14.66319 -44.20286 807.2272 -17.7099 -41.56807 798.6233 -24.33708 -9.857994 772.0079 -44.91905 -2.758992 770.9457 -45.74798 4.41007 771.0859 -45.6383 11.46711 772.4174 -44.60005 39.14765 793.766 -28.08129 44.12842 806.8544 -17.99688 44.12953 803.5841 -12.41988 39.14863 791.6078 -24.39626 30.21615 781.495 -34.50918 24.53643 777.4634 -38.54082 18.23345 774.2693 -41.73469 11.4674 772.0143 -43.98984 4.410181 770.7855 -45.21853 -2.759061 770.6558 -45.34826 -9.858241 771.6366 -44.36747 -16.70708 773.6622 -42.34186 -23.13156 776.6481 -39.35606 -34.06981 785.0956 -30.90859 -41.56912 796.0538 -19.95023 -44.20397 803.9251 -12.079 -44.20453 801.3406 -10.07714 -41.56964 794.0408 -18.39221 -34.07024 783.875 -29.96358 -23.13186 776.0342 -38.87594 -16.70729 773.2611 -42.02311 -9.858365 771.3788 -44.15659 -2.759096 770.4669 -45.18877 4.410237 770.5877 -45.05231 11.46754 771.7299 -43.759 18.23368 773.8252 -41.38331 24.53673 776.7911 -38.0163 30.21653 780.5337 -33.76347 39.14913 789.9169 -23.08788 44.13064 798.0066 -9.150177 39.14962 787.9215 -22.23938 18.23391 773.3062 -41.14087 11.46769 771.4019 -43.5894 4.410292 770.3637 -44.9208 -2.759131 770.254 -45.06116 -9.858489 771.0829 -43.99887 -16.7075 772.7936 -41.80054 -41.57016 791.6659 -17.3819 -44.20508 798.2935 -8.777462 -9.858613 770.7556 -43.9016 -2.759165 770.02 -44.96899 4.410347 770.1173 -44.82809 4.410382 769.9569 -44.7932 -2.759187 769.8674 -44.93334 -2.758957 771.0393 -45.98078 4.410015 771.1802 -45.88341 3.20519e-7 762.7098 -44.99 -13.90576 762.7098 -42.78754 -26.45033 762.7098 -36.39575 -36.40576 762.7098 -26.44034 -42.79753 762.7098 -13.89577 -44.99999 762.7098 0.009998321 -42.79753 762.7098 13.91576 -36.40576 762.7098 26.46033 -26.45033 762.7098 36.41576 -13.90576 762.7098 42.80754 3.20519e-7 762.7098 45.00999 13.7154 762.7098 42.86892 26.12566 762.7098 36.64945 36.04983 762.7098 26.94341 42.54355 762.7098 14.67443 44.98888 762.7098 1.009998 44.98888 765.3098 1.009998 44.99876 765.3098 0.3433571 44.99876 765.3098 -0.3233566 44.98888 765.3098 -0.9900017 44.98888 762.7098 -0.9900017 42.54355 762.7098 -14.65443 36.04983 762.7098 -26.92341 26.12566 762.7098 -36.62945 13.7154 762.7098 -42.84892 44.79999 765.3098 1.009998 44.79999 762.521 1.009998 44.49097 765.3098 0.961052 44.21221 765.3098 0.8190155 43.99097 765.3098 0.597786 43.84893 765.3098 0.3190193 43.79999 765.3098 0.009998321 43.84893 765.3098 -0.2990189 43.99097 765.3098 -0.5777855 44.21221 765.3098 -0.7990189 44.49097 765.3098 -0.9410591 44.79999 765.3098 -0.9900017 44.79999 762.521 -0.9900017 3.20519e-7 762.2098 -44.49 -13.75125 762.2098 -42.31201 -26.15644 762.2098 -35.99125 -36.00125 762.2098 -26.14644 -42.32201 762.2098 -13.74126 -44.49999 762.2098 0.009998321 -42.32201 762.2098 13.76125 -36.00125 762.2098 26.16644 -26.15644 762.2098 36.01125 -13.75125 762.2098 42.33201 3.20519e-7 762.2098 44.50999 44.48983 762.2098 -0.9406853 42.0808 762.2098 -14.46259 35.66299 762.2098 -26.60579 25.84782 762.2098 -36.21347 13.57028 762.2098 -42.37038 13.57028 762.2098 42.39038 25.84782 762.2098 36.23347 35.66299 762.2098 26.62579 42.0808 762.2098 14.48259 44.48983 762.2098 0.9606857 44.21148 762.2098 0.8184891 43.99062 762.2098 0.5973015 43.84884 762.2098 0.3187332 43.79999 762.2098 0.009998321 43.84884 762.2098 -0.298729 43.99062 762.2098 -0.577301 44.21148 762.2098 -0.7984886 3.20519e-7 762.2098 42.00999 12.97871 762.2098 39.95437 24.68698 762.2098 33.98871 33.97871 762.2098 24.69698 39.94437 762.2098 12.98871 41.99999 762.2098 0.009998321 39.94437 762.2098 -12.96872 33.97871 762.2098 -24.67698 24.68698 762.2098 -33.9687 12.97871 762.2098 -39.93437 3.20519e-7 762.2098 -41.99 -12.97871 762.2098 -39.93437 -24.68698 762.2098 -33.9687 -33.97871 762.2098 -24.67698 -39.94437 762.2098 -12.96872 -41.99999 762.2098 0.009998321 -39.94437 762.2098 12.98871 -33.97871 762.2098 24.69698 -24.68698 762.2098 33.98871 -12.97871 762.2098 39.95437 3.20519e-7 761.9098 42.00999 12.97871 761.9098 39.95437 24.68698 761.9098 33.98871 33.97871 761.9098 24.69698 39.94437 761.9098 12.98871 41.99999 761.9098 0.009998321 39.94437 761.9098 -12.96872 33.97871 761.9098 -24.67698 24.68698 761.9098 -33.9687 12.97871 761.9098 -39.93437 3.20519e-7 761.9098 -41.99 -12.97871 761.9098 -39.93437 -24.68698 761.9098 -33.9687 -33.97871 761.9098 -24.67698 -39.94437 761.9098 -12.96872 -41.99999 761.9098 0.009998321 -39.94437 761.9098 12.98871 -33.97871 761.9098 24.69698 -24.68698 761.9098 33.98871 -12.97871 761.9098 39.95437 22.49999 761.9098 38.98114 33.4415 761.9098 30.12088 41.10953 761.9098 18.31315 44.75348 761.9098 4.713787 44.01663 761.9098 -9.34602 38.97113 761.9098 -22.49 30.11088 761.9098 -33.4315 18.30315 761.9098 -41.09954 4.703785 761.9098 -44.74348 -9.356019 761.9098 -44.00664 -22.49999 761.9098 -38.96113 -33.44151 761.9098 -30.10088 -41.10953 761.9098 -18.29316 -44.75347 761.9098 -4.693787 -44.01663 761.9098 9.366017 -38.97114 761.9098 22.50999 -30.11087 761.9098 33.45151 -18.30315 761.9098 41.11954 -4.703786 761.9098 44.76348 9.356019 761.9098 44.02663 22.49999 79.80997 38.98114 33.4415 79.80997 30.12088 41.10953 79.80997 18.31315 44.75348 79.80997 4.713787 44.01663 79.80997 -9.34602 38.97113 79.80997 -22.49 30.11088 79.80997 -33.4315 18.30315 79.80997 -41.09954 4.703785 79.80997 -44.74348 -9.356019 79.80997 -44.00664 -22.49999 79.80997 -38.96113 -33.44151 79.80997 -30.10088 -41.10953 79.80997 -18.29316 -44.75347 79.80997 -4.693787 -44.01663 79.80997 9.366017 -38.97114 79.80997 22.50999 -30.11087 79.80997 33.45151 -18.30315 79.80997 41.11954 -4.703786 79.80997 44.76348 9.356019 79.80997 44.02663 3.20519e-7 79.80997 -41.99 -12.97871 79.80997 -39.93437 -24.68698 79.80997 -33.9687 -33.97871 79.80997 -24.67698 -39.94437 79.80997 -12.96872 -41.99999 79.80997 0.009998321 -39.94437 79.80997 12.98871 -33.97871 79.80997 24.69698 -24.68698 79.80997 33.98871 -12.97871 79.80997 39.95437 3.20519e-7 79.80997 42.00999 12.97871 79.80997 39.95437 24.68698 79.80997 33.98871 33.97871 79.80997 24.69698 39.94437 79.80997 12.98871 41.99999 79.80997 0.009998321 39.94437 79.80997 -12.96872 33.97871 79.80997 -24.67698 24.68698 79.80997 -33.9687 12.97871 79.80997 -39.93437 -13.64728 77.00998 -42.87067 -9.178886 77.00998 -44.04391 -4.613755 77.00998 -44.75285 5.32052e-6 77.00998 -44.99 5.32052e-6 74.01395 -45.21061 5.32052e-6 70.76065 -46.07165 6.32052e-6 64.35166 -49.451 6.32052e-6 61.63071 -51.83723 6.32052e-6 59.52182 -54.59981 6.32052e-6 58.24246 -57.67274 7.32052e-6 57.98178 -59.30495 7.32052e-6 58.00998 -60.98998 -17.92298 55.17123 -60.98998 -34.09153 46.93292 -60.98998 -46.92297 34.1015 -60.99 -55.16127 17.93295 -60.99 -57.99998 0.009979248 -60.99 -55.16127 -17.913 -60.99 -46.92297 -34.08157 -60.99 -34.09153 -46.91302 -60.98998 -17.92298 -55.15127 -60.98998 7.32052e-6 -57.98999 -60.98998 4.32052e-6 -55.94928 -33.46658 1.32052e-6 -49.71771 -10.67754 -6.79482e-7 -39.27142 7.705269 -2.67948e-6 -24.58682 22.00996 -3.67948e-6 -5.640106 32.56465 -4.67948e-6 17.59244 39.69748 -4.67948e-6 45.13455 43.73655 -4.67948e-6 77.00998 45.00999 -13.90577 77.00998 42.80753 -26.45034 77.00998 36.41576 -36.40576 77.00998 26.46033 -42.79753 77.00998 13.91576 -44.99999 77.00998 0.009994506 -42.77651 77.00998 -13.96031 -36.32579 77.00998 -26.55005 -26.28531 77.00998 -36.51509 -8.990434 55.48349 43.58083 -8.989815 74.84555 -44.19148 -9.835154 65.59171 -47.31637 -8.884148 75.94712 -44.11933 -18.4549 75.58951 -41.11469 -27.12876 75.00864 -36.11546 -34.48425 74.23972 -29.36934 -40.16394 73.32266 -21.20583 -43.89184 72.30094 -12.02093 -45.48678 71.2208 -2.258663 -44.87125 70.12998 7.609814 -42.07509 69.07645 17.10831 -37.86659 68.20938 24.86908 -32.20289 67.44071 31.67738 -25.30166 66.80002 37.27151 -17.4281 66.31436 41.43477 -8.88476 66.00809 44.00346 -9.20115 72.55796 -44.56177 -19.1134 71.2432 -41.5789 -28.09676 69.10385 -36.6437 -35.7147 66.26755 -30.01325 -41.59705 62.88071 -22.01583 -45.45797 59.10416 -13.03752 -47.10983 55.10989 -3.506145 -46.47233 51.07571 6.126862 -43.5764 47.18072 15.40568 -39.21773 43.97711 22.99921 -33.35195 41.13928 29.67658 -26.20446 38.77679 35.18091 -18.04996 36.98889 39.29448 -9.201784 35.86304 41.84562 -9.096109 45.43536 42.86554 -17.84267 46.30429 40.30121 -25.90353 47.68341 36.15967 -32.96893 49.50485 30.61062 -38.76735 51.69174 23.8721 -43.07597 54.15982 16.20329 -45.93864 57.15994 6.827682 -46.56882 60.26694 -2.908131 -44.93593 63.34329 -12.54057 -41.11935 66.25241 -21.61067 -35.30455 68.86209 -29.68423 -27.7741 71.04843 -36.37089 -18.8939 72.69852 -41.34104 -9.095483 73.71323 -44.33972 -9.623819 67.86746 -46.14247 -19.9914 65.53464 -43.32104 -29.38742 61.72714 -38.68153 -37.3553 56.6672 -32.47871 -43.50787 50.61374 -25.02422 -47.54615 43.85544 -16.67601 -49.27388 36.70242 -7.825378 -48.6071 29.47708 1.117462 -45.57814 22.50406 9.738789 -41.01925 16.77414 16.80705 -34.88401 11.70541 23.03902 -27.4082 7.493195 28.19474 -18.87911 4.312744 32.06557 -9.62448 2.315582 34.47974 -9.413132 18.14246 38.84389 -18.46453 19.73465 36.34346 -26.80633 22.26645 32.32365 -34.11798 25.61566 26.95782 -40.11849 29.64206 20.46078 -44.57728 34.19049 13.08259 -47.53971 39.72299 4.075474 -48.19186 45.45438 -5.271305 -46.50206 51.12875 -14.52065 -42.55246 56.49197 -23.2394 -36.535 61.29898 -31.01565 -28.74209 65.32089 -37.47506 -19.5524 68.35117 -42.29532 -9.412486 70.21073 -45.21818 -10.25782 61.4974 -50.34003 -21.3084 58.14743 -48.11468 -31.32341 52.64816 -44.48105 -39.81621 45.30582 -39.65044 -46.37409 36.49084 -33.86973 -50.67841 26.62589 -27.4147 -52.51997 16.17117 -20.582 -51.80925 5.608185 -13.6801 -48.58076 -4.577423 -7.019649 -43.72153 -12.93246 -1.547329 -37.18211 -20.30435 3.292572 -29.2138 -26.40939 7.313511 -20.12283 -30.99872 10.34851 -10.25852 -33.86551 12.25362 -10.04718 -23.68219 21.28051 -19.70825 -21.04996 19.16029 -28.61194 -16.84433 15.7761 -36.41608 -11.25879 11.28536 -42.82077 -4.522705 5.873127 -47.57989 3.104462 -0.2520638 -50.74187 12.39676 -7.711964 -51.43794 22.03043 -15.44463 -49.63432 31.56619 -23.09911 -45.41869 40.56833 -30.32704 -38.99591 48.61935 -36.79425 -30.67808 55.33395 -42.1916 -20.8694 60.37173 -46.24464 -10.04649 63.44717 -48.72164 -10.46916 59.80594 -52.15329 -21.7474 56.24234 -50.2383 -31.96874 50.37845 -47.11737 -40.63651 42.53433 -42.97473 -47.3295 33.10342 -38.02308 -51.72249 22.53885 -32.49821 -53.602 11.33682 -26.65266 -52.87664 0.01773071 -20.74836 -49.58163 -10.89337 -15.04904 -44.62229 -19.83707 -10.36364 -37.94814 -27.72012 -6.216164 -29.81567 -34.23923 -2.766529 -20.5374 -39.13107 -0.1589775 -10.46987 -42.18008 1.480667 -10.89183 57.45254 -56.29141 -22.6254 53.63406 -55.19056 -33.2594 47.31454 -53.40234 -42.27711 38.82248 -51.03504 -49.24032 28.57803 -48.21114 -53.81067 17.07587 -45.06473 -55.76605 4.86438 -41.73821 -55.01141 -7.477386 -38.37873 -51.58337 -19.36493 -35.13431 -46.4238 -29.09265 -32.46434 -39.4802 -37.64566 -30.09738 -31.0194 -44.69507 -28.12474 -21.36654 -49.96219 -26.62989 -10.89257 -53.22797 -25.6871 -10.68122 -48.6322 -11.13427 -20.95197 -45.4509 -12.45437 -30.41753 -40.33432 -14.55045 -38.71417 -33.50195 -17.31981 -45.52305 -25.22696 -20.64591 -50.5825 -15.82773 -24.4005 -53.94402 -4.351746 -28.9651 -54.68402 7.55777 -33.69269 -52.76659 19.3429 -38.37358 -48.28491 30.45084 -42.79942 -41.45681 40.35611 -46.76898 -32.61407 48.58169 -50.09348 -22.1864 54.71762 -52.60157 -10.68049 58.43649 -54.14316 -11.10316 56.91775 -58.57977 -23.06439 53.05264 -57.99135 -33.90473 46.63388 -57.03687 -43.09741 37.9848 -55.77476 -50.19573 27.52991 -54.27055 -54.85476 15.77545 -52.59556 -56.84808 3.287048 -50.82529 -56.0788 -9.336335 -49.03758 -52.58424 -21.48947 -47.31074 -47.32456 -31.42453 -45.889 -40.24623 -40.14715 -44.62779 -31.62127 -47.32196 -43.57578 -21.78112 -52.66897 -42.77772 -11.10391 -55.97372 -42.27373 -9.835828 -11.6239 28.65725 -19.29368 -9.280762 26.36858 -28.01007 -5.543579 22.7077 -35.65004 -0.5874939 17.84119 -41.92001 5.38269 11.96788 -46.57902 12.13681 5.313999 -49.67448 20.36072 -2.795563 -50.35591 28.88428 -11.20446 -48.59023 37.32202 -19.52752 -44.46328 45.29092 -27.38265 -38.17561 52.42355 -34.40428 -30.03275 58.37924 -40.25606 -20.4304 62.85446 -44.64212 -17.63538 56.07931 41.0108 -25.6026 57.02444 36.85294 -32.58591 58.27212 31.27427 -38.31697 59.76956 24.49247 -42.57553 61.45907 16.76832 -45.40494 63.51236 7.319984 -46.0278 65.63852 -2.493805 -44.41388 67.74387 -12.20271 -40.64164 69.73496 -21.34118 -34.8944 71.5217 -29.46966 -27.45143 73.01908 -36.19452 -18.6744 74.14975 -41.18572 4.613761 77.00998 -44.75285 9.17889 77.00998 -44.04391 13.64727 77.00998 -42.87067 26.28531 77.00998 -36.51509 36.32579 77.00998 -26.55004 42.77651 77.00998 -13.9603 44.99999 77.00998 0.01000595 42.79753 77.00998 13.91577 36.40575 77.00998 26.46034 26.45033 77.00998 36.41576 13.90576 77.00998 42.80754 17.92299 -55.15127 -60.98998 34.09154 -46.91302 -60.98998 46.92298 -34.08157 -60.98998 55.16128 -17.913 -60.98998 58 0.009979248 -60.98998 55.16128 17.93295 -60.98998 46.92298 34.1015 -60.98998 34.09154 46.93292 -60.98998 17.92299 55.17123 -60.98998 11.15645 -56.37195 -46.74933 11.15676 56.8616 -59.17159 21.88477 53.55392 -58.78734 31.77175 48.19754 -58.17907 40.43775 41.00522 -57.37744 47.54976 32.2565 -56.41662 52.83446 22.28781 -55.33366 56.34564 10.09027 -54.01844 57.1186 -2.580811 -52.65694 55.11583 -15.11594 -51.3087 50.4347 -26.91202 -50.03292 43.30268 -37.40018 -48.88705 34.06635 -46.07205 -47.9254 23.17452 -52.50305 -47.19794 10.99825 57.12491 -57.41918 21.57384 53.83407 -56.68787 31.32035 48.5184 -55.52911 39.86323 41.39517 -54.00082 46.87419 32.74408 -52.16787 52.08381 22.89792 -50.10093 55.5451 10.85986 -47.58989 56.30707 -1.641022 -44.99007 54.33277 -14.00912 -42.41569 49.71814 -25.65466 -39.98028 42.68745 -36.02008 -37.79381 33.58234 -44.604 -35.96005 22.84527 -50.98346 -34.57403 10.99794 -54.83182 -33.72014 10.68123 58.43637 -54.1431 20.95198 55.25503 -52.82299 30.41754 50.13846 -50.72691 38.71417 43.30612 -47.95756 45.52305 35.0311 -44.63144 50.5825 25.63187 -40.87688 53.94402 14.15594 -36.31227 54.68404 2.24649 -31.58472 52.76663 -9.538605 -26.90385 48.28502 -20.64652 -22.47801 41.45699 -30.55173 -18.50847 32.61434 -38.77731 -15.18396 22.18675 -44.9133 -12.67586 10.68092 -48.63223 -11.13424 10.3642 60.6152 -51.22336 20.33012 57.65097 -49.44445 29.51474 52.90042 -46.61304 37.56513 46.5755 -42.86459 44.17191 38.93277 -38.35535 49.08119 30.26636 -33.25912 52.34294 19.69754 -27.0583 53.06099 8.735413 -20.63361 51.2005 -2.113953 -14.27307 46.8519 -12.34866 -8.262768 40.22653 -21.48969 -2.878117 31.64634 -29.09833 1.624222 21.52824 -34.79175 5.013615 10.36391 -38.25604 7.091434 10.04718 63.44705 -48.72155 19.70826 60.81485 -46.60132 28.61194 56.60916 -43.21714 36.41608 51.02365 -38.7264 42.82077 44.28754 -33.31415 47.57989 36.66034 -27.18897 50.74186 27.36807 -19.7291 51.43795 17.73453 -11.99647 49.63437 8.198761 -4.342022 45.41879 -0.8033447 2.885887 38.99607 -8.85431 9.353077 30.67833 -15.569 14.75043 20.86973 -20.60678 18.80351 10.04689 -23.68222 21.28055 9.730151 66.71714 -46.69922 19.08639 64.53971 -44.34266 27.70912 61.06967 -40.56882 35.26701 56.47098 -35.54735 41.46961 50.93423 -29.48245 46.07856 44.67288 -22.6077 49.14076 37.05121 -14.22581 49.81489 29.15283 -5.532967 48.06822 21.33371 3.070717 43.98566 13.94745 11.1884 37.7656 7.333923 18.44098 29.71032 1.808655 24.48065 20.21122 -2.346191 29.00296 9.729874 -4.889709 31.75684 9.254619 71.97422 -44.69964 18.1536 70.72592 -42.15804 26.35492 68.74295 -38.06306 33.54344 66.12192 -32.58704 39.4429 62.97293 -25.94729 43.82661 59.41751 -18.39927 46.73915 55.09433 -9.178364 47.38032 50.61642 0.3934136 45.71902 46.18286 9.864521 41.83598 41.99139 18.78769 35.91991 38.23282 26.73866 28.25831 35.08606 33.33388 19.22345 32.71307 38.24619 9.254348 31.25525 41.21776 9.412858 18.1424 38.84394 19.55271 20.00205 35.92102 28.74232 23.03232 31.10072 36.53516 27.0542 24.64131 42.55255 31.86124 16.86507 46.5021 37.22439 8.146355 48.19186 42.89877 -1.102955 47.5397 48.6301 -10.4497 44.57727 54.16257 -19.45677 40.11849 58.71103 -26.83495 34.11798 62.73746 -33.33199 26.80633 66.08664 -38.69784 18.46454 68.61844 -42.71764 9.413132 70.2106 -45.21807 9.095845 45.43533 42.8656 18.8942 46.45007 39.86685 27.77432 48.10013 34.89668 35.3047 50.28641 28.21 41.11943 52.89615 20.13645 44.93596 55.80521 11.06639 46.56882 58.88156 1.433987 45.93862 61.98855 -8.301781 43.07596 64.98868 -17.67735 38.76735 67.45682 -25.34616 32.96893 69.64371 -32.08467 25.90353 71.46512 -37.63373 17.84267 72.84427 -41.77527 9.09611 73.71323 -44.3396 3.20519e-7 79.50992 42.00999 12.97871 79.50992 39.95437 24.68698 79.50992 33.98871 33.97871 79.50992 24.69698 39.94437 79.50992 12.98871 41.99999 79.50992 0.009998321 39.94437 79.50992 -12.96872 33.97871 79.50992 -24.67698 24.68698 79.50992 -33.9687 12.97871 79.50992 -39.93437 3.20519e-7 79.50992 -41.99 -12.97871 79.50992 -39.93437 -24.68698 79.50992 -33.9687 -33.97871 79.50992 -24.67698 -39.94437 79.50992 -12.96872 -41.99999 79.50992 0.009998321 -39.94437 79.50992 12.98871 -33.97871 79.50992 24.69698 -24.68698 79.50992 33.98871 -12.97871 79.50992 39.95437 44.99999 79.50992 0.01000595 42.79753 79.50992 13.91577 36.40575 79.50992 26.46034 26.45033 79.50992 36.41576 13.90576 79.50992 42.80754 -4.67948e-6 79.50992 45.00999 -13.90577 79.50992 42.80753 -26.45034 79.50992 36.41576 -36.40576 79.50992 26.46033 -42.79753 79.50992 13.91576 -44.99999 79.50992 0.009994506 -42.79753 79.50992 -13.89577 -36.40576 79.50992 -26.44034 -26.45033 79.50992 -36.39576 -13.90576 79.50992 -42.78754 5.32052e-6 79.50992 -44.99 13.90577 79.50992 -42.78754 26.45034 79.50992 -36.39575 36.40576 79.50992 -26.44033 42.79754 79.50992 -13.89576 55 0.009979248 -62.98998 52.3081 -16.98596 -62.98998 44.49593 -32.31821 -62.98998 32.32819 -44.48593 -62.98998 16.99594 -52.29809 -62.98998 7.32052e-6 -54.98999 -62.98998 -16.99592 -52.29809 -62.98998 -32.32818 -44.48593 -62.99 -44.49592 -32.31821 -62.99 -52.3081 -16.98596 -62.99 -54.99998 0.009979248 -62.99 -52.3081 17.00589 -62.99 -44.49592 32.33813 -62.99 -32.32818 44.50592 -62.99 -16.99592 52.31808 -62.98998 7.32052e-6 55.00998 -62.98998 16.99594 52.31808 -62.98998 32.32819 44.50592 -62.98998 44.49593 32.33813 -62.98998 52.3081 17.00589 -62.98998 -54.99998 0.009979248 -66.79 55 0.009979248 -66.78999 52.3081 -16.98596 -66.78999 44.49593 -32.31821 -66.78999 32.32819 -44.48593 -66.78999 16.99594 -52.29809 -66.78999 8.32052e-6 -54.98999 -66.78999 -16.99592 -52.29809 -66.79 -32.32818 -44.48593 -66.79 -44.49592 -32.31821 -66.79 -52.30809 -16.98596 -66.79 -57.99998 0.009979248 -66.79 -55.16127 -17.913 -66.79 -46.92297 -34.08157 -66.79 -34.09153 -46.91302 -66.79 -17.92298 -55.15127 -66.79 8.32052e-6 -57.98999 -66.78999 17.92299 -55.15127 -66.78999 34.09154 -46.91302 -66.78999 46.92298 -34.08157 -66.78999 55.16128 -17.913 -66.78999 58 0.009979248 -66.78999 -52.30809 17.00589 -66.79 -44.49592 32.33813 -66.79 -32.32818 44.50592 -66.79 -16.99592 52.31808 -66.79 8.32052e-6 55.00998 -66.78999 16.99594 52.31808 -66.78999 32.32819 44.50592 -66.78999 44.49593 32.33813 -66.78999 52.3081 17.00589 -66.78999 -0.9999917 57.00998 -66.78999 -0.9999917 58.00131 -66.78999 -0.9999917 58.00131 -65.29 -0.9999917 57.00998 -65.29 -18.68213 54.91879 -66.79 -34.57513 46.57779 -66.79 -47.15697 33.7771 -66.79 -55.22274 17.74262 -66.79 55.22275 17.74262 -66.78999 47.15699 33.7771 -66.78999 34.57514 46.57779 -66.78999 18.68215 54.91879 -66.78999 1.000007 58.00131 -66.78999 1.000007 58.00131 -65.29 0.9810813 58.00168 -65.09776 0.9238854 58.00259 -64.9073 0.8296594 58.004 -64.73219 0.7071143 58.00564 -64.5829 0.5578063 58.00729 -64.46035 0.3826943 58.0087 -64.36611 0.1922423 58.00961 -64.30892 7.32052e-6 58.00998 -64.29 -0.1922267 58.00961 -64.30892 -0.3826797 58.0087 -64.36611 -0.5577907 58.00729 -64.46035 -0.7070987 58.00564 -64.5829 -0.8296437 58.004 -64.73219 -0.9238707 58.00259 -64.9073 -0.9810667 58.00168 -65.09776 1.000007 57.00998 -66.78999 -0.9510487 57.00998 -64.98098 -0.8090097 57.00998 -64.7022 -0.5877777 57.00998 -64.48097 -0.3090097 57.00998 -64.33894 7.32052e-6 57.00998 -64.29 0.3090243 57.00998 -64.33894 0.5877923 57.00998 -64.48097 0.8090243 57.00998 -64.7022 0.9510644 57.00998 -64.98098 1.000007 57.00998 -65.29</float_array>
          <technique_common>
            <accessor source="#stitch_result_stitchFBXASC032allMesh_003-mesh-positions-array" count="2628" stride="3">
              <param name="X" type="float"/>
              <param name="Y" type="float"/>
              <param name="Z" type="float"/>
            </accessor>
          </technique_common>
        </source>
        <source id="stitch_result_stitchFBXASC032allMesh_003-mesh-normals">
          <float_array id="stitch_result_stitchFBXASC032allMesh_003-mesh-normals-array" count="10575">0 -1 0 0 -1 0 0 -1 -2.64983e-7 0 -1 0 0 -1 0 0 -1 -1.19403e-7 0 -1 0 0 -1 0 0 -1 0 0 -1 0 0 -1 0 0.8675253 -3.6737e-5 -0.4973931 0.9757792 -4.11551e-6 -0.2187582 0.9607222 8.59145e-6 -0.2775123 0.9607147 -8.24872e-6 -0.277538 0.9757784 -4.89224e-6 -0.2187618 0.9999698 4.03356e-6 -0.007773518 0.9991524 -1.73002e-5 0.04116499 0.9838827 1.02818e-6 0.1788152 0.9599289 -3.68804e-6 0.2802436 0.9346394 -7.7812e-6 0.3555972 0.9476035 0 0.319449 0.937195 5.05708e-7 0.348806 0.925167 -1.11078e-6 0.3795603 0.9247761 7.96281e-7 0.3805116 0.8232925 -2.93497e-5 -0.5676175 0.6817486 3.05474e-7 -0.7315865 0.6010311 6.52392e-6 -0.7992258 0.4350475 -2.61227e-5 -0.9004075 0.3168382 -1.52178e-6 -0.9484797 0.1494714 -1.41524e-5 -0.9887661 -7.12038e-7 -3.86778e-6 -1 -0.1494629 -1.42735e-5 -0.9887673 -0.3168385 -1.3886e-6 -0.9484795 -0.4350427 2.42144e-5 -0.9004099 -0.6010301 6.87689e-6 -0.7992265 -0.6817438 -4.13507e-7 -0.7315911 -0.823292 -2.90433e-5 -0.5676181 -0.8675248 1.25784e-5 -0.4973941 -0.9607182 1.75955e-5 -0.2775257 -0.9757805 -3.07075e-7 -0.2187523 -0.9999698 4.88013e-6 -0.007775127 -0.9991524 -1.66595e-5 0.0411641 -0.9838827 3.94508e-6 0.1788157 -0.9599198 1.78441e-6 0.280275 -0.93463 2.88151e-6 0.3556216 -0.9599184 -4.3679e-7 0.2802799 -0.9346322 2.35159e-7 0.3556162 -0.9476013 3.48501e-6 0.3194553 -0.9371911 8.46107e-7 0.3488165 -0.92518 6.98026e-7 0.379529 -0.9247751 7.80434e-7 0.3805142 0.3028254 0.9530462 -1.11297e-4 0.1814111 0.9834074 -1.00285e-4 0.1023718 0.9947462 7.0177e-5 5.69969e-6 1 -1.7263e-5 -0.1023795 0.9947454 2.74181e-5 -0.181417 0.9834063 2.10106e-6 -0.3028319 0.953044 -1.2219e-6 -2.67288e-6 -4.01106e-6 1 0 1.70806e-6 1 0 9.49682e-7 1 -3.20726e-7 4.81296e-7 1 -1.51955e-7 3.10736e-7 1 -2.36434e-7 -2.41744e-7 1 -1.97967e-7 -1.68784e-7 1 -2.50562e-7 -6.98032e-7 1 -2.2209e-7 -1.42349e-7 1 -2.65001e-7 1.2739e-7 1 -2.45689e-7 0 1 -2.31992e-7 0 1 -2.23127e-7 0 1 -4.32321e-7 0 1 0 0 1 -2.2154e-7 0 1 -2.30491e-7 0 1 0 0 1 -2.65184e-7 1.6444e-7 1 -2.94335e-7 2.23096e-7 1 0 2.90542e-7 1 -1.96747e-7 0 1 -3.59891e-7 -2.19715e-7 1 -3.05417e-7 8.59632e-7 1 -4.10864e-7 -4.15228e-7 1 -2.98001e-7 -6.88336e-7 1 -2.41699e-7 -1.21251e-6 1 -9.48148e-7 2.37825e-6 1 -1.05153e-6 -7.31576e-6 1 0.2113187 -0.9081377 0.361428 -5.40714e-6 -0.9266056 0.3760349 0.1092593 -0.8520857 0.5118716 -1.64527e-6 -0.8527295 0.5223529 0.1117145 -0.7241556 0.6805281 -3.41651e-6 -0.7239125 0.6898918 0.1117393 -0.5978617 0.7937731 -4.31985e-6 -0.5977834 0.8016577 0.1104696 -0.5161476 0.8493458 0.1094853 -0.47548 0.8728871 0.2154427 -0.4744229 0.8535264 0.2105137 -0.3903559 0.8962736 0.4055339 -0.3837608 0.8296204 0.2980353 -0.3459826 0.8896466 0.4009925 -0.3422984 0.8497275 0.5644394 -0.2508571 0.7864342 0.5745534 -0.3290693 0.7494011 0.7103337 -0.2049709 0.6733596 0.723284 -0.3043259 0.6198759 0.8332537 -0.1897265 0.5193188 0.8427309 -0.2669857 0.4674649 0.9238889 -0.1653538 0.3450905 0.9291582 -0.2183573 0.2983042 0.9784771 -0.133471 0.1573787 0.9797706 -0.1610427 0.1188071 0.9946834 -0.09642606 -0.0361526 0.9930779 -0.09835392 -0.06420934 0.9721043 -0.05696868 -0.2275256 0.9692215 -0.03406363 -0.2438227 0.9123256 -0.01794016 -0.4090725 0.910029 0.02844423 -0.4135677 0.8786953 0.02898067 -0.4765026 0.818552 0.08604615 -0.5679515 0.6951939 0.07815396 -0.714561 0.6983503 0.1362938 -0.7026599 0.5476048 0.09813827 -0.830962 0.5529915 0.1774157 -0.8140787 0.3857268 0.2079896 -0.8988633 0.5571885 0.218366 -0.80116 0.3899116 0.2543377 -0.8850319 0.5680329 0.3104074 -0.7622243 0.4001735 0.3590261 -0.8431853 0.5740386 0.3604458 -0.7352269 0.4056827 0.4162446 -0.8137335 0.5852785 0.4650015 -0.664246 0.4156677 0.536056 -0.7347547 0.5940686 0.6157087 -0.517673 0.422384 0.7064697 -0.567884 0.5884436 0.7316987 -0.3440222 0.4152364 0.8314116 -0.3692338 0.5731957 0.8000205 -0.1772399 0.3997582 0.8984418 -0.1816477 0.5649448 0.8185307 -0.1041389 0.391757 0.9145141 -0.1009474 0.5596971 0.8266587 -0.05809086 0.3865074 0.9210161 -0.0483883 0.201085 0.9746423 -0.09817022 0.1975443 0.9794126 -0.04155939 2.55209e-6 0.999242 -0.03892785 1.75685e-6 0.9828958 -0.1841628 0.2063882 0.961068 -0.1837182 -1.32585e-6 0.9204676 -0.3908188 0.2169063 0.8969628 -0.3852393 -1.65497e-4 0.7895752 -0.6136538 0.2223985 0.767369 -0.6014016 7.83336e-6 0.6006311 -0.7995263 0.2189019 0.5834233 -0.7821121 0.2125655 0.4526976 -0.8659566 -6.71856e-6 -0.3922023 0.9198791 0.1068537 -0.3916931 0.9138703 0.7099888 -0.2020548 0.6746035 0.8309283 -0.1674059 0.5305972 0.9214669 -0.14032 0.362228 0.9725121 -0.1188068 0.2002629 0.9725053 -0.1188026 0.200298 0.9955082 -0.09289246 -0.01829069 0.9744498 -0.06536734 -0.2148829 0.9445211 -0.04600691 -0.3252128 0.9284006 -0.03629326 -0.3698043 0.9136886 -0.02683091 -0.4055284 0.8919956 -0.008554875 -0.4519634 0.8820117 0.007492363 -0.4711681 0.3793011 0.11148 -0.9185331 0.1999202 0.2270076 -0.9531524 0.2027307 0.2770189 -0.9392343 0.2093337 0.3904598 -0.8965047 0.1950207 0.1189147 -0.9735637 0 0.1212475 -0.9926223 1.69327e-5 0.2332778 -0.9724102 8.13592e-6 0.4016546 -0.9157913 0.710581 0.7002027 -0.06921654 0.7146795 0.6912335 -0.1069091 0.7214024 0.6713244 -0.1700065 0.7329186 0.6051506 -0.3108428 0.7355068 0.5025381 -0.4544065 0.7261525 0.3756731 -0.5758231 0.7159194 0.2889554 -0.6355819 0.7106711 0.2474154 -0.6585835 0.7016043 0.1705948 -0.6918446 0.8334501 0.5466677 -0.08071881 0.8359252 0.5379623 -0.1087464 0.8402371 0.5181497 -0.1597579 0.8466576 0.4581296 -0.2707181 0.8461233 0.3727559 -0.3809573 0.8377916 0.2723663 -0.4732037 0.8300867 0.204882 -0.5186324 0.8263701 0.1726077 -0.5360217 0.8204002 0.1128181 -0.5605494 0.9236795 0.3721099 -0.09138059 0.9246796 0.3647426 -0.109227 0.9265069 0.3465953 -0.146481 0.9282311 0.2965524 -0.2245969 0.9257459 0.2312425 -0.2992017 0.9196624 0.1587174 -0.3592071 0.9151278 0.111158 -0.3875374 0.913169 0.08854466 -0.3978472 0.910529 0.04695522 -0.4107702 0.9779291 0.1834718 -0.09996438 0.978008 0.178253 -0.1082881 0.9779664 0.1630962 -0.1303123 0.9767528 0.1259294 -0.1734815 0.9740842 0.08266544 -0.2105389 0.9709474 0.03840279 -0.2361913 0.9693744 0.01097875 -0.2453424 0.968917 -0.001716136 -0.2473804 0.9688256 -0.02433353 -0.2465458 0.9944717 -0.01173228 -0.1043477 0.9942995 -0.01411706 -0.1056849 0.9934605 -0.02555912 -0.1112793 0.9918942 -0.04806411 -0.1176263 0.9908527 -0.06844556 -0.1163021 0.9907299 -0.08448362 -0.1063804 0.9912001 -0.09191823 -0.09525549 0.9915766 -0.09461808 -0.08845114 0.9925372 -0.0978223 -0.07280582 0.9733615 -0.2055753 -0.1015196 0.973349 -0.2058078 -0.1011679 0.9730896 -0.2125979 -0.088876 0.9739224 -0.2195957 -0.05703425 0.9760043 -0.2170789 -0.01710075 0.9782815 -0.2053793 0.02801448 0.9793896 -0.1931309 0.05913203 0.9797299 -0.18593 0.07456225 0.9799221 -0.1696699 0.1047137 0.9168157 -0.3899627 -0.08589637 0.9181741 -0.391325 -0.06181538 0.828979 -0.5571721 -0.04850876 0.8309901 -0.5556135 -0.02737087 0.7146508 -0.6990883 0.02344793 0.8424611 -0.5320942 0.08447033 0.7307788 -0.6605982 0.1719664 0.8518142 -0.4850054 0.1979456 0.7418577 -0.5912846 0.3162747 0.8550233 -0.4204475 0.3035774 0.7434759 -0.5026971 0.441066 0.8532313 -0.3712835 0.3662581 0.739396 -0.4380371 0.5112898 0.8513006 -0.3456338 0.3947466 0.7361174 -0.4048624 0.5424184 0.8458696 -0.2929607 0.4457339 0.7278109 -0.3374116 0.59703 0.5757244 -0.8054337 0.1407766 0.5883192 -0.7605227 0.2747472 0.5986914 -0.6687848 0.4407898 0.5984467 -0.5600394 0.5729028 0.5930832 -0.4839291 0.6434788 0.5891992 -0.4454779 0.6740874 0.5796686 -0.3674808 0.7272842 0.4150439 -0.823511 0.3867405 0.3524717 -0.8726068 0.3381141 0.352447 -0.8726136 0.3381225 0.2156324 -0.8488469 0.482661 0.2200903 -0.7238397 0.6539239 0.2198845 -0.597686 0.7709879 0.2173297 -0.5153775 0.8289475 0.4227831 -0.711499 0.5612697 0.4219451 -0.589712 0.6886234 0.4172436 -0.5079298 0.7536015 0.4138779 -0.4670368 0.7813972 0.9237387 -0.3829067 0.009453117 0.9296519 -0.3579493 0.08729141 0.9331561 -0.3192585 0.1652083 0.93339 -0.2879437 0.2141764 0.932856 -0.2711619 0.2371725 0.9306635 -0.2360091 0.2795804 -0.1975443 0.9794127 -0.04155886 -0.2010864 0.9746423 -0.0981673 -0.2063885 0.961071 -0.1837021 -0.2169086 0.8969632 -0.3852373 -0.41524 0.8314119 -0.369229 -0.422347 0.7064851 -0.5678924 -0.5940392 0.615727 -0.517685 -0.5852746 0.4650077 -0.664245 -0.726132 0.3757138 -0.5758224 -0.7106721 0.2474303 -0.6585769 -0.826366 0.1725928 -0.5360327 -0.7016051 0.1705942 -0.6918439 -0.8203986 0.1127737 -0.5605608 -0.6983603 0.1363143 -0.702646 -0.8185524 0.0860455 -0.5679508 -0.6951925 0.07813113 -0.7145649 -0.8786915 0.02898663 -0.4765092 -0.2223648 0.7673757 -0.6014053 -0.4156699 0.5360337 -0.7347697 -0.5680268 0.3103926 -0.7622349 -0.5571875 0.218366 -0.8011608 -0.5529769 0.1773754 -0.8140974 -0.2189022 0.5834035 -0.7821266 -0.4001671 0.3589995 -0.8431997 -0.3899111 0.2543376 -0.8850322 -0.3857265 0.2079894 -0.8988634 -0.5476023 0.09814482 -0.830963 -0.2093365 0.39047 -0.8964995 -0.2027328 0.2770202 -0.9392334 -0.1999173 0.2269957 -0.9531559 -0.3793008 0.1114799 -0.9185332 -0.1950232 0.118923 -0.9735622 -0.8820173 0.007491409 -0.4711574 -0.9123284 -0.01793563 -0.4090664 -0.8787089 0.02898365 -0.4764775 -0.9100477 0.02844971 -0.4135262 -0.9105286 0.0469551 -0.4107712 -0.9131723 0.0885325 -0.3978423 -0.8377911 0.2723532 -0.4732123 -0.7354882 0.5025063 -0.4544718 -0.5884404 0.7316998 -0.3440253 -0.3997582 0.8984423 -0.1816453 -0.8919844 -0.008556485 -0.4519851 -0.9136931 -0.026829 -0.4055184 -0.9284007 -0.03629165 -0.3698042 -0.9721042 -0.0569688 -0.2275257 -0.9445225 -0.04601109 -0.3252079 -0.9744502 -0.06536829 -0.2148815 -0.9946834 -0.09642595 -0.03615313 -0.9955082 -0.09289115 -0.01829195 -0.9784742 -0.1334459 0.1574183 -0.9725115 -0.1188259 0.2002542 -0.9238888 -0.1653545 0.3450908 -0.9214609 -0.1403648 0.3622258 -0.8332534 -0.1897271 0.5193193 -0.8309279 -0.1674072 0.5305976 -0.7103227 -0.2049732 0.6733705 -0.7099635 -0.2020489 0.6746319 -0.5644393 -0.2508453 0.7864382 -0.2980402 -0.345978 0.8896467 -0.4010115 -0.3422935 0.8497205 -0.5745506 -0.3290768 0.7493997 -0.7232835 -0.3043222 0.6198782 -0.5796684 -0.3674959 0.7272768 -0.7278106 -0.3374119 0.5970302 -0.5891981 -0.4454727 0.6740918 -0.7361204 -0.4048582 0.5424175 -0.7434754 -0.5026993 0.4410645 -0.8550145 -0.4204429 0.3036083 -0.8518214 -0.4849964 0.1979364 -0.9296531 -0.3579469 0.08728885 -0.9237294 -0.3829289 0.00946021 -0.9739218 -0.2195988 -0.05703312 -0.9730913 -0.2125926 -0.08886939 -0.9934609 -0.025577 -0.1112722 -0.9942806 -0.01435214 -0.1058313 -0.9780003 0.1782628 -0.1083416 -0.9944705 -0.01177585 -0.1043539 -0.977937 0.1834512 -0.0999248 -0.1068358 -0.3917539 0.9138464 -0.2105187 -0.3903779 0.8962628 -0.4055476 -0.3837662 0.8296113 -0.4138815 -0.4670508 0.781387 -0.5984637 -0.5600475 0.572877 -0.741863 -0.5912822 0.3162671 -0.8424602 -0.5320954 0.08447045 -0.9181868 -0.3913027 -0.06176829 -0.9168183 -0.3899588 -0.085886 -0.9733543 -0.2057999 -0.1011328 -0.9733627 -0.205569 -0.1015213 -0.1094591 -0.4754784 0.8728913 -0.1117343 -0.5978925 0.7937507 -0.1117114 -0.724159 0.6805251 -0.220086 -0.7238449 0.6539195 -0.215622 -0.8488548 0.4826517 -0.4150401 -0.8235097 0.3867474 -0.3524637 -0.8725987 0.3381434 -0.575724 -0.8054339 0.1407771 -0.1092604 -0.8520827 0.5118764 -0.2113185 -0.9081376 0.3614289 -0.7146509 -0.6990882 0.02344721 -0.7307578 -0.6606245 0.1719552 -0.5883187 -0.7605199 0.2747558 -0.4227844 -0.711506 0.5612599 -0.2199082 -0.5976871 0.7709803 -0.8289802 -0.5571705 -0.04850989 -0.8309887 -0.5556152 -0.02738225 -0.5986946 -0.6687788 0.4407945 -0.4219409 -0.5897176 0.6886212 -0.2154343 -0.4744486 0.8535143 -0.9246816 0.3647408 -0.1092156 -0.9236754 0.3721093 -0.09142541 -0.8359367 0.537955 -0.1086938 -0.8334502 0.5466673 -0.08071941 -0.7146845 0.6912325 -0.1068822 -0.7105809 0.7002029 -0.06921601 -0.5649467 0.8185303 -0.1041319 -0.5596952 0.8266632 -0.0580455 -0.3917586 0.9145142 -0.1009411 -0.3865086 0.9210132 -0.04843449 -0.5731945 0.8000251 -0.1772229 -0.7214001 0.6713215 -0.1700276 -0.8402381 0.5181496 -0.1597525 -0.926509 0.346594 -0.1464716 -0.9779653 0.1630999 -0.1303166 -0.7329141 0.6051536 -0.3108475 -0.8466428 0.45815 -0.2707302 -0.8461458 0.3727079 -0.3809545 -0.9282261 0.2965143 -0.2246679 -0.92577 0.2312412 -0.2991282 -0.9196539 0.1587156 -0.3592298 -0.9767556 0.1259145 -0.173477 -0.9740841 0.08266466 -0.2105392 -0.9709485 0.03840357 -0.2361865 -0.9689198 -0.001696407 -0.2473694 -0.9918945 -0.04804742 -0.1176303 -0.9908524 -0.06843942 -0.1163079 -0.990727 -0.08444613 -0.1064376 -0.9915759 -0.09461885 -0.08845692 -0.9688256 -0.024333 -0.2465459 -0.9760013 -0.2170931 -0.01709145 -0.9331629 -0.3192486 0.1651893 -0.8512968 -0.3456133 0.3947727 -0.8458698 -0.2929607 0.4457335 -0.8427298 -0.2669863 0.4674665 -0.9782844 -0.2053683 0.02799022 -0.9797303 -0.1859201 0.0745818 -0.9925373 -0.09782218 -0.07280629 -0.9692215 -0.03406429 -0.2438226 -0.9328576 -0.2711527 0.2371768 -0.9306637 -0.2360089 0.2795802 -0.9291588 -0.2183559 0.2983031 -0.9799225 -0.1696925 0.1046735 -0.993074 -0.09839969 -0.06420052 -0.9797706 -0.1610425 0.118806 0 -0.999999 -0.001486063 0 -0.999999 -0.001486063 0 -0.999999 -0.001486063 0 -0.9999999 5.16954e-4 0 -0.9999999 5.16961e-4 0 -0.9999999 5.16946e-4 0 -1 -5.32679e-6 0 -1 3.94574e-6 0 -1 -3.59795e-4 0 -1 -3.59795e-4 0 -1 -3.59797e-4 0 -1 -3.35446e-6 0 -1 2.42273e-5 0 -1 -5.32681e-6 0 -1 3.35569e-4 0 -1 3.35569e-4 0 -1 3.35569e-4 0 -1 -9.36281e-6 0 -1 4.20759e-6 0 0 -1 -0.7071042 -0.7071095 0 -0.707104 -0.7071097 0 -0.4539934 -0.8910052 0 -0.4539933 -0.8910052 0 -0.1564399 -0.9876875 0 -0.1564399 -0.9876875 0 0.1564366 -0.9876881 0 0.1564367 -0.9876881 0 0.4539962 -0.8910037 0 0.4539965 -0.8910034 0 0.707104 -0.7071096 0 0.7071042 -0.7071094 0 0.8910044 -0.4539947 0 0.8910043 -0.4539949 0 0.9876891 -0.1564297 0 0.9876891 -0.1564299 0 0.9876884 0.1564342 0 0.9876885 0.1564338 0 0.8910062 0.4539912 0 0.8910065 0.4539908 0 0.7071042 0.7071094 0 0.707104 0.7071096 0 -0.8910067 -0.4539905 0 -0.8910066 -0.4539906 0 -0.9876885 -0.1564336 0 -0.9876885 -0.1564338 0 -0.9876892 0.1564295 0 -0.9876891 0.1564295 0 -0.8910046 0.4539943 0 -0.8910046 0.4539944 0 -0.7071042 0.7071095 0 -0.707104 0.7071097 0 -0.4539964 0.8910036 0 -0.4539961 0.8910037 0 -0.1564367 0.9876881 0 -0.1564366 0.9876881 0 0.1564399 0.9876875 0 0.1564399 0.9876875 0 0.4539934 0.8910052 0 0.4539936 0.891005 0 0 0 1 3.96642e-7 0 1 -1.17508e-6 0 1 0 0 1 0 0 1 0 0 1 -2.88175e-7 0 1 3.96644e-7 0 1 1.17508e-6 0 1 -1.70518e-6 0 1 1 -1.52032e-6 3.26631e-6 1 -7.78306e-7 0 0.4080207 -0.846151 0.3428524 0.3812095 -0.9240891 -0.02718311 0.3863726 -0.9057472 0.1741791 0.3362391 -0.9417767 1.5635e-4 0.3268035 -0.9297805 0.1694335 0.2638037 -0.9522748 0.1535587 0.2144701 -0.9408943 0.2621462 0.1980081 -0.9711918 0.1325869 0.1320773 -0.9853159 0.1082046 0.1780041 -0.9840298 2.45903e-4 -7.9819e-6 -1 -4.42781e-4 -0.1715129 -0.9851819 2.20105e-4 -0.1245992 -0.9866944 0.1044471 -0.05962967 -0.9951896 0.07773089 0.003381788 -0.9977163 0.0674597 -2.54586e-5 -0.9909449 0.134269 0.04546278 -0.9961537 0.0749076 -0.3362582 -0.9417699 9.35942e-5 -0.256168 -0.9546603 0.1516635 -0.1905084 -0.9729953 0.1303339 -0.2062459 -0.9440626 0.2573103 -0.3803418 -0.9248461 2.05986e-4 -0.3793598 -0.9088023 0.1736795 -0.3194152 -0.9326576 0.1677016 -0.4082005 -0.8463749 0.3420851 -0.9999147 0.0093652 -0.009106397 -0.9998981 0.006688654 -0.01261687 -0.9882704 -0.0773788 0.1316601 -0.9998978 0.006693542 -0.01264071 -1 1.15962e-4 8.28877e-5 -0.9863877 -0.04424852 0.1583715 -0.9999347 -9.49451e-4 0.01139283 -0.9940733 -0.007418811 0.1084586 -0.999748 -0.00144875 0.02240413 -0.9992254 -0.002114236 0.0392971 -0.9980933 -0.001973986 0.06169164 -0.9683145 -0.04017561 0.2464815 -0.940253 -0.09143644 0.3279692 -0.9480925 -0.1610664 0.2741867 -0.9888131 -0.105345 0.1055985 -0.9503564 -0.2198587 0.2201933 -0.9882839 -0.1314052 0.07763737 -0.9481204 -0.2738817 0.1614207 -0.9864108 -0.1581366 0.04457271 -0.9403195 -0.3276611 0.09185564 -0.938243 -0.338221 0.07284742 -0.8650406 -0.4818242 0.1398227 -0.8238757 -0.4879888 0.2882634 -0.8301383 -0.3939366 0.3945686 -0.6192664 -0.5544917 0.555921 -0.6104878 -0.4087907 0.6783767 -0.4642417 -0.4694531 0.7510616 -0.5138767 -0.268259 0.8148422 -0.4412422 -0.290053 0.84922 -0.2631222 -0.1728805 0.9491465 -0.27548 -0.3657262 0.8890191 -0.2517935 -0.1778008 0.951308 -0.07588213 -0.2871532 0.9548743 -0.07166087 -0.1739178 0.9821494 0.1131018 -0.1601728 0.9805879 -8.86619e-6 -0.05936729 0.9982363 0.2633813 -0.1729964 0.9490535 -0.9087933 -0.09584575 0.406089 -0.8192912 -0.1640538 0.5494073 -0.8237822 -0.2875849 0.4885467 -0.6929684 -0.23286 0.6823277 0.4832686 -0.2649105 0.8344303 0.3162198 -0.3462589 0.8832383 0.128341 -0.4278628 0.8946855 0.1197376 -0.2678533 0.9559904 -0.08115994 -0.440757 0.8939499 0.4765332 -0.2766538 0.8344932 0.67425 -0.2401227 0.6983754 0.6403962 -0.3950176 0.6586759 0.7533594 -0.3347584 0.5660269 0.6491272 -0.5372368 0.5385263 0.7611299 -0.4582 0.4590578 0.6405171 -0.6576417 0.3965415 0.7534907 -0.5653307 0.3356384 0.759694 -0.6117166 0.2206079 0.9097021 -0.3577688 0.2108166 0.8970351 -0.4255883 0.1191741 0.9871655 -0.1375026 0.0812245 0.9045537 -0.413107 0.1054766 0.9851218 -0.1654188 0.04660308 0.9845051 -0.1736865 0.02414554 0.9915307 -0.1286543 0.01775556 0.9998828 -0.01498174 0.003169119 0.9991962 -0.03969764 0.005570352 0.9997521 -0.0219413 0.003785252 0.8084141 -0.1712968 0.5631379 0.9096697 -0.2103292 0.3581378 0.9133993 -0.2876282 0.2880479 0.8970493 -0.1188116 0.4256599 0.9028288 -0.1009335 0.4179866 0.9850975 -0.04628515 0.1656524 0.965573 -0.04300212 0.2565531 0.9936842 -0.008115649 0.1119191 0.9980089 -0.003057897 0.06299918 0.9997428 -0.001773118 0.02261161 0.9999313 -9.88969e-4 0.01168107 1 6.31977e-5 2.7854e-4 0.9871579 -0.08094048 0.1377241 0.9998976 0.006700217 -0.01264542 0.9999151 0.009346127 -0.009085416 0.9991381 -0.0015316 0.04148399 0.9999179 0.01148182 -0.005696952 0.9877508 -0.1101538 0.1105201 0.9999994 -0.001087129 4.45315e-4 0.5247646 -0.7830028 0.3339594 0.5008432 -0.7346867 0.4575933 0.5085749 -0.6079826 0.6096792 0.5007044 -0.4553964 0.7361449 0.3316186 -0.5170013 0.789138 0.1335734 -0.5720869 0.8092433 -0.084279 -0.5795002 0.8106027 -0.2884445 -0.5313176 0.796556 0.5226408 -0.7810831 0.3416957 0.4004442 -0.6943579 0.5979227 0.455621 -0.8160536 0.3556208 0.3319061 -0.7863668 0.5210236 0.3164201 -0.8814501 0.3506052 0.1285681 -0.8917486 0.4338834 0.1200953 -0.953971 0.2748028 -0.07603478 -0.9524064 0.2951961 -0.0735622 -0.9712973 0.2262083 -0.2759005 -0.8869336 0.3704429 -0.08123636 -0.8906254 0.4474229 -0.2886675 -0.7937391 0.5353966 -0.4576531 -0.8202165 0.3432181 -0.464452 -0.7493071 0.4720414 -0.6107522 -0.6770749 0.4105501 -0.4715767 -0.6223536 0.6247331 -0.6185782 -0.7256885 0.3012261 -0.7664195 -0.604815 0.216333 -0.9913934 -0.1297207 0.01766008 -0.9999507 -0.009637653 0.002413034 -0.9999988 -0.001439094 4.9158e-4 -0.9997371 -0.0225737 0.004044771 -0.9964125 -0.08405715 0.00982654 -0.9991694 -0.04024755 0.006372988 -0.9986851 -0.05070346 0.007557332 -0.9999175 0.01151299 -0.00570321 0.336678 -0.6640763 0.6675707 0.1353474 -0.6986076 0.7025871 0.133642 -0.8056723 0.5770893 -0.08535742 -0.7019058 0.7071368 -0.08441543 -0.8062233 0.585558 -0.292785 -0.6743791 0.6778569 -0.7071042 -0.7071095 0 -0.7071042 -0.7071095 0 -0.453996 -0.8910039 0 -0.4539962 -0.8910037 0 -0.1564317 -0.9876888 0 -0.1564319 -0.9876888 0 0.1564319 -0.9876888 0 0.1564317 -0.9876888 0 0.4539858 -0.891009 0 0.4539857 -0.891009 0 0.7071123 -0.7071014 0 0.8910059 -0.4539918 0 0.8910059 -0.4539918 0 0.9876883 -0.1564354 0 0.9876882 -0.1564354 0 0.9876882 0.1564354 0 0.9876883 0.1564354 0 0.8910059 0.4539918 0 0.8910059 0.4539918 0 0.707104 0.7071096 0 0.7071039 0.7071098 0 0.06631356 0.06631505 0.9955927 0.04256647 0.08355057 0.995594 -1.06942e-5 -3.32499e-5 1 -0.04257422 0.08356237 0.9955927 -0.06630247 0.06630468 0.9955942 0.01467305 0.09261816 0.9955936 -0.01467305 0.09261816 0.9955936 -0.08356302 0.04257649 0.9955925 -0.06824922 -0.03481954 0.9970606 -0.06631749 -0.06631803 0.9955923 -0.08357173 -0.04258286 0.9955916 -0.09265369 -0.01467996 0.9955903 -0.09261941 0.01466983 0.9955936 -0.04257571 -0.08355081 0.9955936 -0.01466554 -0.09261935 0.9955936 0.01466798 -0.09262877 0.9955927 0.04258346 -0.08357083 0.9955916 0.06823068 -0.03481054 0.9970622 0.06629776 -0.06630408 0.9955945 0.08357191 -0.04258286 0.9955916 0.09265673 -0.01468282 0.9955899 0.0926181 0.01467329 0.9955936 0.08355593 0.04256868 0.9955935 0.4539921 0.8910058 0 0.1564314 0.9876888 0 0.1564319 0.9876888 0 -0.1564386 0.9876877 0 -0.156438 0.9876879 0 -0.4539861 0.8910087 0 -0.4539857 0.891009 0 -0.7071041 0.7071096 0 -0.7071042 0.7071095 0 -0.8910055 0.4539927 0 -0.8910056 0.4539926 0 -0.9876883 0.1564353 0 -0.9876882 0.1564354 0 -0.9876882 -0.1564354 0 -0.9876883 -0.1564353 0 -0.8910056 -0.4539926 0 -0.8910055 -0.4539927 0 1.08961e-5 0 1 -1.10502e-5 0 1 2.21004e-5 0 1 -2.17948e-5 0 1 2.20985e-5 0 1 -1.38076e-6 0 1 -1.08961e-5 0 1 7.59677e-6 0 1 1.38146e-6 0 1 -1.36389e-5 0 1 2.1795e-5 0 1 -8.46013e-6 0 1 -2.21004e-5 0 1 -1.10483e-5 0 1 1.10483e-5 0 1 -6.90734e-7 0 1 5.52425e-6 0 1 1.03582e-6 0 1 0.7071065 0.7071072 0 0.7071066 0.707107 0 0.4539887 0.8910075 0 0.4539887 0.8910075 0 0.1564405 0.9876874 0 0.1564407 0.9876874 0 -0.1564354 0.9876882 0 -0.1564353 0.9876883 0 -0.4540016 0.8910009 0 -0.4540014 0.8910011 0 -0.7071052 0.7071084 0 -0.7071051 0.7071086 0 -0.8910067 0.4539902 0 -0.8910068 0.4539902 0 -0.9876884 0.1564349 0 -0.9876884 0.1564345 0 -0.9876884 -0.1564345 0 -0.9876883 -0.1564347 0 -0.8910065 -0.4539906 0 -0.8910065 -0.4539906 0 -0.707107 -0.7071066 0 -0.7071068 -0.7071068 0 -0.08134204 -0.08129715 0.9933651 -0.1551836 -0.1551535 0.9756257 -6.27413e-5 6.41085e-5 1 -0.09966135 -0.195587 0.9756093 -1.45137e-5 2.94708e-5 1 -0.03433668 -0.2168232 0.9756069 -1.16304e-5 1.03526e-5 1 0.03434664 -0.216819 0.9756075 -2.28025e-5 4.39249e-5 1 0.09965336 -0.1955697 0.9756136 -3.36207e-6 -7.7486e-6 1 0.1552223 -0.1552213 0.9756088 5.26384e-6 -2.63564e-5 1 0.1955708 -0.09964478 0.9756142 -5.54323e-6 -1.07922e-5 1 0.2168176 -0.03433614 0.9756081 3.03052e-5 -1.67275e-5 1 0.2168151 0.03434431 0.9756084 1.68309e-5 -9.38028e-6 1 0.1956037 0.09966868 0.9756052 6.6217e-5 -6.3803e-5 1 0.08127999 0.0813058 0.9933695 0.006505131 0.006510019 0.9999577 0.1551751 0.155182 0.9756225 -0.06833475 -0.06833583 0.9953193 -0.08614462 -0.04378485 0.9953202 -0.0954895 -0.01521873 0.9953142 -0.09549796 0.01522213 0.9953133 -0.08613419 0.04399025 0.995312 -0.06831055 0.06844365 0.9953137 -0.04381716 0.08620399 0.9953135 -0.0152229 0.09549844 0.9953132 0.01503241 0.09551751 0.9953143 0.04377764 0.08613079 0.9953216 0.06834954 0.06835001 0.9953174 -0.006535887 -0.006538927 0.9999573 0.7071251 0.7070885 6.67293e-7 0.7071063 0.7071074 4.57885e-6 0.8274734 0.5615051 -3.01921e-5 0.8314546 0.5555926 5.23017e-4 0.921177 0.3891437 -3.26133e-5 0.9238656 0.3827171 -7.84991e-5 0.9798958 0.1995104 -1.17359e-5 0.9807857 0.1950883 -2.16328e-5 0.9999847 0.005541384 -4.16813e-6 1 5.98645e-6 2.85776e-6 0.9825894 -0.1857901 -4.99398e-6 0.9569401 -0.2902853 1.92132e-5 0.9259528 -0.3776394 -2.0368e-6 0.8314709 -0.5555685 1.08592e-6 0.9259439 -0.3776612 8.33347e-6 0.8314829 -0.5555504 -4.46741e-5 0.8314321 -0.5556264 3.81341e-5 0.7070938 -0.7071199 4.77423e-5 0.6343948 -0.7730093 -1.58502e-5 0.5556175 -0.8314381 -3.85734e-5 0.3826829 -0.9238798 -7.08885e-5 0.3776321 -0.9259557 4.7808e-5 0.1857883 -0.9825899 7.36732e-6 0.09801769 -0.9951847 -1.65338e-5 -0.005525648 -0.9999848 1.86753e-6 -0.1950904 -0.9807854 5.84256e-5 -0.1995328 -0.9798913 5.43603e-5 -0.3891803 -0.9211616 -3.37488e-5 -0.4713981 -0.8819206 5.04684e-5 -0.5614742 -0.8274944 -4.8517e-5 -0.7071211 -0.7070926 -1.21165e-6 -0.7071014 -0.7071123 0 -0.06800675 -0.06800216 0.9953647 -0.06762921 -0.06762206 0.9954163 -0.08479255 -0.04320591 0.9954615 -0.06743359 -0.0674023 0.9954445 -0.09400111 -0.01488745 0.9954608 -0.09399741 0.01488846 0.9954612 -0.08502125 0.04331696 0.9954372 -0.06726133 0.06726157 0.9954656 -0.04332572 0.0850355 0.9954355 -0.01492649 0.09424918 0.9954369 0.01492279 0.09423571 0.9954382 0.04331839 0.08502429 0.9954369 0.06800836 0.06800097 0.9953647 0.06744319 0.06740933 0.9954434 0.06764388 0.06764006 0.9954141 0.8910067 0.4539902 0 0.8910066 0.4539904 0 0.9876894 0.1564278 0 0.9876895 0.1564276 0 0.9876884 -0.1564345 0 0.9876884 -0.1564345 0 0.8910035 -0.4539965 0 0.8910038 -0.453996 0 0.7071046 -0.7071091 0 0.707105 -0.7071086 0 0.4540014 -0.8910009 0 0.4540016 -0.8910009 0 0.1564353 -0.9876883 0 0.1564354 -0.9876882 0 -0.1564407 -0.9876874 0 -0.1564404 -0.9876874 0 -0.4539887 -0.8910075 0 -0.4539886 -0.8910075 0 0.9617664 -1.02534e-5 0.273871 0.9432897 0.1876384 0.2738546 0.8719276 -1.13063e-6 0.4896349 0.9045077 0.2938926 0.3090196 0.7694471 0.2500415 0.5877335 0.6544865 0.4754943 0.5878373 0.4754314 0.3454066 0.8091103 0.345497 0.4754952 0.8090342 0.3938125 0.3938584 0.8305345 0.3091357 0.4625232 0.8309678 0.2132039 0.5145149 0.8305531 0.1815391 0.558676 0.8092743 0.1084979 0.545418 0.8311122 -9.79379e-6 0.5877185 0.8090656 -2.0366e-5 0.5566406 0.8307535 -0.1085838 0.5459579 0.8307464 -0.1816064 0.5588052 0.80917 -0.2133657 0.5148377 0.8303115 -0.3454238 0.4754071 0.8091171 -0.3087617 0.461908 0.8314489 -0.3936974 0.393721 0.8306542 -0.4755132 0.3454809 0.8090303 -0.4629198 0.3093037 0.8306843 -0.5142902 0.2129926 0.8307465 -0.5590838 0.1816567 0.8089662 -0.5460354 0.1086286 0.8306896 -0.5569322 4.33903e-6 0.8305581 -0.7344181 -3.17007e-5 0.6786974 -0.7694178 0.2499881 0.5877943 -0.8719358 -1.5262e-6 0.4896204 -0.9044616 0.2938871 0.3091596 -0.9618018 -8.80239e-6 0.2737467 -0.9202945 0.279191 0.2740632 -0.7998346 0.534406 0.2732672 -0.7694842 0.5590804 0.3087444 -0.6101855 0.7434951 0.273658 -0.5590621 0.7694745 0.308802 -0.3682126 0.8887951 0.2728788 -0.2939366 0.9046241 0.308637 -0.09436511 0.9576127 0.2721641 -8.9407e-7 0.9511058 0.3088653 0.1876412 0.9433679 0.2735836 0.2940074 0.904847 0.3079149 0.4534178 0.8482872 0.2735348 0.5591393 0.7695917 0.30837 0.6801367 0.6801141 0.2736036 0.7695136 0.5590907 0.3086527 0.7997483 0.5344155 0.2735015 0.8884735 0.3679949 0.2742165 0.4629096 0.3092952 0.8306933 0.5142784 0.2129951 0.8307532 0.5590537 0.1816197 0.8089953 0.5463132 0.1086661 0.830502 0.7345096 -3.66965e-5 0.6785984 0.5567647 -4.27477e-7 0.8306702 0.4755431 0.6545242 0.5877559 0.2499967 0.7694099 0.587801 1.07288e-6 0.8090185 0.5877832 -0.2500016 0.7694087 0.5878006 -0.4755071 0.6544803 0.5878338 -0.6545183 0.4755198 0.5877813 0.9617813 4.83729e-6 0.2738187 0.9433212 0.1876438 0.2737424 0.8719477 -5.08362e-6 0.4895992 0.9045262 0.2938978 0.3089603 0.7694334 0.2500011 0.5877683 0.6544659 0.4754977 0.5878573 0.4754583 0.3454244 0.8090867 0.3455951 0.475662 0.8088941 0.3940455 0.3940702 0.8303233 0.3097164 0.4636318 0.8301333 0.2133967 0.5151251 0.8301253 0.1817499 0.5593692 0.8087478 0.1088248 0.5471463 0.8299326 3.08454e-6 0.587651 0.8091146 -2.65472e-5 0.5563996 0.8309148 -0.1087371 0.5467112 0.8302308 -0.1817229 0.559304 0.808799 -0.2133265 0.5149745 0.8302368 -0.3455874 0.4756346 0.8089137 -0.3094393 0.46307 0.8305502 -0.394052 0.3940868 0.8303125 -0.4755091 0.3454564 0.8090434 -0.4631159 0.3093791 0.830547 -0.514787 0.2132673 0.8303682 -0.55899 0.1816374 0.8090353 -0.5459859 0.1086192 0.8307234 -0.5568006 -1.09002e-5 0.8306462 -0.7344583 -5.649e-6 0.6786539 -0.7694426 0.2500087 0.5877533 -0.8719592 3.96813e-6 0.4895787 -0.9045512 0.2939098 0.308876 -0.961774 -5.6671e-7 0.2738446 -0.920364 0.2792106 0.2738094 -0.7995043 0.5342553 0.2745256 -0.7693717 0.5590151 0.3091432 -0.6099287 0.7432717 0.2748346 -0.5588892 0.769257 0.309656 -0.3680694 0.888518 0.2739723 -0.2938378 0.904417 0.3093369 -0.0942673 0.9571692 0.2737535 1.92993e-5 0.9511442 0.3087471 0.1876995 0.9437518 0.272216 0.2938712 0.9044634 0.3091695 0.453477 0.8484287 0.2729973 0.5590846 0.769518 0.308653 0.6799461 0.6799391 0.2745111 0.7694337 0.5590605 0.3089066 0.7995533 0.5342951 0.2743055 0.8884833 0.3679776 0.2742081 0.4631021 0.3093711 0.8305577 0.514493 0.21314 0.8305832 0.55898 0.1816254 0.8090449 0.5460376 0.1086035 0.8306915 0.7343928 2.62326e-5 0.6787248 0.5567517 -1.65775e-7 0.8306789 0.4755324 0.6545089 0.5877816 0.250014 0.7694686 0.587717 7.06757e-6 0.8090465 0.5877448 -0.2499966 0.7694062 0.587806 -0.4755123 0.6544799 0.5878301 -0.6545219 0.4755391 0.5877617 0.9617843 4.95091e-6 0.2738085 0.9432792 0.1876325 0.2738952 0.8719265 6.81169e-6 0.489637 0.9044515 0.2938815 0.3091942 0.7693975 0.2499805 0.5878243 0.6544802 0.4754878 0.5878497 0.4754593 0.3454515 0.8090746 0.3454253 0.4754047 0.8091179 0.3939753 0.394015 0.8303829 0.3088457 0.4619823 0.8313764 0.2133631 0.5148354 0.8303138 0.1815764 0.5587152 0.8092387 0.1084977 0.5454195 0.8311113 -1.20755e-5 0.5876636 0.8091053 -2.03726e-5 0.5565999 0.8307808 -0.1085243 0.545552 0.8310208 -0.1816332 0.5588907 0.8091049 -0.2136268 0.5153877 0.8299031 -0.3455838 0.4756588 0.8089009 -0.3093472 0.4629421 0.8306559 -0.394075 0.3941197 0.8302858 -0.4754694 0.3454419 0.8090729 -0.4626754 0.3091512 0.8308773 -0.5142381 0.2129703 0.8307846 -0.5590842 0.1816519 0.8089669 -0.5460036 0.1086298 0.8307104 -0.5569292 1.76951e-6 0.83056 -0.7343473 -6.06042e-5 0.6787739 -0.7694155 0.2499946 0.5877947 -0.8719238 6.65919e-6 0.4896418 -0.9044597 0.2938775 0.3091743 -0.9617595 2.91783e-6 0.2738954 -0.9203465 0.2791636 0.2739162 -0.7997581 0.5343397 0.2736204 -0.7693749 0.5589761 0.3092052 -0.6100897 0.7434051 0.274116 -0.5590369 0.7694948 0.3087968 -0.3682377 0.8888469 0.272676 -0.2939937 0.9047739 0.3081428 -0.09424233 0.9569759 0.2744368 2.31755e-5 0.9511447 0.3087454 0.1876462 0.9434031 0.2734586 0.2940526 0.9049467 0.3075789 0.4534987 0.8484552 0.272879 0.5589222 0.7692925 0.3095077 0.6800138 0.6799962 0.2742016 0.7695209 0.5591 0.3086178 0.7995991 0.5343318 0.2741001 0.8886479 0.3680964 0.2735142 0.4629206 0.3092995 0.8306854 0.5142783 0.2129949 0.8307534 0.5589475 0.18159 0.8090754 0.5461399 0.1086273 0.8306211 0.7344129 3.0795e-5 0.678703 0.5569576 4.11272e-6 0.830541 0.4755246 0.6545059 0.5877912 0.2500143 0.7694447 0.5877482 3.86784e-6 0.8090277 0.5877707 -0.2499902 0.7693992 0.5878178 -0.47551 0.6544882 0.5878226 -0.6545085 0.4755174 0.5877941 0.5000022 0 0.8660243 0.2500521 0.4329838 0.8660249 -0.2500524 0.4329815 0.866026 -0.5000022 0 0.8660243 -0.2499756 -0.433027 0.8660253 0.2499753 -0.4330293 0.8660243 0.2500041 0.4329871 0.8660371 -0.2500041 0.4329871 0.8660371 -0.2500239 -0.4330214 0.8660142 0.2500239 -0.4330214 0.8660142 0.2500524 0.4329815 0.866026 0.2499756 -0.433027 0.8660253 1 0 0 0.5001059 0.8659644 0 -0.5001072 0.8659635 0 -1 0 0 -0.49995 -0.8660544 0 -0.4999476 -0.8660557 0 0.4999486 -0.8660551 0 0.4999462 -0.8660565 0 0.5000262 0.8660104 0 0.50003 0.8660082 0 -0.5000276 0.8660095 0 -0.5000286 0.866009 0 -0.5000262 -0.8660104 0 -0.50003 -0.8660082 0 0.5000276 -0.8660095 0 0.5000286 -0.866009 0 0.5001072 0.8659635 0 0.5001086 0.8659628 0 -0.5001086 0.8659628 0 -0.4998165 0.8661313 0 -0.4998165 0.8661313 1.85963e-7 -0.4998165 0.8661313 0 -0.4999489 -0.8660548 0 0.4999514 -0.8660536 0 0.4999476 -0.8660557 0 9.9968e-6 0 1 8.53825e-6 0 1 -4.20097e-5 0 1 5.10955e-6 0 1 -2.39372e-5 0 1 2.39372e-5 0 1 -5.10955e-6 0 1 2.10049e-5 0 1 9.05972e-6 0 1 -1.13885e-5 0 1 9.99041e-6 0 1 -2.8492e-6 0 1 2.3461e-5 0 1 -4.20239e-5 0 1 2.19568e-5 0 1 -2.39234e-5 0 1 2.39234e-5 0 1 -2.19606e-5 0 1 9.45251e-6 0 1 2.10155e-5 0 1 -9.99041e-6 0 1 2.85128e-6 0 1 -5.11038e-6 0 1 5.11122e-6 0 1 -9.05622e-6 0 1 5.69632e-6 0 1 4.20168e-5 0 1 -1.8905e-5 0 1 2.19606e-5 0 1 9.45823e-6 0 1 -2.10049e-5 0 1 -6.03981e-6 0 1 -4.20133e-5 0 1 2.39326e-5 0 1 2.34566e-5 0 1 -2.39189e-5 0 1 2.10119e-5 0 1 -0.5460547 -0.1086116 0.8306792 -0.5589452 -0.1816254 0.809069 -0.5146249 -0.2131919 0.8304882 -0.4757304 -0.3456341 0.8088372 -0.4636232 -0.3097411 0.8301289 -0.3930041 -0.3930101 0.8313188 -0.3453724 -0.4754289 0.8091261 -0.309476 -0.4633243 0.8303948 -0.2126501 -0.5134832 0.8313333 -0.1815159 -0.55868 0.8092766 -0.1086532 -0.5464305 0.8304265 -1.5229e-5 -0.5878706 0.808955 -1.40457e-5 -0.5568032 0.8306445 0.1086801 -0.5465397 0.8303511 0.1815705 -0.5588862 0.809122 0.2127235 -0.5136647 0.8312024 0.3453744 -0.4754198 0.8091309 0.3095647 -0.4634647 0.8302834 0.3930393 -0.3930397 0.8312881 0.4757128 -0.3456239 0.808852 0.4636115 -0.3097546 0.8301305 0.5148091 -0.2132859 0.8303498 0.5589954 -0.1816311 0.8090329 0.5460981 -0.1086248 0.8306489 0.7694244 -0.2500154 0.5877742 0.9045147 -0.2938918 0.3089996 0.9203776 -0.2791903 0.2737846 0.7997285 -0.5343148 0.2737555 0.7693232 -0.558934 0.3094105 0.6102434 -0.7435131 0.2734801 0.5590426 -0.7694313 0.3089449 0.3681007 -0.8885874 0.2737049 0.2938865 -0.9045801 0.3088133 0.09433543 -0.9573637 0.2730486 3.86499e-7 -0.950987 0.3092312 -0.1876965 -0.9437522 0.2722163 -0.2939067 -0.9045413 0.3089079 -0.4533964 -0.8482064 0.2738206 -0.5589964 -0.7694093 0.3090831 -0.6799429 -0.6799067 0.2745988 -0.7694776 -0.5590404 0.3088336 -0.7998688 -0.5344439 0.2730928 -0.8886016 -0.3680654 0.2737063 -0.9045425 -0.293901 0.3089097 -0.9433158 -0.1876385 0.273765 -0.7693852 -0.2499684 0.5878454 -0.6545231 -0.475539 0.5877603 -0.4754825 -0.6544553 0.5878816 -0.249984 -0.7693642 0.5878661 1.27504e-6 -0.8089817 0.587834 0.2499833 -0.7693632 0.5878679 0.4755514 -0.6545293 0.5877434 0.6545166 -0.4755336 0.587772 -0.5461165 -0.1086351 0.8306354 -0.559122 -0.1816833 0.8089339 -0.5148642 -0.2132923 0.8303141 -0.4753589 -0.3453614 0.8091721 -0.462726 -0.3091578 0.8308466 -0.3940086 -0.3940097 0.8303696 -0.3455374 -0.4755821 0.8089657 -0.3093912 -0.4630257 0.8305928 -0.2132655 -0.5147483 0.8303928 -0.1816362 -0.5589986 0.8090296 -0.1086096 -0.545993 0.83072 3.25237e-5 -0.587783 0.8090187 7.81566e-5 -0.5568061 0.8306427 0.1087309 -0.5466964 0.8302413 0.1816427 -0.559087 0.808967 0.2131041 -0.5144929 0.8305925 0.3455891 -0.4756777 0.8088876 0.3096148 -0.4633824 0.8303105 0.3941668 -0.394165 0.8302209 0.4756098 -0.3455494 0.8089444 0.4629073 -0.3093365 0.8306792 0.5146543 -0.2131906 0.8304701 0.5590887 -0.1816635 0.8089613 0.5461741 -0.1086421 0.8305966 0.769433 -0.2500045 0.5877676 0.9044483 -0.2938622 0.3092222 0.9202926 -0.2791815 0.2740792 0.7997347 -0.5343533 0.2736625 0.7694849 -0.5590633 0.308774 0.6102865 -0.7435687 0.2732327 0.5589597 -0.7693018 0.3094168 0.3680621 -0.8885183 0.2739807 0.2938771 -0.9044142 0.3093078 0.09424287 -0.9569314 0.2745918 -6.15697e-6 -0.9511404 0.3087587 -0.1876063 -0.9430862 0.2745767 -0.2938971 -0.9045068 0.3090179 -0.4533841 -0.8482196 0.2738001 -0.5590222 -0.7694212 0.309007 -0.6801053 -0.6801089 0.2736946 -0.7695593 -0.5591131 0.3084985 -0.799921 -0.5344803 0.2728682 -0.8887144 -0.3681008 0.2732923 -0.9045597 -0.2939102 0.3088505 -0.943304 -0.1876375 0.273806 -0.7694197 -0.2500052 0.5877847 -0.6544664 -0.4755008 0.5878544 -0.4755066 -0.6544728 0.5878426 -0.2499982 -0.769392 0.5878238 3.86755e-6 -0.8089807 0.5878353 0.2499939 -0.7694046 0.5878091 0.4755523 -0.6545435 0.587727 0.6545266 -0.4755351 0.5877596 -0.5458624 -0.1085809 0.8308095 -0.558752 -0.1815657 0.8092158 -0.5145044 -0.213151 0.8305733 -0.4756184 -0.3455436 0.8089419 -0.4636086 -0.309749 0.8301342 -0.3926811 -0.3926835 0.8316258 -0.3453621 -0.4754025 0.8091462 -0.3092678 -0.4628987 0.8307096 -0.2128095 -0.5138038 0.8310943 -0.1815207 -0.5586671 0.8092846 -0.1085756 -0.5459714 0.8307386 -9.07108e-7 -0.5877999 0.8090063 -1.40435e-5 -0.5568032 0.8306445 0.1086802 -0.5465384 0.8303521 0.18161 -0.5589606 0.8090618 0.2130868 -0.5144081 0.8306494 0.3454479 -0.4754973 0.8090538 0.3095689 -0.4634397 0.8302956 0.3930404 -0.3930484 0.8312835 0.4755585 -0.3455064 0.8089929 0.4632644 -0.3095279 0.8304088 0.5147035 -0.2132545 0.8304234 0.558896 -0.1816083 0.8091067 0.5460429 -0.1086012 0.8306884 0.7694318 -0.2500013 0.5877704 0.9045085 -0.2939021 0.3090083 0.9204033 -0.2791951 0.2736929 0.7998011 -0.5343791 0.2734177 0.7694429 -0.5590223 0.3089529 0.6100777 -0.7433893 0.2741855 0.5590215 -0.76942 0.3090111 0.367987 -0.8883839 0.2745171 0.2938773 -0.9045705 0.3088502 0.09433579 -0.9573636 0.2730491 2.93367e-7 -0.9509872 0.3092306 -0.1876481 -0.9433128 0.2737686 -0.2939279 -0.904598 0.3087214 -0.4533947 -0.8482036 0.273832 -0.5589443 -0.7693345 0.3093636 -0.6799297 -0.6799023 0.2746425 -0.769458 -0.5590411 0.308881 -0.7998673 -0.5344464 0.2730924 -0.8886064 -0.3680384 0.2737271 -0.9045018 -0.2938973 0.3090322 -0.943299 -0.1876356 0.2738244 -0.7694313 -0.2500022 0.5877709 -0.6545391 -0.4755478 0.5877355 -0.4755268 -0.6544992 0.5877969 -0.2499743 -0.7693213 0.5879265 1.25612e-7 -0.8089941 0.587817 0.249988 -0.7693732 0.5878528 0.4755591 -0.6545443 0.5877205 0.6545102 -0.4755328 0.5877798 -4.34631e-5 0 1 4.57289e-5 0 1 -7.68191e-6 0 1 7.67436e-6 0 1 -1.45892e-5 0 1 7.69894e-6 0 1 -1.53733e-5 0 1 -3.45856e-5 0 1 5.84044e-5 0 1 -4.34556e-5 0 1 4.34631e-5 0 1 -3.07276e-5 0 1 -7.68947e-6 0 1 1.46028e-5 0 1 2.91783e-5 0 1 5.84112e-5 0 1 3.84473e-6 0 1 -4.34329e-5 0 1 4.3448e-5 0 1 -2.91783e-5 0 1 -5.83839e-5 0 1 -3.84473e-6 0 1 7.68191e-6 0 1 1.53676e-5 0 1 3.45813e-5 0 1 -5.83976e-5 0 1 -4.3448e-5 0 1 4.57373e-5 0 1 -1.46028e-5 0 1 7.69515e-6 0 1 -1.53657e-5 0 1 4.34783e-5 0 1 3.84332e-6 0 1 -0.04378592 -0.08612 0.9953222 -0.04320341 -0.08478266 0.9954625 -0.01508331 -0.09551984 0.9953132 -0.01490563 -0.09408557 0.9954525 0.01517832 -0.09550875 0.9953129 0.01489585 -0.09407281 0.995454 0.04393833 -0.08613711 0.995314 0.04330998 -0.08500939 0.9954385 0.06841802 -0.0683456 0.9953129 0.0672881 -0.06728357 0.9954624 0.08619654 -0.04386806 0.9953119 0.08480024 -0.04320549 0.9954609 0.09552484 -0.01508396 0.9953128 0.09408509 -0.0149042 0.9954526 0.09550791 0.01517075 0.9953131 0.09400689 0.0148884 0.9954602 0.0860247 0.04388833 0.9953259 0.0847519 0.04318606 0.9954658 0.7070933 0.7071204 0 0.5564324 0.8308929 1.70059e-6 0.7071214 0.7070922 -2.2742e-4 0.707122 0.7070916 -6.47716e-5 0.5564188 0.8309021 -1.24637e-5 0.4713997 0.8819197 -2.64309e-5 0.3799189 0.9250199 4.39666e-6 0.1950906 0.9807853 1.34157e-5 0.1884016 0.9820921 -1.4063e-7 -0.005519568 0.9999849 -4.66203e-6 -0.09801781 0.9951847 2.22493e-6 -0.1958839 0.9806271 4.51213e-5 -0.3826829 0.9238798 2.22949e-5 -0.3840305 0.9233205 6.72094e-5 -0.5577983 0.8299766 1.08131e-5 -0.6343964 0.7730079 7.33044e-6 -0.7072058 0.7070078 -1.96509e-7 -0.8314733 0.5555648 2.07899e-5 -0.8275479 0.5613953 1.14366e-5 -0.9212097 0.3890667 -3.95725e-7 -0.9569417 0.2902804 7.30064e-6 -0.9799128 0.1994266 -6.06035e-6 -1 -1.10894e-5 -4.88991e-6 -0.9999852 0.005462348 6.97654e-6 -0.9825872 -0.1858024 -3.23754e-6 -0.9807876 -0.1950787 -3.95259e-5 -0.925932 -0.3776906 1.26028e-6 -0.9239645 -0.3824783 -1.20835e-4 -0.8314245 -0.5556378 9.08066e-6 -0.831506 -0.5555159 -2.30769e-4 -0.7071048 -0.7071088 4.8501e-5 -0.7070848 -0.7071288 0 0.7070848 0.7071288 0 0.5556219 0.8314352 1.00955e-6 0.7071114 0.7071022 -1.81139e-4 0.7070924 0.7071212 -4.4005e-5 0.5556467 0.8314186 5.02607e-5 0.4713951 0.8819222 -9.63546e-5 0.3776468 0.9259498 2.26294e-5 0.1950902 0.9807854 -7.77133e-5 0.1858407 0.9825799 -2.56195e-6 -0.005492329 0.999985 9.74874e-6 -0.0980181 0.9951847 -9.69805e-5 -0.1994091 0.9799163 -1.50106e-5 -0.3826847 0.923879 -2.55993e-5 -0.3890742 0.9212065 -1.60402e-5 -0.5613725 0.8275634 -1.46017e-5 -0.6343938 0.77301 1.90083e-5 -0.7069901 0.7072234 -1.53891e-5 -0.8314691 0.5555711 8.75443e-7 -0.8300045 0.5577567 -3.4913e-5 -0.9233204 0.3840309 -1.36254e-5 -0.9569405 0.2902843 -1.60383e-5 -0.9806212 0.1959133 -2.87651e-6 -1 -2.77973e-5 -2.1006e-6 -0.999985 0.005494296 4.73263e-6 -0.9820908 -0.1884083 2.16991e-5 -0.9807736 -0.1951488 3.24502e-4 -0.9250174 -0.3799247 -3.90754e-6 -0.9238811 -0.3826797 -9.98441e-6 -0.8308948 -0.5564296 -3.9804e-6 -0.8315136 -0.5555042 -5.0903e-4 -0.7071006 -0.707113 -2.2741e-4 -0.7071388 -0.7070748 0 0.5576689 0.8300635 -2.98314e-6 0.4713946 0.8819226 -5.64279e-5 0.3839179 0.9233674 -5.91411e-5 0.1950889 0.9807856 -6.4997e-5 0.1958181 0.9806403 -1.05127e-4 0.005417883 0.9999853 4.18116e-5 -0.0980165 0.9951848 -6.66706e-5 -0.1884059 0.9820913 3.32522e-5 -0.3826819 0.9238802 -2.42302e-5 -0.3799836 0.9249932 2.58698e-5 -0.556444 0.8308852 5.71831e-5 -0.6343941 0.7730099 5.09229e-5 -0.707104 0.7071095 7.28748e-6 -0.8314746 0.5555627 -8.20309e-6 -0.8308981 0.5564246 -2.94953e-5 -0.9250054 0.3799538 6.36466e-6 -0.8314813 0.5555527 1.09561e-5 -0.9249901 0.3799912 5.81751e-6 -0.9569407 0.2902836 4.77582e-6 -0.9820815 0.1884568 4.13915e-6 -1 -2.51028e-7 -7.97864e-6 -0.9999853 -0.005417764 4.72018e-6 -0.9807806 -0.195114 -2.117e-6 -0.9806452 -0.1957935 1.11565e-5 -0.9239248 -0.3825744 -8.80019e-5 -0.923359 -0.383938 3.73111e-5 -0.8314889 -0.5555415 -1.01876e-5 -0.830065 -0.5576668 2.52274e-5 5.27743e-5 -2.13347e-5 1 0.09966629 0.1956084 0.9756044 4.50686e-5 7.02068e-5 1 0.03433835 0.2168228 0.9756069 1.57906e-5 1.62423e-5 1 -0.03434574 0.2168138 0.9756087 4.76558e-6 8.45268e-6 1 -0.09965163 0.1955695 0.9756138 -1.69128e-6 1.49831e-5 1 -0.1552178 0.1552205 0.9756096 4.70504e-6 1.49347e-5 1 -0.1955718 0.09964662 0.9756138 -5.69969e-6 1.65086e-5 1 -0.2168164 0.03433609 0.9756084 -3.41497e-5 1.73943e-5 1 -0.2168157 -0.03434455 0.9756082 -7.84174e-6 1.07046e-5 1 -0.1956036 -0.09966844 0.9756051 -2.54456e-5 8.6152e-5 1 0.1618661 0.1482465 0.9756139 0.1598206 0.1504032 0.9756211 0.1574993 0.1527143 0.9756395 0.2168303 0.03429013 0.9756069 0.1955628 0.09962081 0.9756182 0.1661635 0.1434793 0.9756041 0.1658016 0.1438564 0.9756103 0.1650576 0.1446753 0.9756153 0.1640705 0.1459291 0.975595 0.1626662 0.1473219 0.9756208 0.1611153 0.1490935 0.9756091 0.1591898 0.1510205 0.9756287 0.1552041 0.1552076 0.9756139 0.1572489 0.1529809 0.9756382 0.157252 0.1530738 0.9756231 0.155164 0.1551887 0.9756232 0.155164 0.1551888 0.9756231 0.216813 -0.03439044 0.9756073 0.1955675 -0.09975123 0.9756039 0.1661649 -0.1434729 0.9756048 0.1661064 -0.1435418 0.9756047 0.1656457 -0.1440317 0.9756108 0.164741 -0.1450501 0.9756131 0.1634713 -0.1464752 0.9756138 0.1618889 -0.1482944 0.9756029 0.1601175 -0.1506377 0.9755361 0.1574574 -0.1526711 0.975653 0.157603 -0.1527569 0.9756161 0.1551848 -0.1552149 0.9756157 0.1551846 -0.1552147 0.9756157 0.155207 -0.1552466 0.9756071 0.1552071 -0.1552467 0.9756072 0.1528165 -0.1576006 0.9756072 0.1528646 -0.1575963 0.9756003 0.1552241 -0.155233 0.9756066 0.1504289 -0.1598447 0.9756131 0.1504494 -0.1598947 0.9756017 0.1482603 -0.1618759 0.9756102 0.1464855 -0.1634846 0.97561 0.1450451 -0.164721 0.9756173 0.1440384 -0.1656589 0.9756076 0.1435346 -0.1661011 0.9756066 0.1434971 -0.1661355 0.9756063 0.09966701 -0.1955474 0.9756166 0.1438497 -0.1657883 0.9756134 0.1446593 -0.1650476 0.9756193 0.145941 -0.1640797 0.9755917 0.1473906 -0.1627164 0.975602 0.1491287 -0.1611563 0.9755969 0.1509361 -0.1590654 0.9756621 0.1552342 -0.1552245 0.9756063 0.1539493 -0.1581283 0.9753435 0.1531521 -0.1572776 0.9756066 0.1552674 -0.15519 0.9756066 0.1552674 -0.1551901 0.9756065 0.155269 -0.1552361 0.9755989 0.155269 -0.155236 0.975599 0.1572845 -0.1531943 0.9755989 0.1568472 -0.1528364 0.9757254 0.1548362 -0.1549143 0.9757189 0.1588478 -0.1507505 0.9757263 0.1593641 -0.1511529 0.9755798 0.1611166 -0.1491377 0.9756022 0.1626489 -0.1473222 0.9756237 0.1640068 -0.1458706 0.9756145 0.1651031 -0.1446908 0.9756053 0.1658192 -0.1438904 0.9756022 0.03429067 -0.2168259 0.9756079 -0.03438884 -0.2168111 0.9756078 -0.09968376 -0.1955462 0.9756152 -0.1446994 -0.1650818 0.9756076 -0.1439183 -0.165829 0.9755964 -0.1435332 -0.1661936 0.9755911 -0.1435497 -0.1660954 0.9756054 -0.14401 -0.1655997 0.9756218 -0.1450645 -0.1647716 0.9756057 -0.1464911 -0.1635066 0.9756055 -0.1482551 -0.1618756 0.975611 -0.1503577 -0.1598454 0.975624 -0.1527578 -0.1575527 0.9756241 -0.1528776 -0.1576175 0.9755948 -0.1552687 -0.155263 0.9755948 -0.1552687 -0.155263 0.9755948 -0.1459152 -0.1640588 0.9755991 -0.1472767 -0.1626019 0.9756384 -0.149129 -0.1611316 0.975601 -0.1511245 -0.1593452 0.9755873 -0.1551895 -0.1551759 0.9756212 -0.1532341 -0.1572546 0.9755974 -0.155331 -0.1552708 0.9755836 -0.1532161 -0.1573587 0.9755835 -0.1553308 -0.1552709 0.9755836 0.1660687 0.1435334 0.9756124 0.1656439 0.1440288 0.9756116 0.1647448 0.1450561 0.9756116 0.1634842 0.1464774 0.9756113 0.1575603 0.1528245 0.9756124 0.1552062 0.1552148 0.9756124 0.1552062 0.1552149 0.9756124 0.8314247 0.5556375 -9.26286e-6 0.8314807 0.5555537 -2.30951e-4 0.9239647 0.3824778 -9.09519e-5 0.9259428 0.377664 -1.12423e-5 0.9807881 0.1950766 -3.94718e-5 0.9825797 0.1858422 -9.11919e-6 1 8.48072e-6 3.26615e-6 0.999985 -0.00549674 -3.38117e-6 0.9799155 -0.1994135 1.36136e-6 0.9569405 -0.2902841 5.28712e-6 0.9212122 -0.3890605 -3.80201e-6 0.8314705 -0.5555689 4.52809e-6 0.8275456 -0.5613986 -1.08371e-5 0.7072058 -0.7070078 1.72865e-5 0.6343957 -0.7730085 -1.96192e-5 0.5577652 -0.8299989 2.36203e-5 0.3826846 -0.9238792 1.14227e-5 0.38403 -0.9233207 7.57351e-6 0.1959259 -0.9806187 6.34044e-6 0.09801805 -0.9951847 8.74363e-5 0.005498826 -0.9999849 -5.52565e-6 -0.1950917 -0.9807851 6.22738e-5 -0.1884316 -0.9820863 -6.27576e-5 -0.3799344 -0.9250134 -4.48287e-5 -0.4713977 -0.8819207 7.8138e-6 -0.5564184 -0.8309022 -6.21832e-5 -0.7071216 -0.7070921 -1.2368e-6 -0.5564323 -0.8308929 1.72481e-6 0.7070925 0.7071211 0 0.707111 0.7071027 -1.68206e-5 0.8300484 0.5576915 -1.99568e-5 0.8314741 0.5555637 3.44961e-7 0.9233568 0.3839431 -3.03099e-5 0.9238381 0.3827834 1.53066e-4 0.9806455 0.1957916 -7.65477e-6 0.9807293 0.1953716 1.28795e-4 0.9999853 0.005424976 5.76023e-6 1 -3.42179e-6 1.26967e-5 0.9820821 -0.1884538 1.17398e-5 0.9569399 -0.2902861 4.53927e-6 0.9249914 -0.379988 3.0525e-5 0.831478 -0.5555577 4.67487e-5 0.925009 -0.3799454 -5.21429e-5 0.8314805 -0.555554 2.58693e-5 0.8308858 -0.5564429 6.12432e-6 0.707109 -0.7071046 1.32635e-5 0.6343935 -0.7730103 -2.32849e-5 0.5564467 -0.8308834 8.30425e-6 0.3826828 -0.9238799 4.67068e-5 0.3799831 -0.9249935 6.27024e-5 0.1884047 -0.9820916 -6.80562e-5 0.09801775 -0.9951847 7.16317e-5 -0.005414664 -0.9999853 2.01865e-6 -0.1950909 -0.9807853 4.7625e-5 -0.1957987 -0.9806442 8.00737e-5 -0.383946 -0.9233556 3.07533e-7 -0.4713959 -0.8819217 4.98816e-5 -0.5576871 -0.8300513 2.81283e-6 -0.7070998 -0.7071138 6.79358e-5 -0.7071048 -0.7071089 -3.31085e-7 0.830887 0.5564412 -3.56356e-6 0.8315154 0.5555015 -4.96828e-4 0.9239511 0.3825107 3.58409e-5 0.9250166 0.3799268 1.43637e-5 0.9807928 0.1950528 -1.77299e-4 0.9820902 0.1884118 1.81341e-5 1 2.4472e-5 -3.69642e-6 0.999985 -0.005489051 -2.53017e-6 0.9806205 -0.1959172 0 0.9569398 -0.2902864 -1.7086e-5 0.9233151 -0.3840433 3.31784e-7 0.8314684 -0.5555723 -7.16653e-6 0.8299983 -0.5577661 2.30423e-5 0.706991 -0.7072226 1.95779e-5 0.6343926 -0.7730111 -3.81675e-5 0.5613825 -0.8275564 2.53981e-5 0.3826845 -0.9238791 9.357e-6 0.3890661 -0.9212099 2.11305e-5 0.199447 -0.9799087 2.67895e-5 0.09801685 -0.9951848 5.94761e-5 0.005497515 -0.9999849 4.24192e-5 -0.1950895 -0.9807856 -1.49049e-5 -0.1858218 -0.9825835 9.37376e-7 -0.3776692 -0.9259406 -2.87797e-5 -0.4713914 -0.8819242 -4.30075e-5 -0.3776786 -0.9259368 -1.92784e-6 -0.4714117 -0.8819133 3.24021e-5 -0.5556145 -0.83144 1.57198e-5 0.9617976 4.39817e-6 0.2737615 0.9432836 0.1876174 0.2738902 0.8719645 -4.1544e-6 0.4895692 0.9044614 0.2938735 0.3091733 0.7694266 0.2499948 0.5877801 0.6544135 0.4754518 0.5879529 0.475422 0.3454045 0.8091166 0.3455117 0.4754729 0.809041 0.3940095 0.3940331 0.830358 0.3092145 0.4626364 0.8308755 0.2133104 0.5149818 0.8302364 0.1817323 0.5593189 0.8087867 0.1088246 0.5471478 0.8299316 4.22075e-6 0.5876412 0.8091217 -2.65494e-5 0.5563997 0.8309149 -0.1086604 0.5462376 0.8305525 -0.1817036 0.5592237 0.8088589 -0.2133237 0.5149526 0.830251 -0.3455985 0.4756404 0.8089054 -0.3094436 0.4630544 0.8305574 -0.3937072 0.3937586 0.8306317 -0.475495 0.3454428 0.8090574 -0.4631023 0.3093703 0.8305578 -0.5148012 0.2132855 0.8303548 -0.5590184 0.1816458 0.8090138 -0.5459465 0.1086046 0.8307512 -0.5566429 9.93535e-6 0.830752 -0.7344235 -2.64332e-5 0.6786916 -0.7694215 0.250002 0.5877838 -0.8719537 -3.85055e-6 0.4895883 -0.9045535 0.2939229 0.3088564 -0.9617894 -4.54998e-6 0.2737907 -0.9204186 0.2792418 0.2735943 -0.7996061 0.5343014 0.274139 -0.7693955 0.5590099 0.3090931 -0.609951 0.7432973 0.2747161 -0.5589546 0.7693358 0.3093419 -0.3683007 0.8889326 0.2723114 -0.2939042 0.9044491 0.30918 -0.09423387 0.9569826 0.2744162 -6.15744e-6 0.9512857 0.3083108 0.1876305 0.9432781 0.2739002 0.2938027 0.9042467 0.3098673 0.4534587 0.8483945 0.2731337 0.559028 0.7694459 0.3089348 0.6799367 0.6799299 0.2745573 0.7694693 0.5590593 0.3088202 0.7997229 0.5343769 0.2736509 0.8884829 0.3679774 0.2742093 0.4628467 0.30923 0.8307525 0.5145044 0.2131358 0.8305771 0.5590088 0.1816546 0.8090184 0.5458952 0.1085801 0.8307881 0.7344452 -2.03986e-6 0.6786681 0.5567562 -1.67917e-6 0.830676 0.4755265 0.6545022 0.5877938 0.2500213 0.7694832 0.5876948 4.7072e-6 0.8090668 0.5877166 -0.2500022 0.7694315 0.5877705 -0.4755249 0.6544991 0.5877985 -0.6545185 0.4755352 0.5877687 0.2500038 0.4329894 0.8660361 0.2500237 -0.4330238 0.8660132 0.5000249 0.8660111 0 0.5000272 0.8660098 0 -0.5000262 0.8660104 0 -0.5000286 -0.866009 0 0.5000249 -0.8660111 0 0.5000272 -0.8660098 0 -9.9968e-6 0 1 2.8492e-6 0 1 -5.11122e-6 0 1 5.11038e-6 0 1 -9.05972e-6 0 1 4.20097e-5 0 1 -1.89165e-5 0 1 -2.10084e-5 0 1 -1.13968e-5 0 1 -0.5461209 -0.1086293 0.8306333 -0.5592242 -0.1817258 0.8088535 -0.5151972 -0.2134706 0.8300616 -0.4754711 -0.3454487 0.8090688 -0.4627019 -0.3091532 0.8308618 -0.3944193 -0.3944317 0.8299743 -0.3456223 -0.4756835 0.80887 -0.3094697 -0.4631451 0.830497 -0.2129132 -0.5141171 0.8308741 -0.1816591 -0.5590698 0.8089753 -0.1086549 -0.5461943 0.8305817 1.90437e-5 -0.5879132 0.808924 3.91246e-5 -0.5572094 0.830372 0.1087309 -0.5466977 0.8302405 0.1816641 -0.5591303 0.8089324 0.2132912 -0.5148347 0.8303325 0.3455874 -0.4756413 0.8089096 0.3093295 -0.4628328 0.8307234 0.3944016 -0.3944138 0.8299911 0.4753856 -0.345375 0.8091506 0.4627675 -0.3091719 0.8308183 0.5146701 -0.2131989 0.8304584 0.5590791 -0.1816589 0.8089689 0.5461593 -0.1086528 0.830605 0.7694347 -0.2500115 0.5877624 0.9044955 -0.2938935 0.3090547 0.9203251 -0.2791969 0.2739545 0.7998036 -0.5343914 0.2733867 0.7694264 -0.5590441 0.3089544 0.6104718 -0.7437447 0.2723383 0.559006 -0.7693683 0.309168 0.3678355 -0.8880901 0.2756682 0.2938314 -0.904285 0.3097285 0.0942434 -0.9569427 0.2745523 -4.89783e-6 -0.951231 0.3084797 -0.1877122 -0.9438015 0.2720346 -0.2939321 -0.9046383 0.3085994 -0.4533767 -0.8482117 0.2738371 -0.5589577 -0.7693395 0.3093268 -0.6800696 -0.6800701 0.2738794 -0.7694161 -0.5590117 0.3090385 -0.7998421 -0.5344255 0.2732071 -0.888612 -0.3680492 0.2736943 -0.9045373 -0.293904 0.308922 -0.9433183 -0.1876391 0.2737559 -0.7694467 -0.2500124 0.5877463 -0.6544521 -0.4754903 0.5878788 -0.4754951 -0.6544655 0.5878601 -0.2500016 -0.7694104 0.5877982 3.13827e-6 -0.8089836 0.5878313 0.2500081 -0.769445 0.5877504 0.4755299 -0.6545085 0.5877841 0.6545014 -0.4755236 0.587797 -2.92056e-5 0 1 -5.84112e-5 0 1 -3.84284e-6 0 1 7.68947e-6 0 1 0.5614724 0.8274955 -2.75027e-5 0.4713984 0.8819205 -3.374e-5 0.3891562 0.9211717 -5.80023e-5 0.1950893 0.9807856 -5.54398e-5 0.1995431 0.9798891 -1.13994e-4 0.00552684 0.9999848 -8.4353e-5 -0.09801584 0.9951848 -5.99194e-5 -0.1857801 0.9825914 -1.51275e-5 -0.3826818 0.9238803 -2.94279e-5 -0.3776338 0.925955 5.15678e-5 -0.555621 0.8314357 2.8474e-6 -0.6343932 0.7730105 -2.03028e-7 -0.7071079 0.7071058 -1.43376e-5 -0.8314593 0.5555857 1.9493e-5 -0.8314357 0.5556209 -1.67816e-5 -0.9259436 0.377662 0 -0.8314717 0.5555672 -2.6416e-5 -0.925951 0.3776437 -2.96719e-6 -0.956941 0.2902824 -2.88729e-5 -0.9825881 0.1857978 -4.89847e-6 -1 -7.53244e-6 -1.06916e-6 -0.9999848 -0.005523145 1.03866e-6 -0.9807868 -0.195083 -1.59053e-5 -0.9798985 -0.1994973 9.00123e-6 -0.9238958 -0.3826442 8.89061e-5 -0.9211679 -0.3891658 -1.13787e-5 -0.8314405 -0.5556136 4.72159e-4 -0.8274946 -0.5614737 -3.23292e-5 0.9668806 0.2552291 -2.92137e-5 0.9510567 0.3090168 2.07147e-5 0.8611392 0.5083693 -3.61055e-5 0.809007 0.5877991 5.23003e-5 0.8611495 0.5083519 2.4769e-5 0.8090167 0.5877856 2.35094e-5 0.6750826 0.7377422 3.81866e-6 0.5877839 0.809018 2.18069e-6 0.4301344 0.9027649 -9.30021e-5 0.3090152 0.9510572 -2.74337e-5 0.1476737 0.9890362 -2.92417e-5 0 1 3.30992e-5 -0.1476737 0.9890362 -4.80516e-6 -0.3090152 0.9510572 -2.58978e-5 -0.4301373 0.9027635 -3.10303e-5 -0.5877842 0.8090178 1.65938e-6 -0.675082 0.7377427 -4.39282e-6 -0.8090167 0.5877857 0 -0.8611432 0.5083624 1.18839e-5 -0.9510557 0.3090195 1.31524e-5 -0.9668805 0.25523 -1.02445e-6 -1 5.69224e-6 -2.62419e-5 -1 -1.58474e-5 0 1 -1.58399e-5 0 1 2.51756e-6 -3.97721e-6 -0.1552162 -0.1552174 0.9756103 -0.155216 -0.1552172 0.9756104 -0.1575703 -0.1528268 0.9756104 -0.1577615 -0.15298 0.9755554 -0.1553918 -0.1553971 0.9755539 -0.1600378 -0.150596 0.9755557 -0.1598671 -0.1504105 0.9756122 -0.1618807 -0.1482925 0.9756044 -0.1634766 -0.1464697 0.9756138 -0.1647397 -0.1450431 0.9756143 -0.1656487 -0.1440842 0.9756025 -0.1660876 -0.1435401 0.9756082 -0.1660848 -0.1434726 0.9756186 -0.1955537 -0.09967565 0.9756144 -0.1658051 -0.1438684 0.9756078 -0.1651043 -0.1446861 0.9756058 -0.1640019 -0.1458857 0.975613 -0.1627992 -0.1474182 0.9755841 -0.1611117 -0.1491066 0.9756077 -0.1592553 -0.1510719 0.9756101 -0.1572977 -0.1530774 0.9756151 -0.1572782 -0.1531292 0.9756101 -0.1552242 -0.1552088 0.9756104 -0.1552242 -0.1552088 0.9756104 -0.2168332 -0.03429305 0.9756062 -0.2168172 0.03439038 0.9756063 -0.1955648 0.09974443 0.9756053 -0.1661719 0.1434798 0.9756027 -0.1660929 0.1435381 0.9756075 -0.1656482 0.1440373 0.9756096 -0.1647708 0.145062 0.9756063 -0.1634844 0.1464857 0.97561 -0.1618594 0.1482469 0.9756149 -0.1597557 0.1503319 0.9756426 -0.1577613 0.1529824 0.9755552 -0.1575825 0.1527388 0.9756222 -0.1551294 0.1552293 0.9756222 -0.1551293 0.1552292 0.9756223 -0.1551989 0.1552379 0.9756098 -0.1551989 0.1552379 0.9756099 -0.1528081 0.1575925 0.9756098 -0.1528251 0.1575769 0.9756096 -0.1552233 0.155197 0.9756125 -0.150412 0.1598809 0.9756098 -0.1504631 0.159858 0.9756056 -0.1482583 0.1618872 0.9756086 -0.1465372 0.1635363 0.9755936 -0.1450474 0.1647445 0.9756129 -0.1440106 0.1656 0.9756217 -0.143558 0.1661123 0.9756013 -0.1434508 0.1661306 0.975614 -0.09967976 0.1955554 0.9756137 -0.1438491 0.165789 0.9756134 -0.1446957 0.165106 0.975604 -0.1458473 0.163985 0.9756216 -0.1473842 0.1627136 0.9756036 -0.1490928 0.1611244 0.9756077 -0.1511543 0.1593766 0.9755776 -0.1552199 0.1552062 0.9756116 -0.1528452 0.1569615 0.9757057 -0.1532317 0.1573395 0.9755841 -0.1553301 0.1552688 0.975584 -0.1553303 0.1552688 0.975584 -0.1551299 0.1551437 0.9756358 -0.1551299 0.1551436 0.9756358 -0.1571499 0.1530973 0.9756358 -0.1570737 0.153007 0.9756622 -0.1550362 0.1550816 0.9756605 -0.1590687 0.1509164 0.9756646 -0.1592398 0.1510576 0.9756149 -0.161094 0.1491083 0.9756103 -0.1627401 0.1473779 0.9756 -0.1639576 0.1458631 0.9756239 -0.1650406 0.144663 0.97562 -0.1658216 0.1438865 0.9756023 -0.03429114 0.2168276 0.9756075 0.03438758 0.2168113 0.9756077 0.09973508 0.1955418 0.9756107 0.1435067 0.166181 0.9755971 0.1435732 0.1661276 0.9755964 0.1440472 0.1656776 0.9756031 0.1450471 0.1647322 0.975615 0.1464841 0.1634637 0.9756138 0.1482945 0.1618909 0.9756025 0.1504194 0.1598583 0.9756124 0.152794 0.1575656 0.9756163 0.1528613 0.1576009 0.9756 0.1552522 0.1552463 0.9756 0.1552522 0.1552463 0.9756 0.1438663 0.1658039 0.9756084 0.1447085 0.1651195 0.9755998 0.1458163 0.1638839 0.9756432 0.1473739 0.1627126 0.9756053 0.1491591 0.1611754 0.9755892 0.1511499 0.1593784 0.9755779 0.152921 0.1569352 0.975698 0.1552957 0.1553038 0.975584 0.1532155 0.1573585 0.9755836 0.1552956 0.1553038 0.975584 1.76753e-5 0 -1 -1.20308e-5 0 -1 1.75047e-5 0 -1 -1.75047e-5 0 -1 1.20308e-5 0 -1 -1.76841e-5 0 -1 -5.6832e-6 0 -1 -1 3.04996e-7 0 -0.6815377 -0.6815218 0.2665228 -0.7071018 -0.7071119 -2.47247e-5 -0.5590684 -0.769379 0.3090284 -0.4539583 -0.8910229 8.96454e-5 -0.2939885 -0.904601 0.308655 -0.1564757 -0.9876819 5.15878e-5 -5.63636e-5 -0.9511256 0.3088043 0.1563947 -0.9876947 8.11219e-5 0.2938424 -0.9045605 0.3089126 0.4540039 -0.8909998 6.72042e-5 0.5590119 -0.7695302 0.3087537 0.7070895 -0.7071241 -8.76188e-6 0.7694503 -0.5589652 0.3090375 0.891004 -0.4539955 -2.28286e-5 0.9045241 -0.293851 0.3090111 0.9876878 -0.1564386 1.43945e-5 0.9510515 4.89317e-5 0.3090324 0.9876836 0.1564649 -3.14713e-5 0.9044898 0.2939232 0.3090428 0.8909897 0.4540237 1.44541e-5 0.7694458 0.5590406 0.3089124 0.707109 0.7071046 7.8164e-5 0.6814801 0.6814799 0.2667775 0.6066066 0.6066108 0.5138597 0.6545501 0.4755844 0.5876935 0.7694224 0.2499943 0.5877857 0.8090105 -1.40199e-6 0.5877944 0.7694396 -0.2500072 0.5877578 0.6544837 -0.4755158 0.5878231 0.4755713 -0.654613 0.5876341 0.2499662 -0.7693619 0.5878769 1.84772e-5 -0.8092343 0.5874861 -0.2500642 -0.7695567 0.5875802 -0.4755569 -0.6545274 0.587741 -0.606528 -0.6065016 0.5140814 -0.4875229 -0.4875124 0.7243294 -0.3455423 -0.4755861 0.8089614 -0.3334769 -0.3334668 0.8818125 -0.1816588 -0.2500116 0.9510491 -0.0954988 -0.2939347 0.9510428 -1.12229e-5 -0.3090493 0.9510461 0.09549397 -0.2938675 0.9510641 0.1815926 -0.2499418 0.9510801 0.2499755 -0.1816028 0.9510692 0.2939262 -0.09551072 0.9510443 0.3090106 -2.78419e-6 0.9510586 0.2938781 0.09548658 0.9510615 0.249921 0.1815666 0.9510905 0.3335799 0.3335917 0.8817262 0.4754916 0.3454486 0.8090569 0.4878394 0.4878528 0.723887 -0.1816417 -0.5589496 0.8090623 2.2708e-5 -0.5878774 0.8089501 0.1816484 -0.5589303 0.809074 0.3454442 -0.4754914 0.8090589 0.4755139 -0.3454849 0.8090283 0.559045 -0.1816537 0.8089936 0.5877591 -1.33005e-6 0.809036 0.5590297 0.1816397 0.8090074 -1 1.58399e-5 0 -1 -1.65486e-5 1.81166e-5 -0.9668763 -0.2552456 1.57543e-5 -0.951057 -0.3090157 -2.96475e-5 -0.8611319 -0.5083816 4.76092e-6 -0.8090078 -0.5877979 -3.11928e-5 -0.8611451 -0.5083592 5.44125e-6 -0.809013 -0.5877907 1.00979e-6 -0.7019488 -0.7122275 -1.46716e-5 -0.5877856 -0.8090168 7.60246e-5 -0.4957906 -0.8684422 3.67835e-5 -0.309016 -0.9510569 4.78886e-5 -0.2564432 -0.9665594 3.53683e-5 5.29379e-7 -1 4.47412e-5 -2.34384e-7 -1 0 -1.62265e-6 0 -1 3.23748e-6 0 -1 -1.47985e-6 0 -1 -1.036e-6 0 -1 0.7019482 -0.7122281 -1.93261e-5 0.8090167 -0.5877857 -4.76977e-5 0.8611361 -0.5083744 1.17219e-5 0.9510571 -0.309015 -4.46408e-5 0.9668765 -0.2552447 2.10851e-5 1 -1.30385e-5 1.80937e-5 1 1.58474e-5 0 0.5877859 -0.8090167 7.5524e-5 0.4957917 -0.8684415 3.21418e-5 0.3090171 -0.9510565 4.80551e-5 0.2564433 -0.9665593 3.98957e-5 -0.2289034 -0.6689383 -0.7071951 -0.01374465 -0.7070056 -0.7070744 -0.1931199 -0.6802542 -0.7070778 -0.1931117 -0.6801545 -0.707176 -0.01365792 -0.7065055 -0.7075759 -0.01531273 -0.7068094 -0.7072384 -0.01579964 -0.7070617 -0.7069754 -0.01570969 -0.7069306 -0.7071084 -0.358084 -0.6097436 -0.7070988 -0.4223062 -0.5672447 -0.7070297 -0.5000048 -0.5000068 -0.7070986 -0.5752744 -0.4111734 -0.707104 -0.622702 -0.33506 -0.7070906 -0.6733491 -0.2159111 -0.7070952 -0.6927455 -0.1417988 -0.7071046 -0.7070994 -4.82611e-6 -0.7071141 -0.7042495 0.06344455 -0.707112 -0.6733709 0.2159056 -0.7070761 -0.6562384 0.2633262 -0.7071142 -0.5753242 0.4111953 -0.7070506 -0.552785 0.440958 -0.707096 -0.4222726 0.567187 -0.707096 -0.4026284 0.5813476 -0.7070541 -0.2288978 0.6688949 -0.707238 -0.2183562 0.6724525 -0.7071974 -0.01371669 0.7067786 -0.7073019 -0.01535832 0.7070212 -0.7070256 -0.01579874 0.7073387 -0.7066982 -0.01558917 0.7060882 -0.7079523 -0.2182524 0.6716975 -0.7079467 -0.01560926 0.7060951 -0.707945 0.01577442 -0.7074864 -0.7065509 0.01592457 -0.7074896 -0.7065444 0.2184918 -0.6730948 -0.7065443 0.2183747 -0.6725215 -0.7071261 0.01574772 -0.7065542 -0.7074838 0.01529973 -0.7067592 -0.7072888 0.01373195 -0.706956 -0.7071242 0.2289826 -0.6690589 -0.7070553 0.4026125 -0.5813096 -0.7070944 0.4222739 -0.5671792 -0.7071016 0.5528049 -0.4409775 -0.7070684 0.5752438 -0.4111465 -0.7071444 0.6562671 -0.2633287 -0.7070867 0.6733171 -0.2158949 -0.7071305 0.7042556 -0.06344628 -0.7071058 0.7071004 4.0289e-6 -0.7071132 0.6927425 0.1417979 -0.7071077 0.6733846 0.2158938 -0.7070667 0.6226986 0.335059 -0.7070941 0.5753318 0.4112041 -0.7070393 0.4999991 0.5000028 -0.7071056 0.4222935 0.567198 -0.7070747 0.3580902 0.6097471 -0.7070927 0.2289064 0.6689302 -0.7072018 0.1930834 0.680129 -0.7072082 0.01372033 0.7068706 -0.70721 0.1931323 0.6803195 -0.7070115 0.01379591 0.7072108 -0.7068682 0.01537656 0.7070726 -0.7069738 0.01579964 0.7069323 -0.7071049 0.01571094 0.7069306 -0.7071085 -1.56152e-5 0 -1 1.80462e-5 0 -1 1.75062e-5 0 -1 -1.80479e-5 0 -1 1.56133e-5 0 -1 -1.76747e-5 0 -1 5.68871e-6 0 -1 1 3.04996e-7 0 0.1816287 0.2499725 0.9510651 0.3454892 0.4755013 0.8090339 0.4755237 0.6545518 0.5877408 0.5590186 0.769451 0.308939 0.4539724 0.8910158 7.33435e-5 0.2939258 0.9044416 0.3091814 0.2499806 0.7693071 0.5879424 2.68469e-5 0.8090984 0.5876734 2.88629e-6 0.5879763 0.8088782 -0.1815848 0.5589639 0.8090652 -0.0954774 0.2938123 0.9510827 -0.1816343 0.2499809 0.9510619 -0.2499839 0.1815979 0.9510681 -0.2938378 0.09547466 0.9510751 -0.3090225 1.68476e-6 0.9510548 -0.2939194 -0.0955007 0.9510474 -0.2500065 -0.1816341 0.9510551 -0.4755454 -0.3454803 0.8090116 -0.6544514 -0.4755175 0.5878576 -0.7694294 -0.559015 0.3089996 -0.8909988 -0.4540057 -4.17829e-5 -0.9045283 -0.2938638 0.3089868 -0.9876906 -0.1564207 -1.32024e-5 -0.9510518 4.34406e-5 0.3090318 -0.9876857 0.1564512 -2.74181e-5 -0.9044829 0.2939176 0.3090685 -0.8909969 0.4540095 -4.01437e-5 -0.7694245 0.5590808 0.3088927 -0.7070775 0.707136 1.93715e-5 -0.5589877 0.7693166 0.3093298 -0.4540092 0.890997 -2.61366e-5 -0.293879 0.9046021 0.3087559 -0.1564731 0.9876822 2.38593e-5 5.38863e-5 0.9510523 0.3090304 0.1564013 0.9876937 4.36902e-5 7.27223e-6 0.3090516 0.9510453 0.1816164 0.55897 0.8090538 0.09546321 0.2938212 0.9510815 -0.809005 -1.99408e-6 0.5878018 -0.7694251 0.2499999 0.5877799 -0.6546205 0.4756246 0.5875826 -0.4754462 0.6543626 0.5880141 -0.2500149 0.7696002 0.5875442 -0.5878005 -7.10017e-7 0.809006 -0.559015 0.1816455 0.8090163 -0.4755226 0.3454651 0.8090317 -0.3455687 0.4756121 0.8089348 -0.7693942 -0.2499806 0.5878285 -0.5589549 -0.1816071 0.8090663 -0.7076758 -0.7065358 0.00153166 -0.8384666 -0.5449531 8.52551e-5 -0.9377599 -0.3472844 -1.72615e-4 -0.9933438 -0.1151874 4.86016e-4 -0.9975765 -0.06957846 3.6933e-5 -0.9988808 -0.04730051 -2.7882e-4 -0.9995366 -0.03044074 1.52869e-4 -0.9998164 -0.01914703 7.65982e-4 -0.9998504 -0.01729995 6.26757e-6 -1 6.07967e-6 -2.19792e-6 -0.9999572 -0.004009664 0.008343577 -0.9280751 0.3723934 5.42239e-6 -0.9959676 0.08971434 1.52253e-5 -0.9998416 -0.01780605 2.76632e-5 -0.9999546 -0.006947636 -0.006524145 -0.999885 -0.01516807 -6.73404e-7 -0.9997388 -0.02286094 6.05476e-7 -0.9999096 -0.01330286 0.001982927 -0.7817466 0.6235963 3.91454e-5 -0.569352 0.8220939 -4.20813e-5 -0.3088374 0.9511149 -3.63183e-5 -0.02222454 0.9997531 -9.06317e-6 -0.02223795 0.9997527 -2.72342e-6 -0.02222591 0.999753 -5.30202e-6 -0.007407665 0.9999727 5.57071e-6 0.007406711 0.9999727 8.66968e-6 0.02220267 0.9997535 2.36288e-4 0.2731012 0.9619854 3.23525e-5 0.02223002 0.9997529 6.08792e-6 0.5063968 0.8623006 8.73266e-6 0.7071126 0.7071011 0 -0.9796865 -0.2005357 -1.42278e-5 -0.9988962 -0.04697436 2.95789e-4 -0.9995625 -0.02957177 -6.64546e-4 -0.999768 -0.02153968 1.1303e-4 -0.8806084 -0.473845 -1.98232e-5 -0.9370787 -0.3491182 -2.60126e-4 -0.9931953 -0.1164612 -1.62126e-4 -0.9975889 -0.06939858 -4.10757e-4 -0.8374513 -0.5465114 -6.85222e-4 -0.7070991 -0.7071146 1.47885e-5 -0.7071672 -0.7070465 -1.57431e-5 -0.9998837 -0.01525086 -5.22123e-7 -0.9997382 -0.02287989 -2.99364e-7 -0.9997413 -0.02275156 -3.77166e-5 0.880587 0.4738848 -6.50019e-5 0.9796833 0.2005509 -2.90361e-5 1 7.39097e-6 -3.72669e-6 0.9998136 -0.01930665 2.40543e-6 0.9999613 -0.002386808 0.008474767 0.9998848 -0.01518082 1.06427e-6 0.9997384 -0.02287602 -3.88129e-7 0.9997398 -0.02280974 0 0.9998127 -0.01935893 0 0.9997398 -0.02280974 0 0.9995183 -0.03103518 2.8179e-4 0.9997173 -0.02377724 5.73485e-6 0.9819476 -0.1891521 6.98502e-4 0.9985321 -0.05416411 7.85245e-6 0.8681593 -0.4962852 -7.82728e-4 0.6864766 -0.7271519 -6.19888e-6 0.4434919 -0.8962785 1.8499e-4 0.442911 -0.8965635 -0.00196582 0.3878517 -0.914372 -0.1161671 -0.5550254 -0.8318312 0.001964211 0.999868 -0.0162537 4.6745e-5 0.9999572 -0.003991961 -0.008348941 0.9998848 -0.01518034 -2.38302e-7 0.999739 -0.02284634 0 0.9997445 -0.02260589 3.75025e-5 0.999788 -0.02059096 4.05684e-5 0.9959669 -0.08972233 1.24173e-5 0.999666 -0.0258432 7.25772e-5 0.9993782 -0.03525912 7.41473e-5 0.9981231 -0.06124007 1.61311e-4 0.9772558 -0.2120596 0.001367628 0.9280738 -0.3723964 2.73054e-5 0.8540101 -0.5202561 6.33944e-4 0.7817482 -0.6235942 -2.01538e-5 0.6484858 -0.7612258 0.001208901 0.5693526 -0.8220935 -2.7677e-5 0.5194431 -0.8545008 0.002720117 0.3803706 -0.9248341 -2.62434e-4 0.3088372 -0.951115 -6.69994e-6 0.1961888 -0.9805662 -1.25484e-4 0.02222174 -0.9997531 6.25104e-6 0.02223157 -0.9997529 7.65547e-6 0.02224147 -0.9997527 1.09512e-5 -5.21541e-6 -0.999998 0.002037167 0.007151484 -0.9999744 -1.35826e-4 -0.007177531 -0.9999743 -1.75762e-4 -0.02220934 -0.9997534 -4.314e-6 -0.1960957 -0.9805848 -1.37828e-4 -0.02223855 -0.9997527 -1.9474e-6 -0.2731006 -0.9619855 9.93721e-6 -0.3803601 -0.9248384 -4.64432e-4 -0.506405 -0.8622958 -1.10865e-5 -0.5554899 -0.8315213 -0.001890063 0.4872005 -0.8564244 0.170801 0.5814501 -0.7988932 0.1539011 0.5362246 -0.8284773 0.1615196 0.7970912 -0.5971312 0.08988988 0.7670006 -0.633619 0.1011787 0.7351993 -0.6686521 0.1112942 0.6646089 -0.7353355 0.1325771 0.9322666 -0.3598925 0.03682971 0.894781 -0.4433361 0.05310583 0.8655189 -0.4966934 0.06459569 0.9833921 -0.1812129 0.0100997 0.9734103 -0.2283471 0.01816588 0.9623239 -0.2709932 0.02226358 0.996203 -0.0869044 0.005223333 0.9904785 -0.1371903 0.01146268 0.942382 0.1971718 -0.270258 0.9979993 -0.06305074 0.004701435 0.9996616 -0.02594757 0.001906692 0.999875 -0.01525646 0.004164218 0.9998922 -0.01458561 0.001669526 0.9999675 -0.008069515 2.54718e-4 0.9999759 -0.006862521 -0.001028716 0.9999307 0.01041018 -0.005500614 0.9999607 0.007308125 -0.005035102 0.9999691 0.006101012 -0.004979968 0.9999849 0.003326117 -0.004379987 0.9999899 0.001855134 -0.004124283 0.9999989 4.28272e-4 -0.001451432 0.9997469 -0.02249664 -6.3062e-5 -0.9999989 3.17208e-4 -0.001443624 -0.9999805 -0.00619471 -9.40927e-4 -0.9999765 0.005670666 -0.003870964 -0.999979 0.004884421 -0.004268944 -0.9999879 1.40224e-4 -0.004916608 -0.9999537 0.008216559 -0.005025029 -0.9999264 0.01079988 -0.005529999 -0.9999536 -0.0096336 1.40141e-5 -0.9998711 -0.01602417 0.00101763 -0.9997599 -0.02168208 0.003188252 -0.9990377 -0.04379224 0.002429425 -0.998508 -0.0544672 0.003875732 -0.9978449 -0.0654605 0.00452435 -0.9961122 -0.08798933 0.004307031 -0.9907743 -0.1352276 0.008936822 -0.9851008 -0.1718156 0.007483661 -0.9735291 -0.2278934 0.01748758 -0.9617295 -0.2730046 0.02334499 -0.9323907 -0.3596362 0.0361886 -0.8955871 -0.4417997 0.05231672 -0.8741635 -0.4817652 0.06116139 -0.8508327 -0.5208215 0.06948965 -0.7980324 -0.5958727 0.08988898 -0.667988 -0.7323923 0.1318851 -0.6290239 -0.7642087 0.1425276 -0.5868716 -0.7952322 0.1522744 -0.4937577 -0.853014 0.1690278 -0.325166 -0.9319533 -0.1604064 -0.3846219 -0.9080233 -0.1660114 -0.4917249 -0.8558126 -0.1605972 -0.4576876 -0.8202662 -0.3430532 -0.6186205 -0.7257086 -0.3010909 -0.131541 -0.9859336 -0.1031116 -0.1970916 -0.9722536 -0.1260079 -0.2627224 -0.9538701 -0.1452891 -0.2144491 -0.9408893 -0.2621809 0.1240708 -0.9872938 -0.09928476 0.06011092 -0.9954131 -0.07442724 -0.003402531 -0.9978657 -0.06521213 3.52189e-5 -0.9906056 -0.1367502 0.3178961 -0.9346612 -0.1592187 0.2548844 -0.9560981 -0.1446041 0.1896787 -0.9740296 -0.1236461 0.2062097 -0.9439608 -0.2577126 0.4853098 -0.8591927 -0.162057 0.3774686 -0.9110202 -0.1660113 0.457647 -0.8201714 -0.3433341 0.6622391 -0.7385656 -0.1263337 0.5796156 -0.8016201 -0.1464614 0.533923 -0.831141 -0.1553416 0.6135638 -0.7291426 -0.3031347 0.7957004 -0.5995926 -0.08572924 0.7658007 -0.6360168 -0.09503769 0.7338945 -0.6711223 -0.1048509 0.7597893 -0.6118344 -0.2199524 0.9318708 -0.3610834 -0.03514999 0.8942895 -0.4446765 -0.05009096 0.9045658 -0.413162 -0.1051574 0.9904587 -0.137459 -0.00983709 0.9833113 -0.1814358 -0.01341634 0.9735577 -0.2278198 -0.01683837 0.9844442 -0.1736463 -0.02677386 0.9616815 -0.2732638 -0.02226513 0.9990679 -0.04307067 -0.002918004 0.9979069 -0.06455093 -0.003878891 0.9961751 -0.08721166 -0.005443453 0.9964786 -0.08306854 -0.01140177 0.9997764 -0.02038425 -0.005624413 0.999827 -0.01848846 -0.002060294 0.9998971 -0.01432543 -9.24284e-4 0.9996232 -0.02741241 -0.001510858 0.9999529 -0.009708583 -2.009e-4 0.9999017 -0.01403123 1.21279e-4 0.9999729 -0.007302224 9.15631e-4 0.9999886 0.00476551 5.2185e-4 0.9999997 -7.10089e-4 -4.2065e-4 0.9999405 0.01027435 0.003678262 0.9998829 -0.01495814 -0.003231167 0.9997361 -0.0225566 -0.004379451 0.999208 -0.03935164 -0.005895793 -0.7664539 -0.6048188 -0.2162009 -0.666198 -0.7351554 -0.1254065 -0.6271819 -0.7670153 -0.1353902 -0.5847927 -0.7979857 -0.1457266 -0.8650122 -0.4817886 -0.1401206 -0.7971639 -0.5977322 -0.08512401 -0.9381772 -0.3381975 -0.07379812 -0.8949327 -0.4433988 -0.04992854 -0.8738628 -0.4828355 -0.05686688 -0.8498752 -0.5226269 -0.06762641 -0.9913797 -0.1298149 -0.01773291 -0.9616748 -0.2733119 -0.02196013 -0.9304731 -0.3644174 -0.03768044 -0.9963914 -0.08421546 -0.01058763 -0.9907138 -0.1356775 -0.008822858 -0.984961 -0.172623 -0.007290482 -0.9730134 -0.2300685 -0.0177055 -0.9986909 -0.05066955 -0.007019698 -0.9978375 -0.06558543 -0.00435692 -0.9963059 -0.08581393 -0.003268778 -0.99852 -0.05427086 -0.003549158 -0.9991557 -0.04059803 -0.006309509 -0.99902 -0.04421508 -0.00203973 -0.9997286 -0.02291625 -0.004216909 -0.9996316 -0.0270341 -0.002431333 -0.9999531 -0.009358882 -0.002490103 -0.9998831 -0.01523572 -0.001291275 -0.9999989 -0.001417458 -4.87691e-4 -0.9999481 -0.01018869 -2.31134e-4 -0.9999805 -0.006176114 9.74464e-4 -0.9996408 -0.02680414 7.85988e-7 -0.9999251 -0.01224172 1.72734e-5 -0.9997363 -0.02296674 9.86329e-7 -0.9999532 -0.00968188 -1.39116e-7 -0.9999825 -0.005928218 4.32192e-7 -0.9999986 -0.001700282 -3.84214e-7 -0.9998201 -0.01897168 0 -0.9998634 -0.01652967 0 -0.99982 -0.01897215 0 -0.9997904 -0.02047252 0 -0.9999473 -0.01028001 0 -0.9999825 -0.005923986 0 -0.9999986 -0.001688838 1.79678e-7 -1 -1.70701e-5 -1.63843e-6 -0.9999914 -0.004146099 -5.16395e-5 -0.9999912 -0.004188239 -3.39691e-5 -0.9999913 -0.004188239 -3.26447e-5 -0.9999842 0.005644738 -4.83724e-5 -0.9999846 0.005563914 -2.8267e-5 -0.9999844 0.005605697 -3.91984e-5 -1 0 -1.63628e-6 -0.9999809 0.006201088 -2.05501e-5 -0.9999808 0.006201446 -3.99463e-5 -0.9999809 0.006201386 -6.80422e-5 -0.9999809 -0.006183981 4.44707e-7 -0.9999806 -0.006231904 3.26661e-7 -0.9999806 -0.006231904 0 -0.9998376 0.01802384 -9.69972e-7 -0.9998437 0.01768833 6.23055e-7 -0.9998411 0.0178321 -3.68338e-7 1 -3.03294e-6 -1.63633e-6 1 0 -1.63371e-6 1 -4.37451e-5 1.43168e-5 1 -4.27354e-5 1.39116e-5 1 -4.35105e-5 1.41804e-5 1 -1.17455e-5 -2.68559e-6 1 -1.86313e-5 -4.34258e-6 1 -1.43928e-5 -3.24112e-6 1 7.58733e-5 1.4554e-5 1 7.6132e-5 1.47389e-5 1 1.04026e-4 1.92553e-5 0.9999952 0.00310862 2.82051e-6 0.9999953 0.003095746 7.35745e-6 0.9999952 0.003103315 4.9253e-6 0.9998316 -0.01835936 1.23633e-6 0.9998385 -0.01797592 6.07688e-7 0.999835 -0.01816761 9.33651e-7 1 7.62419e-7 0 0.9999985 -0.001735746 -1.58917e-6 0.9999833 -0.005794525 -3.81173e-7 0.9999527 -0.009733915 -1.39058e-7 0.9998087 -0.01955878 -1.88384e-7 0.9996441 -0.02667677 0 0.9997017 -0.02442294 0 0.9996442 -0.02667635 0 0.9999985 -0.001738071 6.41826e-6 0.9999825 -0.005911111 1.03483e-5 0.9999477 -0.01023668 -2.09315e-7 0.9997912 -0.02043908 5.08502e-7 0.9997019 -0.02441507 0 0.9996417 -0.02676689 0 0.9996417 -0.02676784 0 0.987168 -0.1374918 -0.08121258 0.9999144 0.009390711 0.009113252 0.9877456 -0.1102337 -0.1104866 0.9871596 -0.08093106 -0.1377177 0.9096664 -0.2103603 -0.3581283 0.8969863 -0.1188274 -0.4257883 0.8194347 -0.1639825 -0.5492145 0.9089737 -0.09567892 -0.4057245 0.9850976 -0.04628729 -0.1656513 0.9684085 -0.04007989 -0.2461275 0.9942377 -0.008122026 -0.1068905 0.9999273 -7.8145e-4 -0.01203441 0.9997586 -0.001422464 -0.02192902 0.999898 0.006695032 0.01262366 0.9998977 0.0066998 0.0126391 1 1.4843e-4 1.26213e-5 0.9992555 -0.002074897 -0.03852593 0.9981524 -0.001939654 -0.06073093 0.7533571 -0.3347589 -0.5660297 0.6929946 -0.2328728 -0.6822967 0.640401 -0.395019 -0.6586704 0.5136314 -0.2681901 -0.8150196 0.5006231 -0.4552911 -0.7362653 0.4759269 -0.2761213 -0.8350154 0.3164494 -0.3466075 -0.8830194 0.2633396 -0.1729385 -0.9490757 0.1283985 -0.4278917 -0.8946633 0.1197137 -0.2679775 -0.9559585 -0.08108067 -0.4407683 -0.8939515 -0.0759918 -0.2869225 -0.954935 -0.2756071 -0.3659206 -0.8888998 -0.2518317 -0.1778728 -0.9512844 -0.2632002 -0.1729686 -0.9491088 -0.07156765 -0.1737383 -0.9821879 -9.59262e-6 -0.05942952 -0.9982326 0.1130632 -0.1604231 -0.9805514 -0.441394 -0.290094 -0.8491272 -0.5144652 -0.26828 -0.8144639 -0.4641723 -0.4693725 -0.7511549 -0.610566 -0.4088643 -0.6782619 -0.4716393 -0.6223522 -0.6246873 -0.6192923 -0.5544033 -0.5559803 -0.4644954 -0.7493606 -0.4719141 -0.6107116 -0.6770268 -0.41069 -0.8238741 -0.487977 -0.2882881 -0.9481285 -0.2738448 -0.1614356 -0.9403219 -0.327651 -0.09186756 -0.9882885 -0.131385 -0.07761377 -0.9864115 -0.1581377 -0.04455339 -0.693834 -0.2325415 -0.6815562 -0.8238012 -0.2875738 -0.4885211 -0.8301485 -0.3939118 -0.3945717 -0.8202387 -0.1634137 -0.548183 -0.9480962 -0.1610692 -0.2741723 -0.9503555 -0.2198607 -0.2201946 -0.9096662 -0.09511131 -0.4043036 -0.9402536 -0.0914188 -0.3279723 -0.986388 -0.04426419 -0.1583652 -0.9690157 -0.03947925 -0.2438237 -0.9945322 -0.006344497 -0.1042381 -0.9983333 -0.001859247 -0.05768322 -0.9993459 -0.00200361 -0.03611034 -0.9998006 -0.001595854 -0.01990604 -0.9999358 -6.96394e-4 -0.01131731 -0.9999999 2.87377e-4 4.65043e-4 -0.9882714 -0.07737386 -0.1316553 -0.9998978 0.006691157 0.0126357 -0.9999107 0.008569955 0.01026743 -0.9888173 -0.1053268 -0.1055774 -0.9999168 0.01013296 0.007983863 -0.9999139 0.01177072 0.005808353 -0.999914 0.01176899 0.005799472 -0.2760601 -0.8868443 -0.3705374 -0.08126711 -0.8906374 -0.4473933 -0.07604181 -0.9526263 -0.2944841 0.1199792 -0.9540275 -0.2746574 -0.07340413 -0.9715753 -0.2250626 0.1285931 -0.8918332 -0.4337021 -0.0844261 -0.8061321 -0.5856819 -0.2886101 -0.7937213 -0.5354538 -0.2927901 -0.6744429 -0.6777911 0.3167638 -0.8813198 -0.3506225 0.3319112 -0.7863634 -0.5210257 0.5008624 -0.7346801 -0.457583 0.3368107 -0.664364 -0.6672173 0.5086406 -0.6078278 -0.6097788 0.3318627 -0.5174306 -0.788754 0.6405707 -0.6576507 -0.3964403 0.6491634 -0.5372828 -0.5384368 0.7534599 -0.565297 -0.3357642 0.9097092 -0.357765 -0.2107926 0.8963552 -0.4268583 -0.1197478 0.9851214 -0.1654219 -0.04660016 0.9133996 -0.2876318 -0.2880437 0.7611262 -0.4582149 -0.4590492 0.1336554 -0.8057978 -0.576911 0.1352136 -0.6984013 -0.7028177 0.1333906 -0.5717017 -0.8095457 -0.08536726 -0.7018528 -0.7071883 -0.2885123 -0.5313883 -0.7964842 -0.08428251 -0.5796878 -0.8104681 -1 -5.34972e-5 2.54481e-5 -1 0 6.30923e-7 -1 0 2.07232e-6 6.68908e-7 1.94237e-5 -1 -0.2284763 1.8077e-6 -0.9735496 -0.3090164 -7.05756e-6 -0.9510567 -0.4421533 5.21913e-6 -0.8969396 -0.5877826 3.63961e-6 -0.809019 -0.6260801 6.61239e-7 -0.7797588 -0.7757446 -1.31316e-6 -0.6310471 -0.809019 2.64998e-5 -0.5877825 -0.8890172 1.3439e-6 -0.4578738 -0.951057 -2.11047e-5 -0.3090158 -0.9637668 -1.0645e-6 -0.2667465 -1 -4.5253e-6 -1.1165e-6 -0.9998934 -1.64524e-7 -0.01460736 -0.9510563 6.7018e-6 0.3090175 -0.8090181 1.39065e-5 0.5877838 -0.8878984 -2.83122e-7 0.4600397 -0.9629289 -6.08154e-7 0.2697554 -0.5877885 -6.52112e-6 0.8090147 -0.6250987 1.08592e-6 0.7805458 -0.7745585 -9.574e-7 0.6325023 -0.4416055 2.83681e-6 0.8972094 -0.3090152 1.78926e-5 0.9510571 -0.2284787 9.64059e-6 0.973549 1.89427e-6 7.02403e-6 1 -2.32756e-5 0 1 -0.9998934 0 0.01460635 -0.999733 4.08426e-7 0.02311098 -0.9998837 4.16592e-7 0.01525795 -0.9997383 3.81144e-7 0.02287817 -0.9997426 -1.87162e-7 0.02268981 -0.9997317 3.66028e-7 0.0231691 -0.9997383 -0.002256095 0.02276599 -0.9997324 -0.002239763 0.0230298 -0.9997369 -0.002244949 0.02282881 -0.9997314 0.001511514 0.02312588 -0.9997271 0.001465141 0.02331584 -0.999728 0.00148952 0.02327841 -0.9997413 0 0.02274519 -0.9997403 0 0.02279162 -0.9997414 0 0.02274447 -0.999884 0 -0.01523762 -0.9997329 -3.82744e-7 -0.02311062 -0.9997328 9.70715e-7 -0.02311795 -0.9998844 5.49247e-7 -0.01520961 -0.9997383 9.7107e-7 -0.02287828 -0.9997317 0 -0.0231691 -0.9997426 0 -0.02268987 -0.9997148 -0.001756072 -0.02381688 -0.9997205 -0.001751303 -0.0235778 -0.999719 -0.001735925 -0.02364295 -0.9997256 0 -0.02342712 -0.9997289 0 -0.02328348 -0.9997289 0 -0.02328342 -0.9997399 1.74443e-6 -0.02280825 -0.9997398 -9.44799e-6 -0.02281194 -0.9997388 2.13645e-6 -0.02285844 0.2284815 4.16767e-6 0.9735483 0.304784 3.75323e-6 0.9524215 0.4128762 -4.37442e-6 0.9107872 0.580562 1.93026e-5 0.8142161 0.6045108 -2.12714e-6 0.7965971 0.7610487 1.96509e-7 0.6486948 0.8011059 2.17352e-5 0.5985227 0.880124 -3.47383e-7 0.4747441 0.9454098 2.76538e-5 0.3258839 0.9595636 -3.33786e-6 0.2814921 0.9997527 -1.36206e-7 0.02224218 0.9996572 1.54937e-7 0.02618497 0.9997535 0 0.02220726 0.9997535 0 0.02220726 0.9997525 -2.6327e-7 0.02224975 0.9998936 2.08442e-7 0.01459604 0.9999727 -1.51789e-5 0.007399082 0.9999727 -1.45194e-5 -0.007399559 0.9998928 0 -0.01464658 0.9998849 1.96858e-7 -0.01517635 0.9997333 0 -0.02309483 0.9997385 8.14325e-7 -0.02286809 0.9997398 0 -0.02281337 0.9997321 0 -0.02314883 0.9997343 0 -0.02305299 0.9996977 -0.004543423 -0.02416497 0.9996916 -0.004543781 -0.0244168 0.9996964 -0.004543721 -0.02421802 0.9997503 0.001091361 -0.02231919 0.9997463 0.001086056 -0.02249634 0.9997474 0.001078307 -0.02245253 0.9997456 0.001997113 -0.02246773 0.9997444 0.001985251 -0.02252358 0.9997445 0.001976191 -0.0225169 0.9997527 -1.36268e-7 -0.02223879 0.9996858 0 -0.02506822 0.9997537 0 -0.02219277 0.9997537 -1.22499e-7 -0.02219277 0.9997535 -8.00457e-7 -0.02220386 0.9997527 1.28336e-6 -0.02224034 0.9630503 1.64658e-6 -0.2693217 0.9454128 -1.18511e-5 -0.3258752 0.888042 -1.43703e-6 -0.4597624 0.8011065 -1.0075e-5 -0.598522 0.7747141 -1.35973e-7 -0.6323117 0.6251846 2.27615e-6 -0.7804769 0.5805714 -9.49949e-7 -0.8142094 0.441634 -1.93529e-6 -0.8971954 0.3047863 2.89269e-6 -0.9524207 0.2284868 2.44933e-5 -0.9735471 0.9998836 -3.64802e-7 0.01525819 0.9997332 -5.07454e-7 0.02309823 0.999733 3.13827e-7 0.0231077 0.9998838 -3.13041e-7 0.01524728 0.9997385 1.93223e-7 0.02286803 0.9997299 0 0.02324414 0.9997321 0 0.02314829 0.9997299 0 0.02324414 0.9996911 -0.002830564 0.02469646 0.9996976 -0.00283885 0.02442961 0.9996962 -0.002836346 0.02448594 0.9997321 -0.001410067 0.02310395 0.9997366 -0.001411497 0.02291065 0.9997331 -0.001424014 0.02305978 0.9997457 0.001993417 0.02246111 0.9997447 0.001977145 0.0225116 0.9997446 0.001984953 0.02251684 2.82865e-7 0 -1 0 -0.9999998 -6.71137e-4 0 -0.9999998 -6.71137e-4 0 -0.9999998 -6.71137e-4 0 -0.9999998 5.7526e-4 0 -0.9999998 5.7526e-4 0 -0.9999998 5.7526e-4 0 -0.9999999 -5.7526e-4 0 -0.9999999 -5.7526e-4 0 -0.9999999 -5.7526e-4 0 -0.9999998 -5.7526e-4 0 -0.9999998 -5.7526e-4 0 -0.9999998 -5.7526e-4 0 -1 3.37913e-4 0 -1 3.37963e-4 0 -1 3.37902e-4 0 -1 2.27211e-5 1.07197e-4 -0.7070975 -0.7071161 5.29994e-6 -0.7071095 -0.7071042 -0.2185128 -0.7070947 -0.6725097 -0.2185118 -0.7070911 -0.6725138 -0.4156409 -0.7071173 -0.5720382 -0.4156393 -0.7071154 -0.5720418 -0.5720626 -0.7071121 -0.4156164 -0.5720622 -0.7071111 -0.4156184 -0.6725047 -0.7071064 -0.2184904 -0.6725046 -0.7071065 -0.2184904 -0.7071043 -0.7071093 -8.47308e-7 -0.7071042 -0.7071094 -8.69356e-7 -0.6725052 -0.7071104 0.2184758 -0.6725051 -0.7071104 0.2184759 -0.5720644 -0.7071155 0.4156081 -0.5720641 -0.7071155 0.4156084 -0.415643 -0.7071321 0.5720186 -0.4156427 -0.7071315 0.5720195 -0.2185084 -0.7071371 0.6724666 -0.2185077 -0.707134 0.6724702 1.20045e-4 -0.7070016 0.707212 6.00479e-5 -0.707005 0.7072085 0.7069417 -0.7071107 -0.01509624 0.6686653 -0.7071129 -0.2299525 0.7069342 -0.7071035 -0.01577168 0.7069308 -0.7071066 -0.01578652 0.6686843 -0.7070959 -0.2299494 0.7069383 -0.7071009 -0.0157051 0.6684761 -0.7070976 -0.2305489 0.5666913 -0.7070994 -0.4229318 0.5664878 -0.7070994 -0.4232046 0.4107975 -0.7071312 -0.5755094 0.4105293 -0.7071298 -0.5757024 0.215656 -0.707174 -0.673348 0.2155411 -0.7071718 -0.673387 0.215548 -0.707156 0.6734015 0.2156596 -0.7071577 0.673364 0.4105306 -0.7071081 0.5757282 0.4107577 -0.7071098 0.575564 0.5664767 -0.7071087 0.4232038 0.5667103 -0.7071101 0.4228887 0.6684821 -0.7070955 0.230538 0.6686514 -0.7070962 0.2300445 0.7069447 -0.707094 0.01572948 0.7069383 -0.7071012 0.01569038 0.6686597 -0.707107 0.2299869 0.7069278 -0.7071099 0.01577192 0.7069412 -0.7071113 0.01509612 -3.97861e-6 0 -1 -3.93391e-6 -3.78117e-6 -1 0.3090406 0 -0.9510489 0.3090542 3.89852e-6 -0.9510444 -6.59376e-6 5.52088e-6 -1 0.310137 4.43516e-5 -0.9506919 0.5877825 -5.18452e-5 -0.8090191 0.5885166 3.53132e-5 -0.8084852 0.8090195 -3.62787e-5 -0.587782 0.8093761 2.15148e-5 -0.5872908 0.9510592 -2.05008e-5 -0.309009 0.951151 6.52856e-6 -0.3087263 1 -1.29876e-5 0 1 0 1.90167e-6 0.9511513 7.52885e-6 0.3087253 0.9510591 -2.00709e-5 0.3090093 0.8093776 2.24683e-5 0.5872887 0.8090187 -3.61538e-5 0.5877829 0.5885166 3.57977e-5 0.8084852 0.5877655 -4.16954e-5 0.8090314 0.3101275 -2.12155e-6 0.950695 0.5878023 9.13162e-6 0.8090047 0.3101435 7.90507e-6 0.9506897 0.3090013 -2.84046e-5 0.9510616 -2.01911e-5 -2.00897e-6 1 3.15607e-5 0 1 0 -1 -1.50299e-5 0 -1 4.58408e-5 0 -0.9999998 -6.87796e-4 0 -0.9999999 6.38756e-4 0 -0.9999999 6.38767e-4 0 -0.9999999 6.38754e-4 0 -1 4.39331e-4 0 -1 -3.70677e-4 0 -0.9999999 -6.38755e-4 0 -0.9999999 -6.38753e-4 0 -0.9999999 -6.38766e-4 0 -0.9999997 7.86047e-4 0 -1 -4.58394e-5 0 -1 7.51493e-6 0 -1 -2.87852e-5 0 -1 -2.94272e-5 0 -1 5.88159e-5 0 -1 -5.82145e-5 0 -1 5.94878e-5 0 -1 -1.50487e-5 0 -1 -5.6813e-5 0 -1 3.76217e-5 0 -1 2.25731e-5 0 -1 -7.52434e-6 0 -1 -7.10164e-6 0 -1 7.10164e-6 0 -1 -6.01946e-5 0 -1 5.6813e-5 0 -1 -4.4616e-5 0 -1 5.82147e-5 0 -1 -4.41118e-5 0 -1 2.94272e-5 0 -1 -2.18165e-5 0 -1 2.15889e-5 0 0 1 6.91531e-7 0 1 0.309121 0 0.9510228 0.3091198 0 0.9510231 0.5877498 0 0.8090428 0.5874572 1.76109e-7 0.8092554 0.8090587 0 0.587728 0.8090593 0 0.5877272 0.9510583 0 0.3090117 0.9510582 0 0.309012 1 0 -2.44917e-7 1 0 0 0.9510583 0 -0.3090118 0.9510581 0 -0.3090122 0.8090079 0 -0.5877979 0.8090085 0 -0.5877971 0.5879091 0 -0.808927 0.5879088 0 -0.8089272 0.3089793 0 -0.9510688 0.3089782 0 -0.9510691 3.8313e-5 0 -1 3.87596e-5 0 -1 -0.3090847 0 -0.9510346 -0.3090831 0 -0.951035 -0.5877496 0 -0.8090429 -0.5877493 0 -0.8090432 -0.8090584 0 -0.5877283 -0.8090594 0 -0.587727 -0.9510487 0 -0.3090413 -0.9510489 0 -0.3090404 -1 0 3.01586e-5 -1 0 3.00289e-5 -0.9510581 0 0.3090123 -0.9510583 0 0.3090117 -0.8090078 0 0.5877981 -0.8090085 0 0.5877971 -0.5879091 0 0.8089272 -0.5879088 0 0.8089274 -0.3089793 0 0.9510688 -0.3089778 0 0.9510694 0 1 -2.07794e-5 0 1 0 0 1 -2.77059e-5 0 1 2.77059e-5 0 1 -4.15588e-5 0 1 -2.77059e-5 0 1 -1.38529e-5 0 1 5.37685e-6 0 1 -5.37686e-6 0 1 6.92648e-6 0 1 1.03897e-5 0 1 -6.92646e-6 0 1 1.3853e-5 0 1 2.77059e-5 0 1 -4.30148e-5 0 1 2.77059e-5 0 1 2.77058e-5 0 1 -2.15074e-5 0 1 -5.37684e-6 0 1 -3.46323e-6 0 1 -1.03897e-5 -0.4999996 0 -0.8660257 -0.5000001 0 -0.8660255 -0.2079115 0 -0.9781477 -0.2079119 0 -0.9781476 0.1045288 0 -0.994522 0.1045283 0 -0.9945219 0.4067371 0 -0.9135454 0.4067367 0 -0.9135454 0.6691309 0 -0.7431447 0.6691307 0 -0.7431448 0.8660256 0 -0.5 0.8660254 0 -0.5000001 0.9781477 0 -0.2079116 0.9781476 0 -0.2079117 0.994522 0 0.1045287 0.994522 0 0.1045285 0.9135454 0 0.406737 0.9135453 0 0.406737 0.7431449 0 0.6691306 0.7431448 0 0.6691307 0.4999999 0 0.8660256 0.4999999 0 0.8660255 0.2079117 0 0.9781476 0.2079115 0 0.9781477 -0.1045286 0 0.9945219 -0.1045284 0 0.9945219 -0.4067372 0 0.9135453 -0.4067367 0 0.9135454 -0.6691307 0 0.7431448 -0.6691307 0 0.7431448 -0.8660255 0 0.4999998 -0.8660255 0 0.5 -0.9781478 0 0.2079113 -0.9781477 0 0.2079115 -0.994522 0 -0.1045287 -0.9945219 0 -0.1045284 -0.9135454 0 -0.4067367 -0.9135456 0 -0.4067366 -0.7431446 0 -0.6691309 -0.7431448 0 -0.6691308 0 -1 -3.46324e-6 0 -1 3.46323e-6 0 -1 6.72106e-7 0 -1 -4.32903e-7 0 -1 -1.73161e-6 0 -1 -1.73162e-6 0 -1 -3.46324e-6 0 -1 5.37686e-6 0 -1 -3.46324e-6 0 -1 2.68843e-6 0 -1 -6.72108e-7 0 -1 8.65808e-7 0 -1 4.32905e-7 0 -1 1.73162e-6 0 -1 -2.68843e-6 0 -1 1.73162e-6 0 -1 2.68842e-6 0 -1 3.46323e-6 0 -1 -3.46324e-6 0 -1 -5.37685e-6 -0.203927 -0.0219962 -0.978739 -0.1945405 0.04910224 -0.9796648 -0.3032273 2.0206e-5 -0.9529184 -0.4040491 0.08001524 -0.911231 -0.5828788 0.06594771 -0.8098785 -0.5935765 0.1079524 -0.7975044 -0.7540128 0.1228318 -0.6452729 -0.7555411 0.1524865 -0.6371073 -0.8795273 0.1447355 -0.4533028 -0.8815443 0.1662881 -0.4418462 -0.9617978 0.1389709 -0.2358644 -0.9628815 0.1519204 -0.2231136 -0.9941666 0.1075888 -0.007589578 -0.9934446 0.1134436 0.01408439 -0.974473 0.04547584 0.2198508 -0.9735807 0.02705788 0.2267349 -0.9112021 -0.06045395 0.4074997 -0.9146525 -0.1060722 0.3900764 -0.8292151 -0.1976834 0.5228037 -0.8373621 -0.2683991 0.4762211 -0.7256067 -0.3706206 0.5797717 -0.7335516 -0.4614179 0.4989948 -0.5926195 -0.5674447 0.5716717 -0.5936364 -0.6632683 0.4557094 -0.4212856 -0.7587403 0.4968215 -0.4143783 -0.8375645 0.3560565 -0.2162849 -0.9030886 0.3710149 -0.2089573 -0.9511543 0.2272499 -6.10761e-6 -0.9265602 0.3761468 6.88853e-6 -0.9867144 0.1624643 -0.2013869 -0.974072 0.1030883 6.8252e-6 -0.9999996 -9.33307e-4 -0.3089686 -0.9510695 0.002303361 -0.392214 -0.9137929 0.1055984 -0.5876948 -0.808788 0.02183985 -0.5654451 -0.8176348 0.1083763 -0.7150784 -0.6902418 0.1105853 -0.7245033 -0.6592273 0.2012818 -0.8420938 -0.5067024 0.1847453 -0.8463741 -0.4629873 0.2632368 -0.9282667 -0.3002706 0.2194507 -0.9271619 -0.2564057 0.2731795 -0.9789443 -0.07879668 0.1883063 -0.9769392 -0.04986637 0.2076135 -0.9901892 0.1098234 0.08639532 -0.9906973 0.1153329 0.07223051 -0.9652799 0.2481834 -0.08148437 -0.9661956 0.2273786 -0.1215119 -0.897351 0.3267096 -0.2966854 -0.8940521 0.2810533 -0.3488264 -0.7785122 0.3437051 -0.525153 -0.7699581 0.2784922 -0.5741139 -0.6121034 0.307788 -0.7284203 -0.6018429 0.2279017 -0.7654058 -0.4121032 0.2309624 -0.8813782 -0.4083114 0.1825643 -0.8944004 -0.1976134 0.1745204 -0.9646199 -0.1955761 0.1147874 -0.9739477 -4.11176e-6 0.1719731 -0.9851017 6.05409e-6 -0.04347807 -0.9990544 -0.1024308 -0.0378744 -0.9940189 -0.2003144 0.2294514 -0.9524843 2.28127e-6 0.3305823 -0.9437772 -0.20647 0.3288709 -0.9215282 -0.2123345 0.4195694 -0.8825393 -0.4318103 0.4110308 -0.8028659 -0.4399831 0.4970658 -0.7478907 -0.6318418 0.46633 -0.6191222 -0.6376384 0.5440762 -0.5453425 -0.7891853 0.4711335 -0.3939796 -0.7887721 0.5290436 -0.312972 -0.8964559 0.4076578 -0.1737299 -0.892202 0.4388504 -0.1067056 -0.961004 0.2765328 -9.79366e-4 -0.9585976 0.282449 0.0362392 -0.9905333 0.09033584 0.1033604 -0.991356 0.07736694 0.1059612 -0.98168 -0.1320524 0.1373561 -0.9820845 -0.1534805 0.1093331 -0.9247986 -0.363772 0.1114339 -0.9487451 -0.3082274 0.06984859 -0.8081904 -0.587254 0.04428732 -0.2169529 0.5064183 -0.834549 3.23635e-7 0.5930182 -0.8051891 -0.2197708 0.5928919 -0.7747128 -0.2204888 0.6809454 -0.6983538 -0.4471074 0.6679008 -0.594982 -0.4445554 0.7502476 -0.4893864 -0.634945 0.6868033 -0.3537601 -0.6258534 0.7433753 -0.2360102 -0.7753177 0.6184036 -0.1282949 -0.7647631 0.6435481 -0.03135716 -0.8802313 0.4738669 0.025357 -0.8755391 0.4756584 0.08473795 -0.9561143 0.2762906 0.09751415 -0.9438229 0.3066312 0.1231897 -0.9924566 0.06328022 0.1050034 -0.9953048 2.19033e-6 0.09679096 -3.10928e-6 0.7257034 -0.6880078 -0.2190114 0.7702791 -0.5989191 -0.4374636 0.824201 -0.3596087 -0.6129741 0.782724 -0.1077308 -0.7549627 0.6527873 0.06245028 -0.8004954 0.5816673 0.1444657 -2.71993e-6 0.8609755 -0.5086465 -0.2151611 0.8566361 -0.4689139 -0.4263635 0.8808372 -0.205767 -0.5993195 0.800144 0.02420794 -0.5811097 0.7997212 0.1508569 -0.2091048 0.9299543 -0.3024239 -1.20723e-6 0.9708162 -0.2398248 -0.2013709 0.9742342 -0.1015748 -4.10603e-6 0.9973598 -0.07261848 -2.15732e-6 0.9944017 0.1056663 -0.3063676 0.9429763 0.1301329 -0.4130578 0.9100432 -0.03471124 -0.8362138 -0.5369075 0.1116996 -0.9271681 -0.3366433 0.1644099 -0.9806098 -0.1067823 0.1643229 -0.9901236 0.1013744 0.09684354 -0.9634197 0.2648811 -0.04074972 -0.8982582 0.3695846 -0.2377805 -0.7854301 0.4085392 -0.4649682 -0.622793 0.387332 -0.6797816 -0.4220594 0.3228893 -0.8471177 -0.2213418 -0.8224889 0.5239465 -1.94558e-5 -0.7918854 0.6106697 -0.2222203 -0.7095762 0.6686702 -2.15117e-5 -0.5927996 0.8053501 -0.2186037 -0.5758067 0.7878192 -0.2120386 -0.4388447 0.8731867 -0.4044585 -0.4034546 0.8207545 -0.3931576 -0.2880415 0.8731892 -0.5605596 -0.2481134 0.7900715 -0.5514869 -0.1608456 0.8185297 -0.6972713 -0.1223438 0.7062895 -0.695121 -0.06149911 0.7162575 -0.8180534 -0.02751195 0.5744839 -0.8198279 -0.007208287 0.5725647 -0.9134365 0.02533406 0.4061921 -0.9158917 0.03726971 0.3996918 -0.9792547 0.06912642 0.190478 -0.9808531 0.0724672 0.180764 -0.994648 0.09563696 -0.039101 -0.9961333 0.08785545 -2.09501e-6 -0.9455115 0.1033315 -0.3087567 8.2273e-6 -0.3847481 0.9230217 -0.2048472 -0.3134399 0.9272503 -0.3841875 -0.1893154 0.9036369 -0.5473439 -0.08880263 0.8321832 -0.6958555 -0.03588771 0.7172847 -0.8223899 0.01057976 0.5688261 -0.9189065 0.04759311 0.3915941 -0.9491786 0.06297904 0.3083727 -3.51062e-6 -0.212897 0.9770748 -0.1988561 -0.2069278 0.9579338 -0.3791862 -0.1085939 0.9189262 -0.5474027 -0.058187 0.8348441 -0.6984983 -0.01251721 0.7155023 -0.8261791 0.02634358 0.5627914 -0.8084326 0.03689724 0.5874312 -0.1950809 -0.1204314 0.9733652 -1.04874e-5 -0.08724671 0.9961868 -0.1941611 -0.08409047 0.9773588 -0.1938099 -0.05200284 0.9796599 -0.3787814 -0.04421424 0.9244295 -0.3801693 -0.01764124 0.9247487 -0.5514771 -0.007166981 0.8341593 -0.5877618 0.0159744 0.8088763 -0.702038 0.00770241 0.7120978 -2.13794e-5 1.73773e-5 1 -0.1941488 -0.0236327 0.9806874 -0.3090071 0.001604855 0.9510584 -0.8031976 0.09953933 -0.5873377 -0.8780139 0.1240411 -0.462283 -0.9596651 0.1139067 -0.2570371 -0.9945761 0.09993422 -0.02883714 -0.9777686 0.06481343 0.1994187 -0.9116035 0.01167893 0.4109048 -0.8180112 -0.07515597 0.5702713 -0.704355 -0.1955437 0.6823832 -0.5726926 -0.3492646 0.7416452 -0.4151812 -0.5290467 0.7400907 -0.4052258 0.1324291 -0.9045743 -0.5948259 0.1478675 -0.7901377 -0.5977724 0.1878792 -0.7793391 -0.9607369 0.1262593 -0.2470695 -0.5485451 -0.03143268 0.8355299 -0.7615712 0.2143406 -0.6116106 -0.7581284 0.1830353 -0.625891 -0.8839547 0.1885287 -0.4278796 -0.8892086 0.2344444 -0.3928666 -0.9647892 0.178061 -0.193588 -0.9764559 0.05944561 0.2073646 -0.9944123 0.1039494 -0.01840209 -0.910019 -0.02092248 0.4140383 -0.8221336 -0.1322421 0.5537223 -0.7147219 -0.2797009 0.6410463 -0.5846989 -0.4589064 0.6689785 -0.4215823 -0.6524885 0.6297041 -0.3784127 -0.07448607 0.9226352 -0.9659932 0.2036105 -0.1593739 -0.9925115 0.1169642 0.03521758 -0.9915309 0.117685 0.05492645 -0.9738303 0.004461646 0.2272328 -0.9193624 -0.1559085 0.3611997 -0.8440695 -0.3398068 0.414823 -0.7359907 -0.5436998 0.4033712 -0.58766 -0.7376697 0.3324142 -0.403614 -0.8874741 0.2224534 -0.6388849 0.6186971 -0.4572091 -0.4453876 0.5827291 -0.6797477 -0.7838665 0.5792884 -0.2235583 -0.8863199 0.4613941 -0.0394026 -0.9568093 0.2822981 0.06945455 -0.9240031 -0.2071419 0.3214197 -0.9750798 -0.02156001 0.2208046 -0.8473142 -0.4063317 0.3419846 -0.7323976 -0.610659 0.3011469 -0.5770717 -0.7881818 0.2139109 0.3063609 0.9429771 0.1301438 0.1993779 0.9787675 -0.04756802 0.2151729 0.8566319 -0.4689162 0.2053781 0.9568259 -0.2056792 0.3874507 0.9218857 0.002935767 0.5811114 0.7997262 0.1508237 0.5571658 0.8290172 0.04792767 0.7043177 0.7056558 0.07737338 0.5673179 0.8214788 -0.05764603 0.7121524 0.7020247 -6.56175e-4 0.7297694 0.6642365 -0.1619461 0.8417107 0.5344238 -0.07690453 0.8517176 0.485794 -0.1964213 0.929576 0.3584071 -0.08621388 0.9332196 0.3175442 -0.1681278 0.9816971 0.1900308 -0.01262038 0.9832206 0.1729691 -0.05795532 0.9891914 0.07260149 0.127395 0.9908192 0.08332329 0.106465 0.9512076 0.01549303 0.3081625 0.952547 0.03284877 0.3026141 0.8681979 -0.01775699 0.4959005 0.8705958 0.008623003 0.4919235 0.7456869 -0.02560573 0.6658043 0.8084244 0.03690421 0.5874421 0.5877658 0.01600307 0.8088728 0.220054 0.725599 -0.6519834 0.2197818 0.592929 -0.7746813 0.2149035 0.4632077 -0.8597995 0.206475 0.3288543 -0.921533 0.2018225 0.2555094 -0.9455066 0.3917149 0.2547492 -0.8841167 0.3855576 0.1817145 -0.9046134 0.5578124 0.1874191 -0.8085293 0.5828956 0.06596767 -0.8098649 0.7083874 0.1859684 -0.6808841 0.8031961 0.09955596 -0.587337 0.8316853 0.1751631 -0.5268942 0.9228842 0.1553171 -0.3523657 0.8362162 0.2148578 -0.504558 0.9256621 0.1826536 -0.3313419 0.8413193 0.255741 -0.4762126 0.9284408 0.2106797 -0.3059606 0.8506754 0.3385393 -0.4021726 0.9326489 0.2664701 -0.243228 0.8549986 0.4176999 -0.3074152 0.197645 0.1745229 -0.9646131 0.303263 1.30832e-5 -0.952907 0.10243 -0.03779733 -0.9940219 0.2039479 -0.02197867 -0.9787351 0.9455131 0.103309 -0.3087593 0.9823566 0.1241481 -0.1398675 0.983027 0.1372953 -0.1216883 0.9834409 0.1500592 -0.1016182 0.9961335 0.08785343 -6.7892e-6 0.9930711 0.0868268 0.07919019 0.9919209 0.08592927 0.09332317 0.9491728 0.06298834 0.3083887 0.954845 0.04708218 0.2933502 0.3090186 0.001930177 0.9510542 0.40047 -0.07286894 0.9134079 0.5866636 -0.05320739 0.808081 0.7441916 -0.06246167 0.6650394 0.8678541 -0.04877901 0.4944187 0.9515718 -0.02836042 0.3061157 0.988766 0.05449825 0.1391832 0.9795619 0.1988452 0.03031945 0.9233119 0.3840249 -0.004478037 0.8297756 0.5566601 0.04002535 0.8253126 0.5568436 0.09372586 0.8004918 0.5816675 0.1444854 0.1941114 -0.0841695 0.977362 0.1957629 -0.1402679 0.9705678 0.1988554 -0.2069407 0.9579312 0.2083875 -0.3740612 0.9036885 0.420961 -0.3389226 0.8413819 0.4379079 -0.5214548 0.7323397 0.6226688 -0.4383383 0.6481845 0.6323621 -0.5910636 0.5007615 0.7806718 -0.4570024 0.4262632 0.7788359 -0.5573732 0.2876631 0.8914098 -0.3831604 0.2420269 0.8869257 -0.4393258 0.1426736 0.9627416 -0.2371092 0.1300303 0.8836843 -0.4579498 0.09687119 0.9620665 -0.2534383 0.1009812 0.9487435 -0.308236 0.06983262 0.9953038 -3.09374e-7 0.09680145 0.2185947 -0.575784 0.7878383 0.4454407 -0.6986736 0.5598551 0.6266498 -0.7081736 0.3252696 0.7682323 -0.6218447 0.1520799 0.7620962 -0.6409345 0.09171879 0.8081908 -0.5872555 0.04425632 0.2223789 -0.7696012 0.5985496 0.4375106 -0.8267866 0.3535653 0.610904 -0.7757322 0.1582275 0.6026399 -0.7933838 0.08583432 0.587702 -0.8087825 0.02184611 0.2162901 -0.9031051 0.3709712 0.4207035 -0.8927183 0.1614387 0.4123435 -0.9075028 0.08007341 0.2050933 -0.965174 0.1624069 0.1996695 -0.9769463 0.07555162 0.3088338 -0.9511141 0.001926422 0.9438216 0.3066331 0.1231943 0.978174 0.1797001 0.1043246 0.9939084 -0.0374 0.1036692 0.9931586 -0.02475237 0.1141198 0.962554 -0.1937666 0.18959 0.8898993 -0.3043261 0.3398016 0.7709798 -0.3336964 0.5424363 0.60459 -0.283164 0.744506 0.4061924 -0.1863366 0.8945873 0.9162374 0.3875641 0.1015052 0.3971903 0.9082588 -0.1315518 0.414229 0.8300815 -0.3733351 0.4227407 0.7131597 -0.55919 0.4217541 0.5849875 -0.6927577 0.4129377 0.4558187 -0.788487 0.3989902 0.3239447 -0.8578267 0.9176936 0.3911598 0.06951695 0.9776346 0.1878972 0.09447479 0.5872772 0.7655901 -0.2626355 0.7417847 0.5923891 -0.3143736 0.9778888 0.1981126 0.06696999 0.9913514 0.002723872 0.1312065 0.5986192 0.6701982 -0.4387363 0.5982546 0.5557184 -0.5772941 0.5880412 0.4349876 -0.6819043 0.5722939 0.3122458 -0.7582759 0.5644863 0.2501544 -0.7866246 0.9896437 0.03033852 0.1403031 0.9596982 -0.1396979 0.2438525 0.7433481 0.4990476 -0.4454044 0.9551774 -0.0819962 0.2844519 0.8821328 -0.2132198 0.4199751 0.7351056 0.3957512 -0.550455 0.7212932 0.2899425 -0.6290227 0.7142302 0.2374972 -0.6583847 0.872819 -0.1242668 0.4719585 0.7560749 -0.210534 0.6196984 0.7457007 -0.1055688 0.6578645 0.5901286 -0.1520839 0.7928549 0.5868181 -0.09865748 0.8036861 0.4020354 -0.1248589 0.9070711 0 0 1 1.2486e-7 0 1 0.3090156 0 0.951057 0.3090155 0 0.9510571 0.5877857 0 0.8090167 0.5877853 0 0.8090171 0.8090184 0 0.5877834 0.8090182 0 0.5877836 0.9510548 0 0.3090226 0.9510546 0 0.3090229 1 0 -2.35314e-7 1 0 0 0.9510568 0 -0.3090162 0.9510567 0 -0.3090167 0.8090144 0 -0.5877889 0.8090141 0 -0.5877893 0.5877856 0 -0.8090168 0.5877855 0 -0.8090168 0.3090158 0 -0.9510569 0.3090156 0 -0.951057 1.20058e-7 0 -1 0 0 -1 -0.3090158 0 -0.9510569 -0.3090158 0 -0.9510569 -0.5877855 0 -0.8090168 -0.5877856 0 -0.8090168 -0.8090181 0 -0.5877838 -0.8090183 0 -0.5877835 -0.9510546 0 -0.309023 -0.9510548 0 -0.3090227 -1 0 3.79382e-6 -1 0 3.65936e-6 -0.951058 0 0.3090126 -0.951058 0 0.3090125 -0.8090143 0 0.5877891 -0.8090142 0 0.5877892 -0.5877856 0 0.8090168 -0.3090158 0 0.9510569 -0.3090158 0 0.9510569 1 2.1404e-4 4.88888e-5 0.9510565 0 0.3090173 0.9510565 0 0.3090171 0.8090174 0 0.5877848 0.8090175 0 0.5877847 0.587785 0 0.8090173 0.3090167 0 0.9510567 -6.48312e-7 0 1 -0.3090169 0 0.9510567 -0.5877853 0 0.8090171 -0.5877851 0 0.8090171 -0.8090172 0 0.5877852 -0.9510565 0 0.3090172 -0.9510565 0 0.3090172 -1 1.16165e-4 2.00343e-5 -1 0 0 -0.9510719 2.08756e-6 -0.3089699 -0.9505702 -2.33716e-5 -0.3105096 -0.8090192 -9.65229e-7 -0.5877824 -0.8072425 -1.23668e-6 -0.59022 -0.5877566 -3.84083e-6 -0.8090379 -0.5841251 1.16637e-6 -0.8116636 -0.309021 6.7763e-6 -0.9510552 -0.3032524 -6.09923e-6 -0.9529104 -0.2039719 1.20252e-5 -0.9789769 3.0825e-6 -5.46873e-6 -1 -0.1025176 -1.96397e-5 -0.9947312 0.1025195 -1.84327e-5 -0.994731 0.2039718 1.16825e-5 -0.9789768 0.3090188 8.88482e-6 -0.951056 0.3032526 6.13742e-7 -0.9529102 0.5841263 -1.43296e-6 -0.8116628 0.5877994 -1.1134e-6 -0.8090069 0.8072425 -8.34174e-7 -0.59022 0.8090194 -1.1602e-6 -0.587782 0.9505854 -5.51308e-6 -0.3104634 0.9510719 2.22314e-6 -0.3089698 0 1 7.31533e-7 0 1 -1.46307e-6 0 1 3.13514e-6 0 1 -3.13514e-6 0 1 -1.60975e-6 0 1 -2.92613e-6 0 1 -1.95947e-7 0 1 2.35136e-6 0 1 -4.66054e-6 0 1 6.27028e-6 0 1 3.13515e-6 0 1 -3.13514e-6 0 1 -3.91894e-7 1.37308e-7 0 -1 2.61175e-7 0 -1 1.30588e-7 0 -1 2.74617e-7 0 -1 2.28311e-7 0 -1 2.68396e-7 -1.31047e-7 -1 2.25465e-7 2.57193e-7 -1 4.65488e-7 -3.53996e-7 -1 3.62509e-7 6.9476e-7 -1 0 2.92981e-6 -1 2.68396e-7 -1.31047e-7 -1 3.38198e-7 2.57194e-7 -1 3.10327e-7 -3.53998e-7 -1 3.62509e-7 -2.23505e-6 -1 1 -1.20058e-7 1.38933e-7 1 0 1.38933e-7 0.9510565 0.3090173 1.81023e-6 0.9510565 0.3090172 1.8184e-6 0.8090166 0.5877858 1.3076e-7 0.8090167 0.5877858 0 0.5877849 0.8090174 0 0.5877848 0.8090175 0 0.3090169 0.9510567 0 0.3090167 0.9510567 1.3076e-7 -1.68081e-7 1 -1.3076e-7 -1.63279e-7 1 1.30761e-7 -0.309017 0.9510566 -1.3076e-7 -0.3090169 0.9510566 0 -0.5877848 0.8090173 0 -0.587785 0.8090173 0 -0.8090165 0.587786 -8.14283e-7 -0.9510565 0.3090172 0 -0.9510565 0.3090171 0 -0.8090165 0.5877859 -9.45043e-7 -1 0 0 -1 0 0 -1 4.10801e-5 -3.18817e-5 -1 1.16179e-4 0 -0.9510566 -0.3090168 0 -0.9510566 -0.3090168 0 -0.8090173 -0.5877849 -8.22894e-7 -0.8090173 -0.5877849 -7.65077e-7 -0.5877847 -0.8090174 0 -0.5877848 -0.8090174 0 -0.3090161 -0.9510568 0 0 -1 0 0.3090161 -0.9510569 5.8714e-7 0.5877844 -0.8090177 0 0.5877844 -0.8090176 0 0.8090174 -0.5877848 0 0.8090175 -0.5877848 0 0.9510567 -0.3090166 0 0.9510566 -0.3090167 0 1 4.36192e-5 -3.39391e-5 1 1.09219e-4 0 0.9510565 -0.3090174 1.57396e-6 0.9510564 -0.3090175 1.61483e-6 0.8090175 -0.5877848 0 0.5877852 -0.8090172 0 0.5877854 -0.809017 0 0.3090169 -0.9510566 0 0.3090173 -0.9510565 1.3076e-7 4.12999e-7 -1 -1.3076e-7 4.22603e-7 -1 1.3076e-7 -0.3090167 -0.9510566 -1.3076e-7 -0.3090168 -0.9510566 0 -0.5877863 -0.8090163 0 -0.5877862 -0.8090164 0 -0.8090171 -0.587785 -4.72521e-7 -0.8090173 -0.587785 -4.07141e-7 -0.9510565 -0.3090171 0 -0.9510565 -0.3090172 0 -0.01725506 0.9998511 -2.17467e-4 -0.01721745 0.9998519 1.21566e-5 -0.3090242 0.9510542 -1.09011e-6 -0.3221209 0.9466986 2.20456e-6 -0.5877835 0.8090183 9.47155e-7 -0.596121 0.8028947 0 -0.8090174 0.5877849 5.45289e-7 -0.8130529 0.58219 -2.11818e-6 -0.9510559 0.3090189 8.48202e-7 -0.9521133 0.3057454 -3.18629e-7 -0.01689958 0.9998572 -2.58909e-4 8.85129e-6 1 -1.91554e-5 -0.01594406 0.9998729 -2.07266e-5 -0.01429009 0.9998979 -3.34268e-4 -0.01219093 0.9999257 -2.24752e-4 -0.009658694 0.9999535 1.00525e-4 -0.006490468 0.999979 -1.8439e-5 -0.003248751 0.9999948 -8.4117e-5 -0.003391087 0.9999943 0 1.25116e-5 1 0 1.25115e-5 1 0 -1.25213e-5 1 0 -1.25212e-5 1 0 0.003391087 0.9999943 0 0.003248751 0.9999948 -7.79741e-5 -2.50549e-5 1 -6.85506e-5 0.006614685 0.9999781 -6.99681e-5 0.006600975 0.9999783 1.24453e-4 -7.41785e-6 1 8.0727e-6 0.009618818 0.9999538 8.4257e-5 0.01219099 0.9999257 -2.2125e-4 0.01426661 0.9998983 -9.35558e-5 0.01591938 0.9998726 -0.001175463 0.01690232 0.9998571 -2.53398e-4 0.3090228 0.9510548 -8.01683e-6 0.01721233 0.9998518 -4.66801e-4 0.01723313 0.9998516 4.66406e-6 0.3090152 0.9510571 8.22829e-6 0.01721745 0.9998518 1.19703e-5 0.322121 0.9466986 3.10957e-6 0.5877841 0.8090178 2.36067e-6 0.5961211 0.8028947 5.67525e-7 0.8090172 0.5877852 1.56532e-6 0.8130529 0.5821899 -1.20723e-7 0.9510458 0.3090502 4.1752e-5 0.9521135 0.305745 1.57618e-6 4.25676e-7 0 -1 5.67567e-7 0 -1 1.13513e-6 0 -1 5.98526e-7 -1.38716e-7 -1 5.67569e-7 0 -1 4.96623e-7 0 -1 -1.13514e-6 0 -1 -2.32292e-6 0 -1 -1.19247e-6 0 -1 3.84903e-6 0 -1 -8.31914e-7 0 -1 1.66382e-6 2.07978e-7 -1 -5.96236e-7 2.51344e-7 -1 1.77187e-6 0 -1 2.04745e-6 0 -1 1.44833e-6 0 -1 0 1 -3.38655e-4 0 1 -3.38655e-4 0 1 -3.38654e-4 0 1 -1.79855e-5 0 1 -3.14423e-4 0 1 -3.14425e-4 0 1 -3.14428e-4 0 0.9999998 5.96576e-4 0 0.9999998 5.96577e-4 0 0.9999998 5.96569e-4 0 1 1.46677e-5 0 1 -1.14226e-5 0 1 -3.57292e-4 0 1 -3.57295e-4 0 1 -3.573e-4 -1 2.34013e-6 -6.71297e-6 -1 -9.75188e-6 1.70505e-5 -0.9813378 3.44674e-5 -0.192292 -0.9510501 1.96621e-5 -0.3090372 -0.9238771 1.0285e-6 -0.3826894 -0.8090159 -1.41775e-5 -0.5877869 -0.8298858 1.73261e-6 -0.5579332 -0.7070963 -1.45636e-5 -0.7071172 -0.5877855 1.18874e-5 -0.8090169 -0.557971 -1.08627e-6 -0.8298606 -0.3827067 -7.52509e-7 -0.92387 -0.3089572 -8.43592e-6 -0.951076 -0.3827867 -5.36814e-6 -0.9238367 -0.3089974 -7.23638e-7 -0.951063 -0.1923244 -2.6559e-6 -0.9813314 5.56856e-7 -6.50622e-6 -1 4.8673e-7 0 -1 0.1923244 -2.73716e-6 -0.9813314 0.3089886 6.60494e-6 -0.9510658 0.3827756 5.63651e-6 -0.9238415 0.5877731 9.88319e-6 -0.8090258 0.5579729 -1.59687e-6 -0.8298592 0.7070989 -1.61621e-5 -0.7071148 0.8090082 -1.30581e-5 -0.5877974 0.8298857 -1.04378e-6 -0.5579335 0.9238946 -2.28445e-6 -0.3826472 0.9510496 2.04118e-5 -0.3090382 0.9813387 8.1168e-5 -0.1922872 1 -8.83918e-6 1.63168e-5 1 1.85738e-4 -1.95205e-6</float_array>
          <technique_common>
            <accessor source="#stitch_result_stitchFBXASC032allMesh_003-mesh-normals-array" count="3525" stride="3">
              <param name="X" type="float"/>
              <param name="Y" type="float"/>
              <param name="Z" type="float"/>
            </accessor>
          </technique_common>
        </source>
        <source id="stitch_result_stitchFBXASC032allMesh_003-mesh-map-0">
          <float_array id="stitch_result_stitchFBXASC032allMesh_003-mesh-map-0-array" count="31464">-1.652286 0.324947 -0.331598 0.05396097 -2.771415 1.170708 -2.771415 1.170708 -0.331598 0.05396097 1.006907 0.215381 -2.771415 1.170708 1.006907 0.215381 2.225307 0.792576 3.198056 1.726071 -4.041307 4.2504 2.225307 0.792576 2.225307 0.792576 -4.041307 4.2504 -3.95748 3.408649 2.225307 0.792576 -3.95748 3.408649 -3.710325 2.595482 3.198056 1.726071 3.82492 2.919676 -4.041307 4.2504 -4.041307 4.2504 3.82492 2.919676 4.041307 4.250401 -4.041307 4.2504 4.041307 4.250401 3.82492 5.581125 3.82492 5.581125 3.198056 6.77473 -4.041307 4.2504 -4.041307 4.2504 3.198056 6.77473 2.225306 7.708224 -4.041307 4.2504 2.225306 7.708224 -3.95748 5.09215 -3.95748 5.09215 2.225306 7.708224 -3.710325 5.905317 -3.710325 5.905317 2.225306 7.708224 -3.310119 6.660385 -3.310119 6.660385 2.225306 7.708224 -2.771416 7.330091 -2.771416 7.330091 2.225306 7.708224 1.006906 8.285419 -2.771416 7.330091 1.006906 8.285419 -0.331599 8.44684 -0.331599 8.44684 -1.652287 8.175852 -2.771416 7.330091 -3.710325 2.595482 -3.310119 1.840415 2.225307 0.792576 2.225307 0.792576 -3.310119 1.840415 -2.771415 1.170708 -1.55 8.78381 -1.549998 7.523563 1.55 7.77845 1.55 7.77845 -1.549998 7.523563 -1.366785 6.630093 1.55 7.77845 -1.366785 6.630093 1.55 6.424389 1.55 6.424389 -1.366785 6.630093 -1.052126 5.84233 1.55 6.424389 -1.052126 5.84233 -0.719182 5.404282 1.55 6.424389 -0.719182 5.404282 1.55 5.07033 1.55 5.07033 -0.719182 5.404282 -0.507026 5.231755 1.55 5.07033 -0.507026 5.231755 -0.268609 5.100911 -0.268609 5.100911 0.27583 4.962308 1.55 5.07033 1.55 5.07033 0.27583 4.962308 0.815788 4.957762 1.55 7.77845 1.55 9.13251 -1.55 8.78381 -1.55 8.78381 1.55 9.13251 -1.55 10.04406 -1.55 10.04406 1.55 9.13251 1.55 10.48657 -1.55 10.04406 1.55 10.48657 -1.55 11.3043 -1.55 11.3043 1.55 10.48657 1.55 11.84063 -1.55 11.3043 1.55 11.84063 -1.55 12.56455 -1.55 12.56455 1.55 11.84063 1.55 13.19469 -1.55 12.56455 1.55 13.19469 -1.55 13.82479 -1.55 -12.56458 1.55 -13.19469 1.55 -11.84063 -1.55 -12.56458 1.55 -11.84063 -1.55 -11.30434 -1.55 -11.30434 1.55 -11.84063 1.55 -10.48657 -1.55 -11.30434 1.55 -10.48657 -1.55 -10.04409 -1.55 -10.04409 1.55 -10.48657 1.55 -9.132511 -1.55 -10.04409 1.55 -9.132511 -1.55 -8.783845 -1.55 -8.783845 1.55 -9.132511 1.55 -7.77845 -1.55 -8.783845 1.55 -7.77845 -1.55 -7.523599 -1.55 -7.523599 1.55 -7.77845 -1.366785 -6.630094 -1.366785 -6.630094 1.55 -7.77845 1.55 -6.42439 -1.366785 -6.630094 1.55 -6.42439 -1.052126 -5.84233 -1.052126 -5.84233 1.55 -6.42439 -0.71913 -5.404232 -0.71913 -5.404232 1.55 -6.42439 1.55 -5.070331 -0.71913 -5.404232 1.55 -5.070331 -0.507048 -5.231771 -0.507048 -5.231771 1.55 -5.070331 -0.268609 -5.100912 -0.268609 -5.100912 1.55 -5.070331 0.27583 -4.962309 0.27583 -4.962309 1.55 -5.070331 0.81575 -4.957768 0.08676499 10.33154 -0.02644997 9.6427 0.08676499 9.203435 0.08676499 9.203435 -0.02644997 9.6427 -0.08572995 8.639381 0.08676499 9.203435 -0.08572995 8.639381 0.08676499 8.075325 0.08676499 8.075325 -0.08572995 8.639381 -0.02644997 7.63606 0.08676499 8.075325 -0.02644997 7.63606 0.08676499 6.947215 1.666456 10.6925 0.563928 10.92187 2.866974 10.02852 2.866974 10.02852 0.563928 10.92187 -0.562205 10.92187 2.866974 10.02852 -0.562205 10.92187 -1.664733 10.6925 -1.664733 10.6925 -2.865251 10.02852 2.866974 10.02852 2.866974 10.02852 -2.865251 10.02852 -3.683216 9.327814 2.866974 10.02852 -3.683216 9.327814 3.684939 9.327814 3.684939 9.327814 -3.683216 9.327814 4.367008 8.490941 4.367008 8.490941 -3.683216 9.327814 -4.365285 8.490941 4.367008 8.490941 -4.365285 8.490941 4.879769 7.546789 4.879769 7.546789 -4.365285 8.490941 -4.878048 7.54679 4.879769 7.546789 -4.878048 7.54679 -5.199225 6.528435 -5.199225 6.528435 -5.316017 5.472516 4.879769 7.546789 4.879769 7.546789 -5.316017 5.472516 -5.224347 4.417996 4.879769 7.546789 -5.224347 4.417996 5.200947 6.528435 5.200947 6.528435 -5.224347 4.417996 5.317739 5.472516 5.317739 5.472516 -5.224347 4.417996 5.226069 4.417996 5.226069 4.417996 -5.224347 4.417996 4.930046 3.404428 4.930046 3.404428 -5.224347 4.417996 4.441642 2.470227 4.441642 2.470227 -5.224347 4.417996 3.780206 1.651051 3.780206 1.651051 -5.224347 4.417996 2.971709 0.978332 2.971709 0.978332 -5.224347 4.417996 2.04777 0.478022 2.04777 0.478022 -5.224347 4.417996 -4.928324 3.404427 2.04777 0.478022 -4.928324 3.404427 -4.43992 2.470227 -4.43992 2.470227 -3.778484 1.65105 2.04777 0.478022 2.04777 0.478022 -3.778484 1.65105 -2.969987 0.978332 2.04777 0.478022 -2.969987 0.978332 -2.046047 0.478022 -2.046047 0.478022 -1.042723 0.169602 2.04777 0.478022 2.04777 0.478022 -1.042723 0.169602 1.044446 0.169602 1.044446 0.169602 -1.042723 0.169602 8.61e-4 0.06531298 -15.55926 7.914758 -16.59654 8.026443 -16.0779 7.288815 -16.0779 7.288815 -16.59654 8.026443 -16.59654 7.288815 -16.0779 7.288815 -16.59654 7.288815 -16.0779 6.122216 -16.0779 6.122216 -16.59654 7.288815 -16.59654 6.122216 -16.0779 6.122216 -16.59654 6.122216 -16.0779 4.955616 -16.0779 4.955616 -16.59654 6.122216 -16.59654 4.955616 -16.0779 4.955616 -16.59654 4.955616 -16.0779 4.177884 -16.0779 4.177884 -16.59654 4.955616 -16.0779 3.789018 -16.0779 4.177884 -16.0779 3.789018 -15.55926 3.789018 -15.55926 3.789018 -16.0779 3.789018 -15.55926 3.005034 -15.55926 3.789018 -15.55926 3.005034 -14.52198 3.005451 -14.52198 3.005451 -15.55926 3.005034 -15.0861 2.622419 -14.52198 3.005451 -15.0861 2.622419 -14.52198 2.622419 -14.52198 2.622419 -15.0861 2.622419 -13.48469 1.848212 -14.52198 2.622419 -13.48469 1.848212 -13.48469 2.622419 -13.48469 2.622419 -13.48469 1.848212 -12.44741 1.45582 -13.48469 2.622419 -12.44741 1.45582 -12.44741 2.622419 -12.44741 2.622419 -12.44741 1.45582 -11.41012 1.45582 -12.44741 2.622419 -11.41012 1.45582 -11.41012 2.622419 -11.41012 2.622419 -11.41012 1.45582 -10.37284 1.45582 -11.41012 2.622419 -10.37284 1.45582 -10.37284 2.622419 -10.37284 2.622419 -10.37284 1.45582 -9.335556 1.455821 -10.37284 2.622419 -9.335556 1.455821 -9.335556 2.622419 -9.335556 2.622419 -9.335556 1.455821 -8.298273 1.455821 -9.335556 2.622419 -8.298273 1.455821 -8.298273 2.622419 -8.298273 2.622419 -8.298273 1.455821 -7.260988 1.455822 -8.298273 2.622419 -7.260988 1.455822 -7.260988 2.622419 -7.260988 2.622419 -7.260988 1.455822 -6.223704 1.455822 -7.260988 2.622419 -6.223704 1.455822 -6.223704 2.622419 -6.223704 2.622419 -6.223704 1.455822 -5.830136 2.193208 -6.223704 2.622419 -5.830136 2.193208 -5.18642 2.622419 -5.18642 2.622419 -5.830136 2.193208 -4.149136 1.878054 -5.18642 2.622419 -4.149136 1.878054 -4.149136 2.622419 -4.149136 2.622419 -4.149136 1.878054 -3.111852 1.753532 -4.149136 2.622419 -3.111852 1.753532 -3.111852 2.622419 -3.111852 2.622419 -3.111852 1.753532 -2.074568 2.622419 -3.111852 2.622419 -2.074568 2.622419 -3.111852 3.010035 -3.111852 3.010035 -2.074568 2.622419 -2.074568 3.010452 -3.111852 3.010035 -2.074568 3.010452 -3.111852 3.789018 -3.111852 3.789018 -2.074568 3.010452 -2.074568 3.789018 -3.111852 3.789018 -2.074568 3.789018 -3.111852 4.177884 -3.111852 4.177884 -2.074568 3.789018 -2.074568 4.177884 -3.111852 4.177884 -2.074568 4.177884 -3.111852 4.955616 -3.111852 4.955616 -2.074568 4.177884 -2.074568 4.955616 -3.111852 4.955616 -2.074568 4.955616 -3.111852 6.122216 -3.111852 6.122216 -2.074568 4.955616 -2.074568 6.122216 -3.111852 6.122216 -2.074568 6.122216 -3.111852 7.288815 -3.111852 7.288815 -2.074568 6.122216 -2.074568 7.288815 -3.111852 7.288815 -2.074568 7.288815 -3.111852 8.455414 -3.111852 8.455414 -2.074568 7.288815 -2.074568 8.455414 -3.111852 8.455414 -2.074568 8.455414 -3.111852 9.038713 -3.111852 9.038713 -2.074568 8.455414 -2.074568 9.038713 -3.111852 9.038713 -2.074568 9.038713 -3.111852 9.44608 -3.111852 9.44608 -2.074568 9.038713 -2.074568 9.464727 -2.074568 9.464727 -2.074568 9.038713 -1.037284 9.038713 -2.074568 9.464727 -1.037284 9.038713 -1.037284 9.4758 -1.037284 9.4758 -1.037284 9.038713 0 9.479544 0 9.479544 -1.037284 9.038713 0 8.455414 0 8.455414 -1.037284 9.038713 -1.037284 8.455414 0 8.455414 -1.037284 8.455414 0 7.288815 0 7.288815 -1.037284 8.455414 -1.037284 7.288815 0 7.288815 -1.037284 7.288815 0 6.122216 0 6.122216 -1.037284 7.288815 -1.037284 6.122216 0 6.122216 -1.037284 6.122216 0 4.955616 0 4.955616 -1.037284 6.122216 -1.037284 4.955616 0 4.955616 -1.037284 4.955616 -1.037284 4.177884 -1.037284 4.177884 -1.037284 4.955616 -2.074568 4.955616 -1.037284 4.177884 -2.074568 4.955616 -2.074568 4.177884 -16.59654 4.955616 -16.59654 3.004617 -16.0779 3.789018 -16.0779 3.789018 -16.59654 3.004617 -16.0779 3.004826 -16.0779 3.789018 -16.0779 3.004826 -15.55926 3.005034 -15.55926 3.005034 -16.0779 3.004826 -15.0861 2.622419 -16.59654 3.004617 -15.0861 2.622419 -16.0779 3.004826 -13.48469 1.848212 -12.44741 1.421428 -12.44741 1.45582 -12.44741 1.45582 -12.44741 1.421428 -11.41012 1.104736 -12.44741 1.45582 -11.41012 1.104736 -11.41012 1.45582 -11.41012 1.45582 -11.41012 1.104736 -10.37284 0.880664 -11.41012 1.45582 -10.37284 0.880664 -10.37284 1.45582 -10.37284 1.45582 -10.37284 0.880664 -9.459204 0.739242 -10.37284 1.45582 -9.459204 0.739242 -9.335556 1.455821 -9.335556 1.455821 -9.459204 0.739242 -8.298273 0.740866 -9.335556 1.455821 -8.298273 0.740866 -8.298273 1.455821 -8.298273 1.455821 -8.298273 0.740866 -7.260988 0.836206 -8.298273 1.455821 -7.260988 0.836206 -7.260988 1.455822 -7.260988 1.455822 -7.260988 0.836206 -6.666183 0.971757 -7.260988 1.455822 -6.666183 0.971757 -6.421222 1.066774 -7.260988 1.455822 -6.421222 1.066774 -6.223704 1.455822 -6.223704 1.455822 -6.421222 1.066774 -6.223704 1.179437 -6.223704 1.455822 -6.223704 1.179437 -5.965425 1.455822 -5.965425 1.455822 -5.859768 1.753303 -6.223704 1.455822 -6.223704 1.455822 -5.859768 1.753303 -5.830136 2.193208 -3.111852 1.753532 -2.074568 1.669591 -2.074568 2.622419 -2.074568 2.622419 -2.074568 1.669591 -1.037284 2.622419 -2.074568 2.622419 -1.037284 2.622419 -2.074568 3.010452 -2.074568 3.010452 -1.037284 2.622419 -1.037284 3.010868 -2.074568 3.010452 -1.037284 3.010868 -2.074568 3.789018 -2.074568 3.789018 -1.037284 3.010868 -1.037284 3.789018 -2.074568 3.789018 -1.037284 3.789018 -2.074568 4.177884 -2.074568 4.177884 -1.037284 3.789018 -1.037284 4.177884 -2.074568 1.669591 -1.037284 1.620618 -1.037284 2.622419 -1.037284 2.622419 -1.037284 1.620618 0 1.6043 -1.037284 2.622419 0 1.6043 0 2.622419 -1.037284 2.622419 0 2.622419 -1.037284 3.010868 -1.037284 3.010868 0 2.622419 0 3.789018 -1.037284 3.010868 0 3.789018 -1.037284 3.789018 -1.037284 3.789018 0 3.789018 -1.037284 4.177884 0 3.789018 0 4.955616 -1.037284 4.177884 -3.111852 9.44608 -4.149136 9.418957 -3.111852 9.038713 -3.111852 9.038713 -4.149136 9.418957 -4.149136 9.038713 -3.111852 9.038713 -4.149136 9.038713 -3.111852 8.455414 -3.111852 8.455414 -4.149136 9.038713 -4.149136 8.455414 -3.111852 8.455414 -4.149136 8.455414 -3.111852 7.288815 -3.111852 7.288815 -4.149136 8.455414 -4.149136 7.288815 -3.111852 7.288815 -4.149136 7.288815 -3.111852 6.122216 -3.111852 6.122216 -4.149136 7.288815 -4.149136 6.122216 -3.111852 6.122216 -4.149136 6.122216 -3.111852 4.955616 -3.111852 4.955616 -4.149136 6.122216 -4.149136 4.955616 -3.111852 4.955616 -4.149136 4.955616 -3.111852 4.177884 -3.111852 4.177884 -4.149136 4.955616 -4.149136 4.177884 -3.111852 4.177884 -4.149136 4.177884 -3.111852 3.789018 -3.111852 3.789018 -4.149136 4.177884 -4.149136 3.789018 -3.111852 3.789018 -4.149136 3.789018 -3.111852 3.010035 -3.111852 3.010035 -4.149136 3.789018 -4.149136 3.009618 -3.111852 3.010035 -4.149136 3.009618 -3.111852 2.622419 -3.111852 2.622419 -4.149136 3.009618 -4.149136 2.622419 -4.149136 9.418957 -5.18642 9.381716 -4.149136 9.038713 -4.149136 9.038713 -5.18642 9.381716 -5.18642 9.038713 -4.149136 9.038713 -5.18642 9.038713 -4.149136 8.455414 -4.149136 8.455414 -5.18642 9.038713 -5.18642 8.455414 -4.149136 8.455414 -5.18642 8.455414 -4.149136 7.288815 -4.149136 7.288815 -5.18642 8.455414 -5.18642 7.288815 -4.149136 7.288815 -5.18642 7.288815 -4.149136 6.122216 -4.149136 6.122216 -5.18642 7.288815 -5.18642 6.122216 -4.149136 6.122216 -5.18642 6.122216 -4.149136 4.955616 -4.149136 4.955616 -5.18642 6.122216 -5.18642 4.955616 -4.149136 4.955616 -5.18642 4.955616 -4.149136 4.177884 -4.149136 4.177884 -5.18642 4.955616 -5.18642 4.177884 -4.149136 4.177884 -5.18642 4.177884 -4.149136 3.789018 -4.149136 3.789018 -5.18642 4.177884 -5.18642 3.789018 -4.149136 3.789018 -5.18642 3.789018 -4.149136 3.009618 -4.149136 3.009618 -5.18642 3.789018 -5.18642 3.009201 -4.149136 3.009618 -5.18642 3.009201 -4.149136 2.622419 -4.149136 2.622419 -5.18642 3.009201 -5.18642 2.622419 -5.18642 9.381716 -6.223704 9.331763 -5.18642 9.038713 -5.18642 9.038713 -6.223704 9.331763 -6.223704 9.038713 -5.18642 9.038713 -6.223704 9.038713 -5.18642 8.455414 -5.18642 8.455414 -6.223704 9.038713 -6.223704 8.455414 -5.18642 8.455414 -6.223704 8.455414 -5.18642 7.288815 -5.18642 7.288815 -6.223704 8.455414 -6.223704 7.288815 -5.18642 7.288815 -6.223704 7.288815 -5.18642 6.122216 -5.18642 6.122216 -6.223704 7.288815 -6.223704 6.122216 -5.18642 6.122216 -6.223704 6.122216 -5.18642 4.955616 -5.18642 4.955616 -6.223704 6.122216 -6.223704 4.955616 -5.18642 4.955616 -6.223704 4.955616 -5.18642 4.177884 -5.18642 4.177884 -6.223704 4.955616 -6.223704 4.177884 -5.18642 4.177884 -6.223704 4.177884 -5.18642 3.789018 -5.18642 3.789018 -6.223704 4.177884 -6.223704 3.789018 -5.18642 3.789018 -6.223704 3.789018 -5.18642 3.009201 -5.18642 3.009201 -6.223704 3.789018 -6.223704 3.008785 -5.18642 3.009201 -6.223704 3.008785 -5.18642 2.622419 -5.18642 2.622419 -6.223704 3.008785 -6.223704 2.622419 -6.223704 9.331763 -7.260988 9.265224 -6.223704 9.038713 -6.223704 9.038713 -7.260988 9.265224 -7.260988 9.038713 -6.223704 9.038713 -7.260988 9.038713 -6.223704 8.455414 -6.223704 8.455414 -7.260988 9.038713 -7.260988 8.455414 -6.223704 8.455414 -7.260988 8.455414 -6.223704 7.288815 -6.223704 7.288815 -7.260988 8.455414 -7.260988 7.288815 -6.223704 7.288815 -7.260988 7.288815 -6.223704 6.122216 -6.223704 6.122216 -7.260988 7.288815 -7.260988 6.122216 -6.223704 6.122216 -7.260988 6.122216 -6.223704 4.955616 -6.223704 4.955616 -7.260988 6.122216 -7.260988 4.955616 -6.223704 4.955616 -7.260988 4.955616 -6.223704 4.177884 -6.223704 4.177884 -7.260988 4.955616 -7.260988 4.177884 -6.223704 4.177884 -7.260988 4.177884 -6.223704 3.789018 -6.223704 3.789018 -7.260988 4.177884 -7.260988 3.789018 -6.223704 3.789018 -7.260988 3.789018 -6.223704 3.008785 -6.223704 3.008785 -7.260988 3.789018 -7.260988 3.008368 -6.223704 3.008785 -7.260988 3.008368 -6.223704 2.622419 -6.223704 2.622419 -7.260988 3.008368 -7.260988 2.622419 -7.260988 9.265224 -8.298273 9.176484 -7.260988 9.038713 -7.260988 9.038713 -8.298273 9.176484 -8.298273 9.038713 -7.260988 9.038713 -8.298273 9.038713 -7.260988 8.455414 -7.260988 8.455414 -8.298273 9.038713 -8.298273 8.455414 -7.260988 8.455414 -8.298273 8.455414 -7.260988 7.288815 -7.260988 7.288815 -8.298273 8.455414 -8.298273 7.288815 -7.260988 7.288815 -8.298273 7.288815 -7.260988 6.122216 -7.260988 6.122216 -8.298273 7.288815 -8.298273 6.122216 -7.260988 6.122216 -8.298273 6.122216 -7.260988 4.955616 -7.260988 4.955616 -8.298273 6.122216 -8.298273 4.955616 -7.260988 4.955616 -8.298273 4.955616 -7.260988 4.177884 -7.260988 4.177884 -8.298273 4.955616 -8.298273 4.177884 -7.260988 4.177884 -8.298273 4.177884 -7.260988 3.789018 -7.260988 3.789018 -8.298273 4.177884 -8.298273 3.789018 -7.260988 3.789018 -8.298273 3.789018 -7.260988 3.008368 -7.260988 3.008368 -8.298273 3.789018 -8.298273 3.007951 -7.260988 3.008368 -8.298273 3.007951 -7.260988 2.622419 -7.260988 2.622419 -8.298273 3.007951 -8.298273 2.622419 -8.298273 9.176484 -9.335556 9.057649 -8.298273 9.038713 -8.298273 9.038713 -9.335556 9.057649 -9.335556 9.038713 -8.298273 9.038713 -9.335556 9.038713 -8.298273 8.455414 -8.298273 8.455414 -9.335556 9.038713 -9.335556 8.455414 -8.298273 8.455414 -9.335556 8.455414 -8.298273 7.288815 -8.298273 7.288815 -9.335556 8.455414 -9.335556 7.288815 -8.298273 7.288815 -9.335556 7.288815 -8.298273 6.122216 -8.298273 6.122216 -9.335556 7.288815 -9.335556 6.122216 -8.298273 6.122216 -9.335556 6.122216 -8.298273 4.955616 -8.298273 4.955616 -9.335556 6.122216 -9.335556 4.955616 -8.298273 4.955616 -9.335556 4.955616 -8.298273 4.177884 -8.298273 4.177884 -9.335556 4.955616 -9.335556 4.177884 -8.298273 4.177884 -9.335556 4.177884 -8.298273 3.789018 -8.298273 3.789018 -9.335556 4.177884 -9.335556 3.789018 -8.298273 3.789018 -9.335556 3.789018 -8.298273 3.007951 -8.298273 3.007951 -9.335556 3.789018 -9.335556 3.007534 -8.298273 3.007951 -9.335556 3.007534 -8.298273 2.622419 -8.298273 2.622419 -9.335556 3.007534 -9.335556 2.622419 -9.335556 9.057649 -10.37284 8.898367 -9.335556 9.038713 -9.335556 9.038713 -10.37284 8.898367 -9.335556 8.455414 -9.335556 8.455414 -10.37284 8.898367 -10.37284 8.455414 -10.37284 8.455414 -10.37284 8.898367 -11.41012 8.68736 -10.37284 8.455414 -11.41012 8.68736 -11.41012 8.455414 -11.41012 8.455414 -11.41012 8.68736 -12.44741 8.419061 -11.41012 8.455414 -12.44741 8.419061 -11.41012 7.288815 -11.41012 7.288815 -12.44741 8.419061 -12.44741 7.288815 -11.41012 7.288815 -12.44741 7.288815 -11.41012 6.122216 -11.41012 6.122216 -12.44741 7.288815 -12.44741 6.122216 -11.41012 6.122216 -12.44741 6.122216 -11.41012 4.955616 -11.41012 4.955616 -12.44741 6.122216 -12.44741 4.955616 -11.41012 4.955616 -12.44741 4.955616 -11.41012 4.177884 -11.41012 4.177884 -12.44741 4.955616 -12.44741 4.177884 -11.41012 4.177884 -12.44741 4.177884 -11.41012 3.789018 -11.41012 3.789018 -12.44741 4.177884 -12.44741 3.789018 -11.41012 3.789018 -12.44741 3.789018 -11.41012 3.006701 -11.41012 3.006701 -12.44741 3.789018 -12.44741 3.006284 -11.41012 3.006701 -12.44741 3.006284 -11.41012 2.622419 -11.41012 2.622419 -12.44741 3.006284 -12.44741 2.622419 -12.44741 8.419061 -13.48469 8.108885 -12.44741 7.288815 -12.44741 7.288815 -13.48469 8.108885 -13.48469 7.288815 -12.44741 7.288815 -13.48469 7.288815 -12.44741 6.122216 -12.44741 6.122216 -13.48469 7.288815 -13.48469 6.122216 -12.44741 6.122216 -13.48469 6.122216 -12.44741 4.955616 -12.44741 4.955616 -13.48469 6.122216 -13.48469 4.955616 -12.44741 4.955616 -13.48469 4.955616 -12.44741 4.177884 -12.44741 4.177884 -13.48469 4.955616 -13.48469 4.177884 -12.44741 4.177884 -13.48469 4.177884 -12.44741 3.789018 -12.44741 3.789018 -13.48469 4.177884 -13.48469 3.789018 -12.44741 3.789018 -13.48469 3.789018 -12.44741 3.006284 -12.44741 3.006284 -13.48469 3.789018 -13.48469 3.005867 -12.44741 3.006284 -13.48469 3.005867 -12.44741 2.622419 -12.44741 2.622419 -13.48469 3.005867 -13.48469 2.622419 -13.48469 7.288815 -13.48469 8.108885 -14.52198 7.288815 -14.52198 7.288815 -13.48469 8.108885 -14.83612 7.728292 -14.52198 7.288815 -14.83612 7.728292 -15.55926 7.288815 -15.55926 7.288815 -14.83612 7.728292 -15.55926 7.914758 -15.55926 7.288815 -15.55926 7.914758 -16.0779 7.288815 -15.55926 7.288815 -16.0779 7.288815 -15.55926 6.122216 -15.55926 6.122216 -16.0779 7.288815 -16.0779 6.122216 -15.55926 6.122216 -16.0779 6.122216 -15.55926 4.955616 -15.55926 4.955616 -16.0779 6.122216 -16.0779 4.955616 -15.55926 4.955616 -16.0779 4.955616 -15.55926 4.177884 -15.55926 4.177884 -16.0779 4.955616 -16.0779 4.177884 -15.55926 4.177884 -16.0779 4.177884 -15.55926 3.789018 -13.48469 6.122216 -13.48469 7.288815 -14.52198 7.288815 -14.52198 7.288815 -15.55926 7.288815 -14.52198 6.122216 -14.52198 6.122216 -15.55926 7.288815 -15.55926 6.122216 -14.52198 6.122216 -15.55926 6.122216 -14.52198 4.955616 -14.52198 4.955616 -15.55926 6.122216 -15.55926 4.955616 -14.52198 4.955616 -15.55926 4.955616 -14.52198 4.177884 -14.52198 4.177884 -15.55926 4.955616 -15.55926 4.177884 -14.52198 4.177884 -15.55926 4.177884 -14.52198 3.789018 -14.52198 3.789018 -15.55926 4.177884 -15.55926 3.789018 -14.52198 3.789018 -15.55926 3.789018 -14.52198 3.005451 -10.37284 8.455414 -11.41012 8.455414 -10.37284 7.288815 -10.37284 7.288815 -11.41012 8.455414 -11.41012 7.288815 -10.37284 7.288815 -11.41012 7.288815 -10.37284 6.122216 -10.37284 6.122216 -11.41012 7.288815 -11.41012 6.122216 -10.37284 6.122216 -11.41012 6.122216 -10.37284 4.955616 -10.37284 4.955616 -11.41012 6.122216 -11.41012 4.955616 -10.37284 4.955616 -11.41012 4.955616 -10.37284 4.177884 -10.37284 4.177884 -11.41012 4.955616 -11.41012 4.177884 -10.37284 4.177884 -11.41012 4.177884 -10.37284 3.789018 -10.37284 3.789018 -11.41012 4.177884 -11.41012 3.789018 -10.37284 3.789018 -11.41012 3.789018 -10.37284 3.007118 -10.37284 3.007118 -11.41012 3.789018 -11.41012 3.006701 -10.37284 3.007118 -11.41012 3.006701 -10.37284 2.622419 -10.37284 2.622419 -11.41012 3.006701 -11.41012 2.622419 -9.335556 8.455414 -10.37284 8.455414 -9.335556 7.288815 -9.335556 7.288815 -10.37284 8.455414 -10.37284 7.288815 -9.335556 7.288815 -10.37284 7.288815 -9.335556 6.122216 -9.335556 6.122216 -10.37284 7.288815 -10.37284 6.122216 -9.335556 6.122216 -10.37284 6.122216 -9.335556 4.955616 -9.335556 4.955616 -10.37284 6.122216 -10.37284 4.955616 -9.335556 4.955616 -10.37284 4.955616 -9.335556 4.177884 -9.335556 4.177884 -10.37284 4.955616 -10.37284 4.177884 -9.335556 4.177884 -10.37284 4.177884 -9.335556 3.789018 -9.335556 3.789018 -10.37284 4.177884 -10.37284 3.789018 -9.335556 3.789018 -10.37284 3.789018 -9.335556 3.007534 -9.335556 3.007534 -10.37284 3.789018 -10.37284 3.007118 -9.335556 3.007534 -10.37284 3.007118 -9.335556 2.622419 -9.335556 2.622419 -10.37284 3.007118 -10.37284 2.622419 -2.074568 7.288815 -1.037284 7.288815 -2.074568 8.455414 -2.074568 8.455414 -1.037284 7.288815 -1.037284 8.455414 -2.074568 8.455414 -1.037284 8.455414 -2.074568 9.038713 -2.074568 9.038713 -1.037284 8.455414 -1.037284 9.038713 -1.037284 7.288815 -2.074568 7.288815 -1.037284 6.122216 -1.037284 6.122216 -2.074568 7.288815 -2.074568 6.122216 -1.037284 6.122216 -2.074568 6.122216 -1.037284 4.955616 -1.037284 4.955616 -2.074568 6.122216 -2.074568 4.955616 -13.48469 4.955616 -13.48469 6.122216 -14.52198 6.122216 -14.52198 6.122216 -13.48469 6.122216 -14.52198 7.288815 -13.48469 4.955616 -14.52198 6.122216 -14.52198 4.955616 -13.48469 4.177884 -13.48469 4.955616 -14.52198 4.955616 -13.48469 4.177884 -14.52198 4.955616 -14.52198 4.177884 -13.48469 3.789018 -13.48469 4.177884 -14.52198 4.177884 -13.48469 3.789018 -14.52198 4.177884 -14.52198 3.789018 -14.52198 2.622419 -13.48469 2.622419 -14.52198 3.005451 -14.52198 3.005451 -13.48469 2.622419 -13.48469 3.005867 -14.52198 3.005451 -13.48469 3.005867 -14.52198 3.789018 -14.52198 3.789018 -13.48469 3.005867 -13.48469 3.789018 -32.15583 9.4758 -33.19311 9.479545 -32.15583 9.038713 -32.15583 9.038713 -33.19311 9.479545 -33.19311 8.455414 -32.15583 9.038713 -33.19311 8.455414 -32.15583 8.455414 -32.15583 8.455414 -33.19311 8.455414 -32.15583 7.288815 -32.15583 8.455414 -32.15583 7.288815 -31.11854 7.288815 -31.11854 7.288815 -32.15583 7.288815 -31.11854 6.122216 -31.11854 7.288815 -31.11854 6.122216 -30.08126 6.122216 -30.08126 6.122216 -31.11854 6.122216 -30.08126 4.955617 -30.08126 6.122216 -30.08126 4.955617 -29.04397 4.955617 -29.04397 4.955617 -30.08126 4.955617 -29.04397 3.789018 -29.04397 4.955617 -29.04397 3.789018 -28.00668 3.789018 -28.00668 3.789018 -29.04397 3.789018 -29.04397 3.009618 -28.00668 3.789018 -29.04397 3.009618 -28.00668 3.009202 -28.00668 3.009202 -29.04397 3.009618 -29.04397 2.622419 -28.00668 3.009202 -29.04397 2.622419 -28.00668 2.622419 -28.00668 2.622419 -29.04397 2.622419 -29.04397 1.878054 -28.00668 2.622419 -29.04397 1.878054 -27.36297 2.193208 -33.19311 8.455414 -33.19311 7.288815 -32.15583 7.288815 -32.15583 7.288815 -33.19311 7.288815 -32.15583 6.122216 -32.15583 7.288815 -32.15583 6.122216 -31.11854 6.122216 -31.11854 6.122216 -32.15583 6.122216 -31.11854 4.955617 -31.11854 6.122216 -31.11854 4.955617 -30.08126 4.955617 -30.08126 4.955617 -31.11854 4.955617 -30.08126 3.789018 -30.08126 4.955617 -30.08126 3.789018 -29.04397 3.789018 -29.04397 3.789018 -30.08126 3.789018 -30.08126 3.010035 -29.04397 3.789018 -30.08126 3.010035 -29.04397 3.009618 -29.04397 3.009618 -30.08126 3.010035 -30.08126 2.622419 -29.04397 3.009618 -30.08126 2.622419 -29.04397 2.622419 -29.04397 2.622419 -30.08126 2.622419 -29.04397 1.878054 -33.19311 7.288815 -33.19311 6.122216 -32.15583 6.122216 -32.15583 6.122216 -33.19311 6.122216 -32.15583 4.955617 -32.15583 6.122216 -32.15583 4.955617 -31.11854 4.955617 -31.11854 4.955617 -32.15583 4.955617 -31.11854 3.789018 -31.11854 4.955617 -31.11854 3.789018 -30.08126 3.789018 -30.08126 3.789018 -31.11854 3.789018 -31.11854 3.010452 -30.08126 3.789018 -31.11854 3.010452 -30.08126 3.010035 -30.08126 3.010035 -31.11854 3.010452 -31.11854 2.622419 -30.08126 3.010035 -31.11854 2.622419 -30.08126 2.622419 -30.08126 2.622419 -31.11854 2.622419 -30.08126 1.753532 -30.08126 2.622419 -30.08126 1.753532 -29.04397 1.878054 -33.19311 6.122216 -33.19311 4.955617 -32.15583 4.955617 -32.15583 4.955617 -33.19311 4.955617 -32.15583 3.789018 -32.15583 4.955617 -32.15583 3.789018 -31.11854 3.789018 -31.11854 3.789018 -32.15583 3.789018 -32.15583 3.010868 -31.11854 3.789018 -32.15583 3.010868 -31.11854 3.010452 -31.11854 3.010452 -32.15583 3.010868 -32.15583 2.622419 -31.11854 3.010452 -32.15583 2.622419 -31.11854 2.622419 -31.11854 2.622419 -32.15583 2.622419 -31.11854 1.669591 -31.11854 2.622419 -31.11854 1.669591 -30.08126 1.753532 -33.19311 4.955617 -33.19311 3.789018 -32.15583 3.789018 -32.15583 3.789018 -33.19311 3.789018 -32.15583 3.010868 -33.19311 3.789018 -33.19311 2.622419 -32.15583 3.010868 -32.15583 3.010868 -33.19311 2.622419 -32.15583 2.622419 -33.19311 1.6043 -32.15583 1.620618 -33.19311 2.622419 -33.19311 2.622419 -32.15583 1.620618 -32.15583 2.622419 -32.15583 1.620618 -31.11854 1.669591 -32.15583 2.622419 -27.33335 1.753323 -26.9694 1.455822 -27.36297 2.193208 -27.36297 2.193208 -26.9694 1.455822 -26.9694 2.622419 -27.36297 2.193208 -26.9694 2.622419 -28.00668 2.622419 -28.00668 2.622419 -26.9694 2.622419 -26.9694 3.008785 -28.00668 2.622419 -26.9694 3.008785 -28.00668 3.009202 -28.00668 3.009202 -26.9694 3.008785 -26.9694 3.789018 -28.00668 3.009202 -26.9694 3.789018 -28.00668 3.789018 -28.00668 3.789018 -26.9694 3.789018 -28.00668 4.955617 -28.00668 3.789018 -28.00668 4.955617 -29.04397 4.955617 -29.04397 4.955617 -28.00668 4.955617 -29.04397 6.122216 -29.04397 4.955617 -29.04397 6.122216 -30.08126 6.122216 -30.08126 6.122216 -29.04397 6.122216 -30.08126 7.288815 -30.08126 6.122216 -30.08126 7.288815 -31.11854 7.288815 -31.11854 7.288815 -30.08126 7.288815 -31.11854 8.455414 -31.11854 7.288815 -31.11854 8.455414 -32.15583 8.455414 -32.15583 8.455414 -31.11854 8.455414 -32.15583 9.038713 -27.33335 1.753323 -27.22768 1.455823 -26.9694 1.455822 -26.9694 1.455822 -27.22768 1.455823 -26.9694 1.179437 -26.9694 1.455822 -26.9694 1.179437 -26.77191 1.066784 -26.9694 1.455822 -26.77191 1.066784 -25.93212 1.455822 -25.93212 1.455822 -26.77191 1.066784 -26.52685 0.971734 -25.93212 1.455822 -26.52685 0.971734 -25.93212 0.836207 -25.93212 1.455822 -25.93212 0.836207 -24.89483 1.455822 -24.89483 1.455822 -25.93212 0.836207 -24.89483 0.740867 -24.89483 1.455822 -24.89483 0.740867 -23.85755 1.455821 -23.85755 1.455821 -24.89483 0.740867 -23.73394 0.739238 -23.85755 1.455821 -23.73394 0.739238 -22.82027 1.455821 -22.82027 1.455821 -23.73394 0.739238 -22.82027 0.880664 -22.82027 1.455821 -22.82027 0.880664 -21.78298 1.45582 -21.78298 1.45582 -22.82027 0.880664 -21.78298 1.104736 -21.78298 1.45582 -21.78298 1.104736 -20.74569 1.45582 -20.74569 1.45582 -21.78298 1.104736 -20.74569 1.421428 -20.74569 1.45582 -20.74569 1.421428 -19.70841 1.848212 -18.107 2.622419 -18.67112 2.622419 -19.70841 1.848212 -19.70841 1.848212 -18.67112 2.622419 -19.70841 2.622419 -19.70841 1.848212 -19.70841 2.622419 -20.74569 2.622419 -20.74569 2.622419 -19.70841 2.622419 -19.70841 3.005868 -20.74569 2.622419 -19.70841 3.005868 -20.74569 3.006284 -20.74569 3.006284 -19.70841 3.005868 -19.70841 3.789018 -20.74569 3.006284 -19.70841 3.789018 -20.74569 3.789018 -20.74569 3.789018 -19.70841 3.789018 -20.74569 4.955617 -20.74569 3.789018 -20.74569 4.955617 -21.78298 4.955617 -21.78298 4.955617 -20.74569 4.955617 -21.78298 6.122216 -21.78298 4.955617 -21.78298 6.122216 -22.82027 6.122216 -22.82027 6.122216 -21.78298 6.122216 -22.82027 7.288815 -22.82027 6.122216 -22.82027 7.288815 -23.85755 7.288815 -23.85755 7.288815 -22.82027 7.288815 -23.85755 8.455414 -23.85755 7.288815 -23.85755 8.455414 -24.89483 8.455414 -24.89483 8.455414 -23.85755 8.455414 -24.89483 9.038713 -24.89483 8.455414 -24.89483 9.038713 -25.93212 9.038713 -25.93212 9.038713 -24.89483 9.038713 -24.89483 9.176484 -25.93212 9.038713 -24.89483 9.176484 -25.93212 9.265224 -16.59655 3.004617 -17.1152 3.004826 -18.107 2.622419 -18.107 2.622419 -17.1152 3.004826 -17.63384 3.005034 -18.107 2.622419 -17.63384 3.005034 -18.67112 3.005451 -18.67112 3.005451 -17.63384 3.005034 -18.67112 3.789018 -18.67112 3.005451 -18.67112 3.789018 -19.70841 3.789018 -19.70841 3.789018 -18.67112 3.789018 -19.70841 4.955617 -19.70841 3.789018 -19.70841 4.955617 -20.74569 4.955617 -20.74569 4.955617 -19.70841 4.955617 -20.74569 6.122216 -20.74569 4.955617 -20.74569 6.122216 -21.78298 6.122216 -21.78298 6.122216 -20.74569 6.122216 -21.78298 7.288815 -21.78298 6.122216 -21.78298 7.288815 -22.82027 7.288815 -22.82027 7.288815 -21.78298 7.288815 -22.82027 8.455414 -22.82027 7.288815 -22.82027 8.455414 -23.85755 8.455414 -23.85755 8.455414 -22.82027 8.455414 -22.82027 8.898367 -23.85755 8.455414 -22.82027 8.898367 -23.85755 9.038713 -23.85755 9.038713 -22.82027 8.898367 -23.85755 9.05765 -23.85755 9.038713 -23.85755 9.05765 -24.89483 9.038713 -24.89483 9.038713 -23.85755 9.05765 -24.89483 9.176484 -17.1152 3.004826 -16.59655 3.004617 -17.1152 3.789018 -17.1152 3.789018 -16.59655 3.004617 -16.59655 4.955617 -17.1152 3.789018 -16.59655 4.955617 -17.1152 4.955617 -17.1152 4.955617 -16.59655 4.955617 -17.1152 6.122216 -17.1152 4.955617 -17.1152 6.122216 -17.63384 6.122216 -17.63384 6.122216 -17.1152 6.122216 -17.63384 7.288815 -17.63384 6.122216 -17.63384 7.288815 -18.67112 7.288815 -18.67112 7.288815 -17.63384 7.288815 -18.35698 7.728292 -18.67112 7.288815 -18.35698 7.728292 -19.70841 8.108885 -16.59655 4.955617 -16.59655 6.122216 -17.1152 6.122216 -17.1152 6.122216 -16.59655 6.122216 -17.1152 7.288815 -17.1152 6.122216 -17.1152 7.288815 -17.63384 7.288815 -17.63384 7.288815 -17.1152 7.288815 -17.63384 7.914758 -17.63384 7.288815 -17.63384 7.914758 -18.35698 7.728292 -16.59655 6.122216 -16.59655 7.288815 -17.1152 7.288815 -17.1152 7.288815 -16.59655 7.288815 -16.59655 8.026443 -17.1152 7.288815 -16.59655 8.026443 -17.63384 7.914758 -20.74569 8.419061 -20.74569 7.288815 -19.70841 8.108885 -19.70841 8.108885 -20.74569 7.288815 -19.70841 7.288815 -19.70841 8.108885 -19.70841 7.288815 -18.67112 7.288815 -18.67112 7.288815 -19.70841 7.288815 -18.67112 6.122216 -18.67112 7.288815 -18.67112 6.122216 -17.63384 6.122216 -17.63384 6.122216 -18.67112 6.122216 -17.63384 4.955617 -17.63384 6.122216 -17.63384 4.955617 -17.1152 4.955617 -17.1152 4.955617 -17.63384 4.955617 -17.1152 3.789018 -21.78298 8.687361 -21.78298 8.455414 -20.74569 8.419061 -20.74569 8.419061 -21.78298 8.455414 -21.78298 7.288815 -20.74569 8.419061 -21.78298 7.288815 -20.74569 7.288815 -20.74569 7.288815 -21.78298 7.288815 -20.74569 6.122216 -20.74569 7.288815 -20.74569 6.122216 -19.70841 6.122216 -19.70841 6.122216 -20.74569 6.122216 -19.70841 4.955617 -19.70841 6.122216 -19.70841 4.955617 -18.67112 4.955617 -18.67112 4.955617 -19.70841 4.955617 -18.67112 3.789018 -18.67112 4.955617 -18.67112 3.789018 -17.63384 3.789018 -17.63384 3.789018 -18.67112 3.789018 -17.63384 3.005034 -17.63384 3.789018 -17.63384 3.005034 -17.1152 3.004826 -21.78298 8.455414 -21.78298 8.687361 -22.82027 8.455414 -22.82027 8.455414 -21.78298 8.687361 -22.82027 8.898367 -25.93212 9.038713 -25.93212 9.265224 -26.9694 9.038713 -26.9694 9.038713 -25.93212 9.265224 -26.9694 9.331764 -26.9694 9.038713 -26.9694 9.331764 -28.00668 9.038713 -28.00668 9.038713 -26.9694 9.331764 -28.00668 9.381717 -28.00668 9.038713 -28.00668 9.381717 -29.04397 9.038713 -29.04397 9.038713 -28.00668 9.381717 -29.04397 9.418958 -29.04397 9.038713 -29.04397 9.418958 -30.08126 9.038713 -30.08126 9.038713 -29.04397 9.418958 -30.08126 9.44608 -30.08126 9.038713 -30.08126 9.44608 -31.11854 9.038713 -31.11854 9.038713 -30.08126 9.44608 -31.11854 9.464728 -31.11854 9.038713 -31.11854 9.464728 -32.15583 9.038713 -32.15583 9.038713 -31.11854 9.464728 -32.15583 9.4758 -32.15583 9.038713 -31.11854 8.455414 -31.11854 9.038713 -31.11854 9.038713 -31.11854 8.455414 -30.08126 8.455414 -31.11854 9.038713 -30.08126 8.455414 -30.08126 9.038713 -30.08126 9.038713 -30.08126 8.455414 -29.04397 8.455414 -30.08126 9.038713 -29.04397 8.455414 -29.04397 9.038713 -29.04397 9.038713 -29.04397 8.455414 -28.00668 8.455414 -29.04397 9.038713 -28.00668 8.455414 -28.00668 9.038713 -28.00668 9.038713 -28.00668 8.455414 -26.9694 8.455414 -28.00668 9.038713 -26.9694 8.455414 -26.9694 9.038713 -26.9694 9.038713 -26.9694 8.455414 -25.93212 8.455414 -26.9694 9.038713 -25.93212 8.455414 -25.93212 9.038713 -25.93212 9.038713 -25.93212 8.455414 -24.89483 8.455414 -23.85755 8.455414 -23.85755 9.038713 -24.89483 9.038713 -30.08126 8.455414 -31.11854 8.455414 -30.08126 7.288815 -29.04397 8.455414 -30.08126 8.455414 -29.04397 7.288815 -29.04397 7.288815 -30.08126 8.455414 -30.08126 7.288815 -29.04397 7.288815 -30.08126 7.288815 -29.04397 6.122216 -28.00668 8.455414 -29.04397 8.455414 -28.00668 7.288815 -28.00668 7.288815 -29.04397 8.455414 -29.04397 7.288815 -28.00668 7.288815 -29.04397 7.288815 -28.00668 6.122216 -28.00668 6.122216 -29.04397 7.288815 -29.04397 6.122216 -28.00668 6.122216 -29.04397 6.122216 -28.00668 4.955617 -26.9694 8.455414 -28.00668 8.455414 -26.9694 7.288815 -26.9694 7.288815 -28.00668 8.455414 -28.00668 7.288815 -26.9694 7.288815 -28.00668 7.288815 -26.9694 6.122216 -26.9694 6.122216 -28.00668 7.288815 -28.00668 6.122216 -26.9694 6.122216 -28.00668 6.122216 -26.9694 4.955617 -26.9694 4.955617 -28.00668 6.122216 -28.00668 4.955617 -26.9694 4.955617 -28.00668 4.955617 -26.9694 3.789018 -25.93212 8.455414 -26.9694 8.455414 -25.93212 7.288815 -25.93212 7.288815 -26.9694 8.455414 -26.9694 7.288815 -25.93212 7.288815 -26.9694 7.288815 -25.93212 6.122216 -25.93212 6.122216 -26.9694 7.288815 -26.9694 6.122216 -25.93212 6.122216 -26.9694 6.122216 -25.93212 4.955617 -25.93212 4.955617 -26.9694 6.122216 -26.9694 4.955617 -25.93212 4.955617 -26.9694 4.955617 -25.93212 3.789018 -25.93212 3.789018 -26.9694 4.955617 -26.9694 3.789018 -25.93212 3.789018 -26.9694 3.789018 -26.9694 3.008785 -24.89483 8.455414 -25.93212 8.455414 -24.89483 7.288815 -24.89483 7.288815 -25.93212 8.455414 -25.93212 7.288815 -24.89483 7.288815 -25.93212 7.288815 -24.89483 6.122216 -24.89483 6.122216 -25.93212 7.288815 -25.93212 6.122216 -24.89483 6.122216 -25.93212 6.122216 -24.89483 4.955617 -24.89483 4.955617 -25.93212 6.122216 -25.93212 4.955617 -24.89483 4.955617 -25.93212 4.955617 -24.89483 3.789018 -24.89483 3.789018 -25.93212 4.955617 -25.93212 3.789018 -24.89483 3.789018 -25.93212 3.789018 -25.93212 3.008368 -25.93212 3.008368 -25.93212 3.789018 -26.9694 3.008785 -25.93212 3.008368 -26.9694 3.008785 -26.9694 2.622419 -24.89483 8.455414 -24.89483 7.288815 -23.85755 7.288815 -23.85755 7.288815 -24.89483 7.288815 -23.85755 6.122216 -23.85755 7.288815 -23.85755 6.122216 -22.82027 6.122216 -22.82027 6.122216 -23.85755 6.122216 -22.82027 4.955617 -22.82027 6.122216 -22.82027 4.955617 -21.78298 4.955617 -21.78298 4.955617 -22.82027 4.955617 -21.78298 3.789018 -21.78298 4.955617 -21.78298 3.789018 -20.74569 3.789018 -20.74569 3.789018 -21.78298 3.789018 -21.78298 3.006701 -20.74569 3.789018 -21.78298 3.006701 -20.74569 3.006284 -20.74569 3.006284 -21.78298 3.006701 -21.78298 2.622419 -20.74569 3.006284 -21.78298 2.622419 -20.74569 2.622419 -20.74569 2.622419 -21.78298 2.622419 -21.78298 1.45582 -20.74569 2.622419 -21.78298 1.45582 -20.74569 1.45582 -23.85755 6.122216 -24.89483 7.288815 -24.89483 6.122216 -21.78298 8.455414 -22.82027 8.455414 -21.78298 7.288815 -18.67112 6.122216 -19.70841 7.288815 -19.70841 6.122216 -19.70841 6.122216 -19.70841 7.288815 -20.74569 7.288815 -23.85755 6.122216 -24.89483 6.122216 -23.85755 4.955617 -23.85755 4.955617 -24.89483 6.122216 -24.89483 4.955617 -23.85755 4.955617 -24.89483 4.955617 -23.85755 3.789018 -23.85755 3.789018 -24.89483 4.955617 -24.89483 3.789018 -23.85755 3.789018 -24.89483 3.789018 -24.89483 3.007951 -24.89483 3.007951 -24.89483 3.789018 -25.93212 3.008368 -24.89483 3.007951 -25.93212 3.008368 -25.93212 2.622419 -25.93212 2.622419 -25.93212 3.008368 -26.9694 2.622419 -25.93212 2.622419 -26.9694 2.622419 -26.9694 1.455822 -17.63384 4.955617 -18.67112 6.122216 -18.67112 4.955617 -18.67112 4.955617 -18.67112 6.122216 -19.70841 6.122216 -23.85755 6.122216 -23.85755 4.955617 -22.82027 4.955617 -22.82027 4.955617 -23.85755 4.955617 -22.82027 3.789018 -22.82027 4.955617 -22.82027 3.789018 -21.78298 3.789018 -21.78298 3.789018 -22.82027 3.789018 -22.82027 3.007118 -21.78298 3.789018 -22.82027 3.007118 -21.78298 3.006701 -21.78298 3.006701 -22.82027 3.007118 -22.82027 2.622419 -21.78298 3.006701 -22.82027 2.622419 -21.78298 2.622419 -21.78298 2.622419 -22.82027 2.622419 -22.82027 1.455821 -21.78298 2.622419 -22.82027 1.455821 -21.78298 1.45582 -22.82027 3.789018 -23.85755 4.955617 -23.85755 3.789018 -17.1152 3.789018 -17.63384 4.955617 -17.63384 3.789018 -17.63384 3.789018 -17.63384 4.955617 -18.67112 4.955617 -22.82027 3.789018 -23.85755 3.789018 -23.85755 3.007535 -23.85755 3.007535 -23.85755 3.789018 -24.89483 3.007951 -23.85755 3.007535 -24.89483 3.007951 -24.89483 2.622419 -24.89483 2.622419 -24.89483 3.007951 -25.93212 2.622419 -24.89483 2.622419 -25.93212 2.622419 -25.93212 1.455822 -25.93212 1.455822 -25.93212 2.622419 -26.9694 1.455822 -17.1152 3.004826 -17.1152 3.789018 -17.63384 3.789018 -22.82027 3.789018 -23.85755 3.007535 -22.82027 3.007118 -22.82027 3.007118 -23.85755 3.007535 -23.85755 2.622419 -22.82027 3.007118 -23.85755 2.622419 -22.82027 2.622419 -22.82027 2.622419 -23.85755 2.622419 -23.85755 1.455821 -22.82027 2.622419 -23.85755 1.455821 -22.82027 1.455821 -23.85755 2.622419 -23.85755 3.007535 -24.89483 2.622419 -18.67112 3.005451 -19.70841 3.789018 -19.70841 3.005868 -19.70841 3.005868 -19.70841 2.622419 -18.67112 3.005451 -18.67112 3.005451 -19.70841 2.622419 -18.67112 2.622419 -18.67112 3.005451 -18.67112 2.622419 -18.107 2.622419 -23.85755 2.622419 -24.89483 2.622419 -24.89483 1.455822 -24.89483 1.455822 -24.89483 2.622419 -25.93212 1.455822 -24.89483 1.455822 -23.85755 1.455821 -23.85755 2.622419 -19.70841 1.848212 -20.74569 2.622419 -20.74569 1.45582 0.020334 -4.098275 0.699154 -3.896519 1.190636 -3.643596 1.190636 -3.643596 0.699154 -3.896519 1.416324 -3.530834 1.190636 -3.643596 1.416324 -3.530834 2.174256 -2.863318 2.174256 -2.863318 1.416324 -3.530834 2.054449 -3.030993 2.174256 -2.863318 2.054449 -3.030993 2.594898 -2.410219 2.174256 -2.863318 2.594898 -2.410219 2.883295 -1.82717 2.883295 -1.82717 2.594898 -2.410219 3.191505 -1.247839 2.883295 -1.82717 3.191505 -1.247839 3.254393 -0.627742 3.254393 -0.627742 3.191505 -1.247839 3.399312 2e-6 3.254393 -0.627742 3.399312 2e-6 3.254388 0.627781 3.254388 0.627781 3.399312 2e-6 3.191505 1.247844 3.254388 0.627781 3.191505 1.247844 2.88328 1.827206 2.88328 1.827206 3.191505 1.247844 2.594897 2.410223 2.88328 1.827206 2.594897 2.410223 2.174232 2.863348 2.174232 2.863348 2.594897 2.410223 2.054448 3.030997 2.174232 2.863348 2.054448 3.030997 1.416323 3.530839 2.174232 2.863348 1.416323 3.530839 1.190606 3.643617 1.190606 3.643617 1.416323 3.530839 0.699153 3.896523 1.190606 3.643617 0.699153 3.896523 0.02029997 4.098287 0.603426 -4.023364 -5.526699 -4.023364 -0.02918899 -4.894084 -0.02918899 -4.894084 -5.526699 -4.023364 -4.894084 -4.894084 -0.02918899 -4.894084 -4.894084 -4.894084 -0.899909 -5.526699 -0.899909 -5.526699 -4.894084 -4.894084 -4.023364 -5.526699 -0.899909 -5.526699 -4.023364 -5.526699 -1.923502 -5.859284 -1.923502 -5.859284 -4.023364 -5.526699 -2.999771 -5.859284 -5.526699 -4.023364 0.603426 -4.023364 -5.859284 -2.999771 -5.859284 -2.999771 0.603426 -4.023364 0.936011 -2.999771 -5.859284 -2.999771 0.936011 -2.999771 -5.859284 -1.923502 -5.859284 -1.923502 0.936011 -2.999771 0.936011 -1.923502 -5.859284 -1.923502 0.936011 -1.923502 -5.526699 -0.899909 -5.526699 -0.899909 0.936011 -1.923502 0.603426 -0.899909 -5.526699 -0.899909 0.603426 -0.899909 -4.894084 -0.02918899 -4.894084 -0.02918899 0.603426 -0.899909 -0.02918899 -0.02918899 -4.894084 -0.02918899 -0.02918899 -0.02918899 -4.023364 0.603426 -4.023364 0.603426 -0.02918899 -0.02918899 -0.899909 0.603426 -4.023364 0.603426 -0.899909 0.603426 -2.999771 0.936011 -2.999771 0.936011 -0.899909 0.603426 -1.923502 0.936011 0.01999998 0 -0.01999998 0 0.01999998 -1.080708 0.01999998 -1.080708 -0.01999998 0 -0.01999998 -1.080708 0.01999998 -1.080708 -0.01999998 -1.080708 0.01999998 -2.161416 0.01999998 -2.161416 -0.01999998 -1.080708 -0.01999998 -2.161416 0.01999998 -2.161416 -0.01999998 -2.161416 0.01999998 -3.242124 0.01999998 -3.242124 -0.01999998 -2.161416 -0.01999998 -3.242124 0.01999998 -3.242124 -0.01999998 -3.242124 0.01999998 -4.322832 0.01999998 -4.322832 -0.01999998 -3.242124 -0.01999998 -4.322832 0.01999998 -4.322832 -0.01999998 -4.322832 0.01999998 -5.403539 0.01999998 -5.403539 -0.01999998 -4.322832 -0.01999998 -5.403539 0.01999998 -5.403539 -0.01999998 -5.403539 0.01999998 -6.484247 0.01999998 -6.484247 -0.01999998 -5.403539 -0.01999998 -6.484247 0.01999998 -6.484247 -0.01999998 -6.484247 0.01999998 -7.564955 0.01999998 -7.564955 -0.01999998 -6.484247 -0.01999998 -7.564955 0.01999998 -7.564955 -0.01999998 -7.564955 0.01999998 -8.645664 0.01999998 -8.645664 -0.01999998 -7.564955 -0.01999998 -8.645664 0.01999998 -8.645664 -0.01999998 -8.645664 0.01999998 -9.726371 0.01999998 -9.726371 -0.01999998 -8.645664 -0.01999998 -9.726371 0.01999998 -9.726371 -0.01999998 -9.726371 0.01999998 -10.80708 0.01999998 -10.80708 -0.01999998 -9.726371 -0.01999998 -10.80708 -0.01999998 0 0.01999998 0 -0.01999998 1.080708 -0.01999998 1.080708 0.01999998 0 0.01999998 1.080708 -0.01999998 1.080708 0.01999998 1.080708 -0.01999998 2.161416 -0.01999998 2.161416 0.01999998 1.080708 0.01999998 2.161416 -0.01999998 2.161416 0.01999998 2.161416 -0.01999998 3.242124 -0.01999998 3.242124 0.01999998 2.161416 0.01999998 3.242124 -0.01999998 3.242124 0.01999998 3.242124 -0.01999998 4.322832 -0.01999998 4.322832 0.01999998 3.242124 0.01999998 4.322832 -0.01999998 4.322832 0.01999998 4.322832 -0.01999998 5.403539 -0.01999998 5.403539 0.01999998 4.322832 0.01999998 5.403539 -0.01999998 5.403539 0.01999998 5.403539 -0.01999998 6.484247 -0.01999998 6.484247 0.01999998 5.403539 0.01999998 6.484247 -0.01999998 6.484247 0.01999998 6.484247 -0.01999998 7.564955 -0.01999998 7.564955 0.01999998 6.484247 0.01999998 7.564955 -0.01999998 7.564955 0.01999998 7.564955 -0.01999998 8.645664 -0.01999998 8.645664 0.01999998 7.564955 0.01999998 8.645664 -0.01999998 8.645664 0.01999998 8.645664 -0.01999998 9.726371 -0.01999998 9.726371 0.01999998 8.645664 0.01999998 9.726371 -0.01999998 9.726371 0.01999998 9.726371 -0.01999998 10.80708 -0.01999998 10.80708 0.01999998 9.726371 0.01999998 10.80708 4.023364 0.603426 4.894084 -4.894084 4.894084 -0.02918899 4.894084 -0.02918899 4.894084 -4.894084 5.526699 -4.023364 4.894084 -0.02918899 5.526699 -4.023364 5.526699 -0.899909 5.526699 -0.899909 5.526699 -4.023364 5.859284 -2.999771 5.526699 -0.899909 5.859284 -2.999771 5.859284 -1.923502 4.894084 -4.894084 4.023364 0.603426 4.023364 -5.526699 4.023364 -5.526699 4.023364 0.603426 2.999771 0.936011 4.023364 -5.526699 2.999771 0.936011 2.999771 -5.859284 2.999771 -5.859284 2.999771 0.936011 1.923502 0.936011 2.999771 -5.859284 1.923502 0.936011 1.923502 -5.859284 1.923502 -5.859284 1.923502 0.936011 0.899909 0.603426 1.923502 -5.859284 0.899909 0.603426 0.02918899 -0.02918899 0.02918899 -0.02918899 -0.603426 -0.899909 1.923502 -5.859284 1.923502 -5.859284 -0.603426 -0.899909 -0.936011 -1.923502 1.923502 -5.859284 -0.936011 -1.923502 -0.936011 -2.999771 1.923502 -5.859284 -0.936011 -2.999771 0.899909 -5.526699 0.899909 -5.526699 -0.936011 -2.999771 -0.603426 -4.023364 0.899909 -5.526699 -0.603426 -4.023364 0.02918899 -4.894084 0.701727 0.342387 0 0.343351 0.297564 0.05689096 0.297564 0.05689096 0 0.343351 3e-6 -0.339255 -6.913218 0 -6.688606 0.01299697 -6.876775 0.006504952 -6.876775 0.006504952 -6.688606 0.01299697 -6.91302 0.01299899 -6.876775 0.006504952 -6.91302 0.01299899 -7.141266 0.006504952 -7.141266 0.006504952 -6.91302 0.01299899 -7.405757 0.006504952 -7.141266 0.006504952 -7.405757 0.006504952 -6.913218 0 -6.913218 0 -7.405757 0.006504952 -7.670249 0 -7.670249 0 -7.405757 0.006504952 -7.670249 0.006504952 -7.670249 0 -7.670249 0.006504952 -7.93474 0.006504952 -7.93474 0.006504952 -7.670249 0.006504952 -7.670249 0.01300495 -7.93474 0.006504952 -7.670249 0.01300495 -8.477887 0.01301097 -6.91302 0.01299899 -7.670249 0.01300495 -7.405757 0.006504952 -7.405757 0.006504952 -7.670249 0.01300495 -7.670249 0.006504952 -9.257197 0.01300495 -8.992706 0.006504952 -8.477887 0.01301097 -8.477887 0.01301097 -8.992706 0.006504952 -8.728215 0.006504952 -8.477887 0.01301097 -8.728215 0.006504952 -8.463723 0.006504952 -8.463723 0.006504952 -8.728215 0.006504952 -8.477886 0 -8.463723 0.006504952 -8.477886 0 -8.287395 0.006504952 -8.287395 0.006504952 -8.477886 0 -7.93474 0.006504952 -8.287395 0.006504952 -7.93474 0.006504952 -8.477887 0.01301097 -10.04675 0.01299899 -9.521688 0.006504952 -9.257197 0.01300495 -9.257197 0.01300495 -9.521688 0.006504952 -9.257197 0.006504952 -9.257197 0.01300495 -9.257197 0.006504952 -8.992706 0.006504952 -8.992706 0.006504952 -9.257197 0.006504952 -9.257197 0 -8.992706 0.006504952 -9.257197 0 -8.477886 0 -10.27176 0.01300299 -10.05067 0.006504952 -10.04675 0.01299899 -10.04675 0.01299899 -10.05067 0.006504952 -9.78618 0.006504952 -10.04675 0.01299899 -9.78618 0.006504952 -9.521688 0.006504952 -9.521688 0.006504952 -9.78618 0.006504952 -10.04655 10e-7 -9.521688 0.006504952 -10.04655 10e-7 -9.257197 0 -10.27176 0.01300299 -10.04655 10e-7 -10.05067 0.006504952 -10.05067 0.006504952 -10.04655 10e-7 -9.78618 0.006504952 -8.477886 0 -7.670249 0 -7.93474 0.006504952 -7.141266 0.006504952 -6.913218 0 -6.876775 0.006504952 -9.257197 0 -9.257197 0.006504952 -9.521688 0.006504952 -8.477886 0 -8.728215 0.006504952 -8.992706 0.006504952 -8.287395 0.006504952 -8.477887 0.01301097 -8.463723 0.006504952 -6.994089 0.254356 -6.989655 0.28389 -7.912127 0.278659 -7.912127 0.278659 -6.989655 0.28389 -7.067754 0.301968 -7.912127 0.278659 -7.067754 0.301968 -7.912127 0.302661 -7.912127 0.302661 -7.067754 0.301968 -7.107924 0.308995 -7.912127 0.302661 -7.107924 0.308995 -7.57347 0.317978 -7.57347 0.317978 -7.107924 0.308995 -7.162873 0.314116 -7.57347 0.317978 -7.162873 0.314116 -7.244171 0.317208 -7.244171 0.317208 -7.345244 0.318401 -7.57347 0.317978 -7.57347 0.317978 -8.295008 0.312709 -7.912127 0.302661 -7.912127 0.302661 -8.295008 0.312709 -8.834598 0.302661 -7.912127 0.302661 -8.834598 0.302661 -7.912127 0.278659 -7.912127 0.278659 -8.834598 0.302661 -8.834598 0.278659 -7.912127 0.278659 -8.834598 0.278659 -7.912127 0.254656 -7.912127 0.254656 -8.834598 0.278659 -8.834598 0.254656 -7.912127 0.254656 -8.834598 0.254656 -7.912127 0.230653 -7.912127 0.230653 -8.834598 0.254656 -8.834598 0.230653 -7.912127 0.230653 -8.834598 0.230653 -7.912127 0.20665 -7.912127 0.20665 -8.834598 0.230653 -8.834598 0.20665 -7.912127 0.20665 -8.834598 0.20665 -8.824526 0.201266 -8.824526 0.201266 -8.834598 0.20665 -9.727499 0.207424 -9.727499 0.207424 -8.834598 0.20665 -8.834598 0.230653 -9.727499 0.207424 -8.834598 0.230653 -10.27022 0.230653 -10.27022 0.230653 -8.834598 0.230653 -10.27022 0.254656 -10.27022 0.230653 -10.27022 0.254656 -11.70584 0.254656 -11.70584 0.254656 -10.27022 0.254656 -11.70584 0.278659 -11.70584 0.254656 -11.70584 0.278659 -12.42365 0.278659 -12.42365 0.278659 -11.70584 0.278659 -12.0771 0.301909 -12.42365 0.278659 -12.0771 0.301909 -12.42365 0.302661 -12.42365 0.302661 -12.0771 0.301909 -13.09808 0.326709 -12.42365 0.302661 -13.09808 0.326709 -13.14146 0.302661 -13.14146 0.302661 -13.09808 0.326709 -13.14146 0.326708 -13.14146 0.302661 -13.14146 0.326708 -13.85928 0.326704 -13.85928 0.326704 -13.14146 0.326708 -13.85928 0.341451 -13.85928 0.326704 -13.85928 0.341451 -14.57709 0.341451 -14.57709 0.341451 -13.85928 0.341451 -14.13536 0.371021 -14.57709 0.341451 -14.13536 0.371021 -15.17263 0.326695 -8.295008 0.312709 -9.217612 0.306318 -8.834598 0.302661 -8.834598 0.302661 -9.217612 0.306318 -8.834598 0.278659 -9.217612 0.306318 -10.14815 0.301146 -8.834598 0.278659 -8.834598 0.278659 -10.14815 0.301146 -10.27022 0.278659 -8.834598 0.278659 -10.27022 0.278659 -8.834598 0.254656 -8.834598 0.254656 -10.27022 0.278659 -10.27022 0.254656 -8.834598 0.254656 -10.27022 0.254656 -8.834598 0.230653 -10.14815 0.301146 -11.09667 0.298299 -10.27022 0.278659 -10.27022 0.278659 -11.09667 0.298299 -11.70584 0.278659 -10.27022 0.278659 -11.70584 0.278659 -10.27022 0.254656 -11.09667 0.298299 -12.0771 0.301909 -11.70584 0.278659 -13.14146 0.326708 -13.09808 0.326709 -13.85928 0.341451 -13.85928 0.341451 -13.09808 0.326709 -14.13536 0.371021 -16.05047 0.303573 -15.2949 0.302661 -15.17263 0.326695 -15.17263 0.326695 -15.2949 0.302661 -14.57709 0.302661 -15.17263 0.326695 -14.57709 0.302661 -14.57709 0.326699 -14.57709 0.326699 -14.57709 0.302661 -13.85928 0.302661 -14.57709 0.326699 -13.85928 0.302661 -13.85928 0.326704 -13.85928 0.326704 -13.85928 0.302661 -13.14146 0.302661 -15.2949 0.302661 -16.05047 0.303573 -16.01271 0.302661 -16.01271 0.302661 -16.05047 0.303573 -17.05648 0.298248 -16.01271 0.302661 -17.05648 0.298248 -16.73052 0.278659 -16.73052 0.278659 -17.05648 0.298248 -17.44833 0.278659 -16.73052 0.278659 -17.44833 0.278659 -16.73052 0.254656 -16.73052 0.254656 -17.44833 0.278659 -17.44833 0.254656 -16.73052 0.254656 -17.44833 0.254656 -16.73052 0.230653 -16.73052 0.230653 -17.44833 0.254656 -17.44833 0.230653 -16.73052 0.230653 -17.44833 0.230653 -17.61106 0.212891 -17.61106 0.212891 -17.44833 0.230653 -18.88395 0.230653 -17.61106 0.212891 -18.88395 0.230653 -18.88395 0.20665 -18.88395 0.20665 -18.88395 0.230653 -20.31958 0.230653 -18.88395 0.20665 -20.31958 0.230653 -18.98958 0.2044669 -18.98958 0.2044669 -20.31958 0.230653 -20.31958 0.20665 -18.98958 0.2044669 -20.31958 0.20665 -20.35197 0.194822 -20.35197 0.194822 -20.31958 0.20665 -20.5792 0.193524 -20.5792 0.193524 -20.31958 0.20665 -21.12674 0.200381 -20.5792 0.193524 -21.12674 0.200381 -21.00915 0.194963 -21.00915 0.194963 -21.12674 0.200381 -21.09326 0.198097 -17.05648 0.298248 -18.02753 0.300718 -17.44833 0.278659 -17.44833 0.278659 -18.02753 0.300718 -18.88395 0.278659 -17.44833 0.278659 -18.88395 0.278659 -17.44833 0.254656 -17.44833 0.254656 -18.88395 0.278659 -18.88395 0.254656 -17.44833 0.254656 -18.88395 0.254656 -17.44833 0.230653 -17.44833 0.230653 -18.88395 0.254656 -18.88395 0.230653 -18.88395 0.278659 -18.02753 0.300718 -18.88395 0.302661 -18.88395 0.302661 -18.02753 0.300718 -18.97834 0.305847 -18.88395 0.302661 -18.97834 0.305847 -20.31958 0.302661 -20.31958 0.302661 -18.97834 0.305847 -19.92065 0.312298 -20.31958 0.302661 -19.92065 0.312298 -20.67968 0.317881 -20.91571 0.318442 -21.1039 0.314353 -20.67968 0.317881 -20.67968 0.317881 -21.1039 0.314353 -21.16105 0.309226 -20.67968 0.317881 -21.16105 0.309226 -20.31958 0.302661 -20.31958 0.302661 -21.16105 0.309226 -21.20193 0.302186 -20.31958 0.302661 -21.20193 0.302186 -20.31958 0.278659 -20.31958 0.278659 -21.20193 0.302186 -21.28106 0.28389 -20.31958 0.278659 -21.28106 0.28389 -21.27667 0.25434 -20.91571 0.318442 -21.01962 0.317352 -21.1039 0.314353 -21.27263 0.224761 -20.31958 0.230653 -21.27667 0.25434 -21.27667 0.25434 -20.31958 0.230653 -20.31958 0.254656 -21.27667 0.25434 -20.31958 0.254656 -20.31958 0.278659 -20.31958 0.278659 -20.31958 0.254656 -18.88395 0.254656 -20.31958 0.278659 -18.88395 0.254656 -18.88395 0.278659 -21.27263 0.224761 -21.19766 0.209345 -20.31958 0.230653 -20.31958 0.230653 -21.19766 0.209345 -20.31958 0.20665 -21.19766 0.209345 -21.12674 0.200381 -20.31958 0.20665 -18.98958 0.2044669 -17.61106 0.212891 -18.88395 0.20665 -17.61106 0.212891 -16.19383 0.215555 -16.73052 0.230653 -16.73052 0.230653 -16.19383 0.215555 -16.01271 0.230653 -16.73052 0.230653 -16.01271 0.230653 -16.73052 0.254656 -16.73052 0.254656 -16.01271 0.230653 -16.01271 0.254656 -16.73052 0.254656 -16.01271 0.254656 -16.73052 0.278659 -16.73052 0.278659 -16.01271 0.254656 -16.01271 0.278659 -16.73052 0.278659 -16.01271 0.278659 -16.01271 0.302661 -16.01271 0.302661 -16.01271 0.278659 -15.2949 0.278659 -16.01271 0.302661 -15.2949 0.278659 -15.2949 0.302661 -15.2949 0.302661 -15.2949 0.278659 -14.57709 0.278659 -15.2949 0.302661 -14.57709 0.278659 -14.57709 0.302661 -14.57709 0.302661 -14.57709 0.278659 -13.85928 0.278659 -14.57709 0.302661 -13.85928 0.278659 -13.85928 0.302661 -13.85928 0.302661 -13.85928 0.278659 -13.14146 0.278659 -13.85928 0.302661 -13.14146 0.278659 -13.14146 0.302661 -13.14146 0.302661 -13.14146 0.278659 -12.42365 0.278659 -13.14146 0.302661 -12.42365 0.278659 -12.42365 0.302661 -16.19383 0.215555 -16.19102 0.215544 -16.01271 0.230653 -16.01271 0.230653 -16.19102 0.215544 -15.88269 0.21346 -16.01271 0.230653 -15.88269 0.21346 -15.88258 0.213459 -16.01271 0.230653 -15.88258 0.213459 -15.2949 0.230653 -15.2949 0.230653 -15.88258 0.213459 -15.67079 0.210791 -15.2949 0.230653 -15.67079 0.210791 -15.2949 0.20665 -15.2949 0.20665 -15.67079 0.210791 -14.93709 0.18849 -15.2949 0.20665 -14.93709 0.18849 -14.57709 0.20665 -14.57709 0.20665 -14.93709 0.18849 -14.57709 0.182648 -14.57709 0.20665 -14.57709 0.182648 -13.85928 0.182648 -13.85928 0.182648 -14.57709 0.182648 -13.85928 0.174248 -13.85928 0.182648 -13.85928 0.174248 -13.3631 0.187191 -13.3631 0.187191 -13.85928 0.174248 -14.13536 0.158758 -14.13536 0.158758 -13.85928 0.174248 -14.57709 0.182648 -14.13536 0.158758 -14.57709 0.182648 -14.93709 0.18849 -12.59983 0.210791 -13.14146 0.20665 -13.3631 0.187191 -13.3631 0.187191 -13.14146 0.20665 -13.85928 0.20665 -13.3631 0.187191 -13.85928 0.20665 -13.85928 0.182648 -13.85928 0.182648 -13.85928 0.20665 -14.57709 0.20665 -13.14146 0.20665 -12.59983 0.210791 -13.14146 0.230653 -13.14146 0.230653 -12.59983 0.210791 -12.38802 0.213459 -13.14146 0.230653 -12.38802 0.213459 -12.42365 0.230653 -12.42365 0.230653 -12.38802 0.213459 -11.70584 0.230653 -12.42365 0.230653 -11.70584 0.230653 -12.42365 0.254656 -12.42365 0.254656 -11.70584 0.230653 -11.70584 0.254656 -12.42365 0.254656 -11.70584 0.254656 -12.42365 0.278659 -12.38802 0.213459 -11.58417 0.216096 -11.70584 0.230653 -11.70584 0.230653 -11.58417 0.216096 -10.60874 0.212641 -11.70584 0.230653 -10.60874 0.212641 -10.27022 0.230653 -10.27022 0.230653 -10.60874 0.212641 -9.727499 0.207424 -8.824526 0.201266 -7.696532 0.193547 -7.912127 0.20665 -7.912127 0.20665 -7.696532 0.193547 -7.117842 0.202897 -7.912127 0.20665 -7.117842 0.202897 -7.073973 0.209182 -7.117842 0.202897 -7.696532 0.193547 -7.180557 0.197926 -7.180557 0.197926 -7.696532 0.193547 -7.473802 0.1930029 -7.180557 0.197926 -7.473802 0.1930029 -7.265961 0.1948609 -7.265961 0.1948609 -7.473802 0.1930029 -7.315145 0.19398 -7.912127 0.20665 -7.073973 0.209182 -7.912127 0.230653 -7.912127 0.230653 -7.073973 0.209182 -6.99809 0.224761 -7.912127 0.230653 -6.99809 0.224761 -6.994089 0.254356 -13.85928 0.326704 -14.57709 0.341451 -14.57709 0.326699 -14.57709 0.326699 -14.57709 0.341451 -15.17263 0.326695 -18.88395 0.302661 -20.31958 0.302661 -18.88395 0.278659 -18.88395 0.278659 -20.31958 0.302661 -20.31958 0.278659 -15.2949 0.278659 -16.01271 0.278659 -15.2949 0.254656 -15.2949 0.254656 -16.01271 0.278659 -16.01271 0.254656 -15.2949 0.254656 -16.01271 0.254656 -15.2949 0.230653 -15.2949 0.230653 -16.01271 0.254656 -16.01271 0.230653 -14.57709 0.278659 -15.2949 0.278659 -14.57709 0.254656 -14.57709 0.254656 -15.2949 0.278659 -15.2949 0.254656 -14.57709 0.254656 -15.2949 0.254656 -14.57709 0.230653 -14.57709 0.230653 -15.2949 0.254656 -15.2949 0.230653 -14.57709 0.230653 -15.2949 0.230653 -14.57709 0.20665 -14.57709 0.20665 -15.2949 0.230653 -15.2949 0.20665 -13.85928 0.278659 -14.57709 0.278659 -13.85928 0.254656 -13.85928 0.254656 -14.57709 0.278659 -14.57709 0.254656 -13.85928 0.254656 -14.57709 0.254656 -13.85928 0.230653 -13.85928 0.230653 -14.57709 0.254656 -14.57709 0.230653 -13.85928 0.230653 -14.57709 0.230653 -13.85928 0.20665 -13.85928 0.20665 -14.57709 0.230653 -14.57709 0.20665 -12.42365 0.254656 -12.42365 0.278659 -13.14146 0.278659 -13.14146 0.278659 -13.85928 0.278659 -13.14146 0.254656 -13.14146 0.254656 -13.85928 0.278659 -13.85928 0.254656 -13.14146 0.254656 -13.85928 0.254656 -13.14146 0.230653 -13.14146 0.230653 -13.85928 0.254656 -13.85928 0.230653 -13.14146 0.230653 -13.85928 0.230653 -13.14146 0.20665 -13.14146 0.20665 -13.85928 0.230653 -13.85928 0.20665 -7.912127 0.230653 -6.994089 0.254356 -7.912127 0.254656 -7.912127 0.254656 -6.994089 0.254356 -7.912127 0.278659 -11.70584 0.230653 -10.27022 0.230653 -11.70584 0.254656 -13.14146 0.230653 -12.42365 0.230653 -13.14146 0.254656 -13.14146 0.254656 -12.42365 0.230653 -12.42365 0.254656 -13.14146 0.254656 -12.42365 0.254656 -13.14146 0.278659 -20.31958 0.230653 -18.88395 0.230653 -20.31958 0.254656 -20.31958 0.254656 -18.88395 0.230653 -18.88395 0.254656 -0.009507954 0 0.009507954 0 -0.009507954 1.123119 -0.009507954 1.123119 0.009507954 0 0.009507954 1.123119 -0.009507954 1.123119 0.009507954 1.123119 -0.009507954 2.246239 -0.009507954 2.246239 0.009507954 1.123119 0.009507954 2.246239 -0.009507954 2.246239 0.009507954 2.246239 -0.009507954 3.369358 -0.009507954 3.369358 0.009507954 2.246239 0.009507954 3.369358 -0.009507954 3.369358 0.009507954 3.369358 -0.009507954 4.492477 -0.009507954 4.492477 0.009507954 3.369358 0.009507954 4.492477 -0.009507954 4.492477 0.009507954 4.492477 -0.009507954 5.615597 -0.009507954 5.615597 0.009507954 4.492477 0.009507954 5.615597 -0.009507954 5.615597 0.009507954 5.615597 -0.009507954 6.738716 -0.009507954 6.738716 0.009507954 5.615597 0.009507954 6.738716 -0.009507954 6.738716 0.009507954 6.738716 -0.009507954 7.861835 -0.009507954 7.861835 0.009507954 6.738716 0.009507954 7.861835 -0.009507954 7.861835 0.009507954 7.861835 -0.009507954 8.984955 -0.009507954 8.984955 0.009507954 7.861835 0.009507954 8.984955 -0.009507954 8.984955 0.009507954 8.984955 -0.009507954 10.10807 -0.009507954 10.10807 0.009507954 8.984955 0.009507954 10.10807 -0.009507954 10.10807 0.009507954 10.10807 -0.009507954 11.23119 -0.009507954 11.23119 0.009507954 10.10807 0.009507954 11.23119 -2.529763 57.33491 -1.623507 56.67836 0 59.87005 0 59.87005 -1.623507 56.67836 1.623507 56.67836 0 59.87005 1.623507 56.67836 2.529763 57.33491 -0.559273 56.33392 0.559273 56.33392 -1.623507 56.67836 -1.623507 56.67836 0.559273 56.33392 1.623507 56.67836 2.529763 57.33491 3.189067 58.24098 0 59.87005 0 59.87005 3.189067 58.24098 2.603272 61.20049 0 59.87005 2.603272 61.20049 2.529763 62.40518 2.529763 62.40518 2.603272 61.20049 3.189067 61.49911 3.189067 61.49911 2.603272 61.20049 3.536055 60.43169 3.536055 60.43169 2.603272 61.20049 3.536055 59.30841 3.536055 59.30841 2.603272 61.20049 3.189067 58.24098 1.623507 63.06174 0.559273 63.40618 2.529763 62.40518 2.529763 62.40518 0.559273 63.40618 -0.559273 63.40618 2.529763 62.40518 -0.559273 63.40618 0 59.87005 0 59.87005 -0.559273 63.40618 -1.623507 63.06174 0 59.87005 -1.623507 63.06174 -2.603272 61.20049 -2.603272 61.20049 -1.623507 63.06174 -2.529763 62.40518 -2.603272 61.20049 -2.529763 62.40518 -3.189067 61.49911 -3.189067 61.49911 -3.536055 60.43169 -2.603272 61.20049 -2.603272 61.20049 -3.536055 60.43169 0 59.87005 -3.536055 59.30841 -3.189067 58.24098 -3.536055 60.43169 -3.536055 60.43169 -3.189067 58.24098 -2.529763 57.33491 -3.536055 60.43169 -2.529763 57.33491 0 59.87005 -0.009507954 -11.23119 0.009507954 -11.23119 -0.009507954 -10.10807 -0.009507954 -10.10807 0.009507954 -11.23119 0.009507954 -10.10807 -0.009507954 -10.10807 0.009507954 -10.10807 -0.009507954 -8.984955 -0.009507954 -8.984955 0.009507954 -10.10807 0.009507954 -8.984955 -0.009507954 -8.984955 0.009507954 -8.984955 -0.009507954 -7.861835 -0.009507954 -7.861835 0.009507954 -8.984955 0.009507954 -7.861835 -0.009507954 -7.861835 0.009507954 -7.861835 -0.009507954 -6.738716 -0.009507954 -6.738716 0.009507954 -7.861835 0.009507954 -6.738716 -0.009507954 -6.738716 0.009507954 -6.738716 -0.009507954 -5.615597 -0.009507954 -5.615597 0.009507954 -6.738716 0.009507954 -5.615597 -0.009507954 -5.615597 0.009507954 -5.615597 -0.009507954 -4.492477 -0.009507954 -4.492477 0.009507954 -5.615597 0.009507954 -4.492477 -0.009507954 -4.492477 0.009507954 -4.492477 -0.009507954 -3.369358 -0.009507954 -3.369358 0.009507954 -4.492477 0.009507954 -3.369358 -0.009507954 -3.369358 0.009507954 -3.369358 -0.009507954 -2.246239 -0.009507954 -2.246239 0.009507954 -3.369358 0.009507954 -2.246239 -0.009507954 -2.246239 0.009507954 -2.246239 -0.009507954 -1.123119 -0.009507954 -1.123119 0.009507954 -2.246239 0.009507954 -1.123119 -0.009507954 -1.123119 0.009507954 -1.123119 -0.009507954 0 -0.009507954 0 0.009507954 -1.123119 0.009507954 0 4.239737 0.635877 4.217037 0.591327 5.157283 -0.03075897 5.157283 -0.03075897 4.217037 0.591327 5.121928 -0.066114 5.157283 -0.03075897 5.121928 -0.066114 5.82392 -0.948306 5.82392 -0.948306 5.121928 -0.066114 5.779369 -0.971005 5.82392 -0.948306 5.779369 -0.971005 6.174391 -2.026946 6.174391 -2.026946 5.779369 -0.971005 6.125007 -2.034768 6.174391 -2.026946 6.125007 -2.034768 6.174391 -3.161096 6.174391 -3.161096 6.125007 -2.034768 6.125007 -3.153275 6.174391 -3.161096 6.125007 -3.153275 5.779369 -4.217037 4.217037 0.591327 4.239737 0.635877 3.153275 0.936965 3.153275 0.936965 4.239737 0.635877 3.161096 0.986349 3.153275 0.936965 3.161096 0.986349 2.026946 0.986349 3.153275 0.936965 2.026946 0.986349 2.034768 0.936965 2.034768 0.936965 2.026946 0.986349 0.948306 0.635877 2.034768 0.936965 0.948306 0.635877 0.971005 0.591327 0.971005 0.591327 0.948306 0.635877 0.03075897 -0.03075897 0.971005 0.591327 0.03075897 -0.03075897 0.066114 -0.066114 0.066114 -0.066114 0.03075897 -0.03075897 -0.635877 -0.948306 0.066114 -0.066114 -0.635877 -0.948306 -0.591327 -0.971005 -0.591327 -0.971005 -0.635877 -0.948306 -0.986349 -2.026946 -0.591327 -0.971005 -0.986349 -2.026946 -0.936965 -2.034768 -0.936965 -2.034768 -0.986349 -2.026946 -0.986349 -3.161096 -0.936965 -2.034768 -0.986349 -3.161096 -0.936965 -3.153275 -0.936965 -3.153275 -0.986349 -3.161096 -0.591327 -4.217037 -0.591327 -4.217037 -0.986349 -3.161096 -0.635877 -4.239737 -0.591327 -4.217037 -0.635877 -4.239737 0.03075897 -5.157283 0.948306 -5.82392 0.971005 -5.779369 0.03075897 -5.157283 0.03075897 -5.157283 0.971005 -5.779369 0.066114 -5.121928 0.03075897 -5.157283 0.066114 -5.121928 -0.591327 -4.217037 0.971005 -5.779369 0.948306 -5.82392 2.034768 -6.125007 2.034768 -6.125007 0.948306 -5.82392 2.026946 -6.174391 2.034768 -6.125007 2.026946 -6.174391 3.161096 -6.174391 2.034768 -6.125007 3.161096 -6.174391 3.153275 -6.125007 3.153275 -6.125007 3.161096 -6.174391 4.239737 -5.82392 3.153275 -6.125007 4.239737 -5.82392 4.217037 -5.779369 4.217037 -5.779369 4.239737 -5.82392 5.157283 -5.157283 4.217037 -5.779369 5.157283 -5.157283 5.121928 -5.121928 5.121928 -5.121928 5.157283 -5.157283 5.82392 -4.239737 5.121928 -5.121928 5.82392 -4.239737 5.779369 -4.217037 5.779369 -4.217037 5.82392 -4.239737 6.174391 -3.161096 -0.01187998 0 0.01187998 0 -0.01187998 1.138827 -0.01187998 1.138827 0.01187998 0 0.01187998 1.138827 -0.01187998 1.138827 0.01187998 1.138827 -0.01187998 2.277655 -0.01187998 2.277655 0.01187998 1.138827 0.01187998 2.277655 -0.01187998 2.277655 0.01187998 2.277655 -0.01187998 3.416482 -0.01187998 3.416482 0.01187998 2.277655 0.01187998 3.416482 -0.01187998 3.416482 0.01187998 3.416482 -0.01187998 4.555309 -0.01187998 4.555309 0.01187998 3.416482 0.01187998 4.555309 -0.01187998 4.555309 0.01187998 4.555309 -0.01187998 5.694137 -0.01187998 5.694137 0.01187998 4.555309 0.01187998 5.694137 -0.01187998 5.694137 0.01187998 5.694137 -0.01187998 6.832964 -0.01187998 6.832964 0.01187998 5.694137 0.01187998 6.832964 -0.01187998 6.832964 0.01187998 6.832964 -0.01187998 7.971791 -0.01187998 7.971791 0.01187998 6.832964 0.01187998 7.971791 -0.01187998 7.971791 0.01187998 7.971791 -0.01187998 9.110619 -0.01187998 9.110619 0.01187998 7.971791 0.01187998 9.110619 -0.01187998 9.110619 0.01187998 9.110619 -0.01187998 10.24945 -0.01187998 10.24945 0.01187998 9.110619 0.01187998 10.24945 -0.01187998 10.24945 0.01187998 10.24945 -0.01187998 11.38827 -0.01187998 11.38827 0.01187998 10.24945 0.01187998 11.38827 -0.145552 -8.717758 -0.134948 -8.717758 -0.1570799 -8.136573 -0.1570799 -8.136573 -0.134948 -8.717758 -0.134948 -7.555389 -0.1570799 -8.136573 -0.134948 -7.555389 -0.1570799 -6.974205 -0.1570799 -6.974205 -0.134948 -7.555389 -0.134948 -6.393022 -0.1570799 -6.974205 -0.134948 -6.393022 -0.1570799 -5.811838 -0.1570799 -5.811838 -0.134948 -6.393022 -0.134948 -5.230654 -0.1570799 -5.811838 -0.134948 -5.230654 -0.1570799 -4.64947 -0.1570799 -4.64947 -0.134948 -5.230654 -0.134948 -4.068286 -0.1570799 -4.64947 -0.134948 -4.068286 -0.1570799 -3.487103 -0.1570799 -3.487103 -0.134948 -4.068286 -0.134948 -2.905919 -0.1570799 -3.487103 -0.134948 -2.905919 -0.1570799 -2.324735 -0.1570799 -2.324735 -0.134948 -2.905919 -0.134948 -1.743551 -0.1570799 -2.324735 -0.134948 -1.743551 -0.1570799 -1.162368 -0.1570799 -1.162368 -0.134948 -1.743551 -0.134948 -0.581184 -0.1570799 -1.162368 -0.134948 -0.581184 -0.1570799 0 -0.1570799 0 -0.134948 -0.581184 -0.134948 0.581184 -0.1570799 0 -0.134948 0.581184 -0.1570799 1.162368 -0.1570799 1.162368 -0.134948 0.581184 -0.134948 1.743551 -0.1570799 1.162368 -0.134948 1.743551 -0.1570799 2.324735 -0.1570799 2.324735 -0.134948 1.743551 -0.145552 2.905919 -0.1570799 2.324735 -0.145552 2.905919 -0.156156 2.905919 -0.134948 1.743551 -0.134948 2.905919 -0.145552 2.905919 -0.156156 2.905919 -0.16676 2.905919 -0.1570799 2.324735 -0.1570799 2.324735 -0.16676 2.905919 -0.16676 1.743551 -0.1570799 2.324735 -0.16676 1.743551 -0.1570799 1.162368 -0.1570799 1.162368 -0.16676 1.743551 -0.16676 0.581184 -0.1570799 1.162368 -0.16676 0.581184 -0.1570799 0 -0.1570799 0 -0.16676 0.581184 -0.16676 -0.581184 -0.1570799 0 -0.16676 -0.581184 -0.1570799 -1.162368 -0.1570799 -1.162368 -0.16676 -0.581184 -0.16676 -1.743551 -0.1570799 -1.162368 -0.16676 -1.743551 -0.1570799 -2.324735 -0.1570799 -2.324735 -0.16676 -1.743551 -0.16676 -2.905919 -0.1570799 -2.324735 -0.16676 -2.905919 -0.1570799 -3.487103 -0.1570799 -3.487103 -0.16676 -2.905919 -0.16676 -4.068286 -0.1570799 -3.487103 -0.16676 -4.068286 -0.1570799 -4.64947 -0.1570799 -4.64947 -0.16676 -4.068286 -0.16676 -5.230654 -0.1570799 -4.64947 -0.16676 -5.230654 -0.1570799 -5.811838 -0.1570799 -5.811838 -0.16676 -5.230654 -0.16676 -6.393022 -0.1570799 -5.811838 -0.16676 -6.393022 -0.1570799 -6.974205 -0.1570799 -6.974205 -0.16676 -6.393022 -0.16676 -7.555389 -0.1570799 -6.974205 -0.16676 -7.555389 -0.1570799 -8.136573 -0.1570799 -8.136573 -0.16676 -7.555389 -0.16676 -8.717758 -0.1570799 -8.136573 -0.16676 -8.717758 -0.156156 -8.717758 -0.156156 -8.717758 -0.145552 -8.717758 -0.1570799 -8.136573 0.08762097 0 -0.159913 0 0.10037 -0.05676299 0.10037 -0.05676299 -0.159913 0 -0.159913 -0.05890494 0.10037 -0.05676299 -0.159913 -0.05890494 0.1133 -0.1157 0.1133 -0.1157 -0.159913 -0.05890494 -0.159913 -0.11781 0.1133 -0.1157 -0.159913 -0.11781 0.125539 -0.175357 0.125539 -0.175357 -0.159913 -0.11781 -0.159913 -0.176715 0.125539 -0.175357 -0.159913 -0.176715 0.136234 -0.2339569 0.136234 -0.2339569 -0.159913 -0.176715 -0.159913 -0.235619 0.136234 -0.2339569 -0.159913 -0.235619 0.145006 -0.291677 0.145006 -0.291677 -0.159913 -0.235619 -0.159913 -0.323977 0.145006 -0.291677 -0.159913 -0.323977 0.1519089 -0.351795 0.1519089 -0.351795 -0.159913 -0.323977 -0.159913 -0.412334 0.1519089 -0.351795 -0.159913 -0.412334 0.156171 -0.412351 0.156171 -0.412351 -0.159913 -0.412334 0.157587 -0.471239 0.157587 -0.471239 -0.159913 -0.412334 -0.159913 -0.500691 0.157587 -0.471239 -0.159913 -0.500691 0.156171 -0.530127 0.156171 -0.530127 -0.159913 -0.500691 -0.159913 -0.589049 0.156171 -0.530127 -0.159913 -0.589049 0.1519089 -0.590683 0.1519089 -0.590683 -0.159913 -0.589049 0.145006 -0.6508 0.145006 -0.6508 -0.159913 -0.589049 -0.159913 -0.677406 0.145006 -0.6508 -0.159913 -0.677406 0.136234 -0.70852 0.136234 -0.70852 -0.159913 -0.677406 -0.159913 -0.765763 0.136234 -0.70852 -0.159913 -0.765763 0.125539 -0.767121 0.125539 -0.767121 -0.159913 -0.765763 0.1133 -0.826778 0.1133 -0.826778 -0.159913 -0.765763 -0.159913 -0.85412 0.1133 -0.826778 -0.159913 -0.85412 0.10037 -0.885715 0.10037 -0.885715 -0.159913 -0.85412 -0.159913 -0.942478 0.10037 -0.885715 -0.159913 -0.942478 0.08762097 -0.942478 56.18546 -2.870256 56.20523 -2.870256 56.18546 -1.722154 56.18546 -1.722154 56.20523 -2.870256 56.225 -2.870256 56.18546 -1.722154 56.225 -2.870256 56.24478 -1.722154 56.24478 -1.722154 56.225 -2.870256 56.24478 -2.870256 56.24478 -1.722154 56.24478 -0.574051 56.18546 -1.722154 56.18546 -1.722154 56.24478 -0.574051 56.18546 -0.574051 56.18546 -0.574051 56.24478 -0.574051 56.24478 0.574051 56.18546 -0.574051 56.24478 0.574051 56.18546 0.574051 56.18546 0.574051 56.24478 0.574051 56.24478 1.722154 56.18546 0.574051 56.24478 1.722154 56.18546 1.722154 56.18546 1.722154 56.24478 1.722154 56.24478 2.870256 56.18546 1.722154 56.24478 2.870256 56.18546 2.870256 56.18546 2.870256 56.24478 2.870256 56.24478 4.018358 56.18546 2.870256 56.24478 4.018358 56.18546 4.018358 56.18546 4.018358 56.24478 4.018358 56.24478 5.166461 56.18546 4.018358 56.24478 5.166461 56.18546 5.166461 56.18546 5.166461 56.24478 5.166461 56.24478 6.314563 56.18546 5.166461 56.24478 6.314563 56.18546 6.314563 56.18546 6.314563 56.24478 6.314563 56.24478 7.462665 56.18546 6.314563 56.24478 7.462665 56.18546 7.462665 56.18546 7.462665 56.24478 7.462665 56.20523 8.610768 56.18546 7.462665 56.20523 8.610768 56.18546 8.610768 56.24478 8.610768 56.225 8.610768 56.24478 7.462665 56.24478 7.462665 56.225 8.610768 56.20523 8.610768 0.01187998 0 -0.01187998 0 0.01187998 -1.138827 0.01187998 -1.138827 -0.01187998 0 -0.01187998 -1.138827 0.01187998 -1.138827 -0.01187998 -1.138827 0.01187998 -2.277655 0.01187998 -2.277655 -0.01187998 -1.138827 -0.01187998 -2.277655 0.01187998 -2.277655 -0.01187998 -2.277655 0.01187998 -3.416482 0.01187998 -3.416482 -0.01187998 -2.277655 -0.01187998 -3.416482 0.01187998 -3.416482 -0.01187998 -3.416482 0.01187998 -4.555309 0.01187998 -4.555309 -0.01187998 -3.416482 -0.01187998 -4.555309 0.01187998 -4.555309 -0.01187998 -4.555309 0.01187998 -5.694137 0.01187998 -5.694137 -0.01187998 -4.555309 -0.01187998 -5.694137 0.01187998 -5.694137 -0.01187998 -5.694137 0.01187998 -6.832964 0.01187998 -6.832964 -0.01187998 -5.694137 -0.01187998 -6.832964 0.01187998 -6.832964 -0.01187998 -6.832964 0.01187998 -7.971791 0.01187998 -7.971791 -0.01187998 -6.832964 -0.01187998 -7.971791 0.01187998 -7.971791 -0.01187998 -7.971791 0.01187998 -9.110619 0.01187998 -9.110619 -0.01187998 -7.971791 -0.01187998 -9.110619 0.01187998 -9.110619 -0.01187998 -9.110619 0.01187998 -10.24945 0.01187998 -10.24945 -0.01187998 -9.110619 -0.01187998 -10.24945 0.01187998 -10.24945 -0.01187998 -10.24945 0.01187998 -11.38827 0.01187998 -11.38827 -0.01187998 -10.24945 -0.01187998 -11.38827 0.08218598 0 0.08218598 -0.04705494 0.151614 0 0.151614 0 0.08218598 -0.04705494 0.09309297 -0.07528799 0.151614 0 0.09309297 -0.07528799 0.186186 -0.07528799 0.186186 -0.07528799 0.09309297 -0.07528799 0.186186 -0.150575 0.186186 -0.07528799 0.186186 -0.150575 0.279279 -0.150575 0.279279 -0.150575 0.186186 -0.150575 0.279279 -0.225863 0.279279 -0.150575 0.279279 -0.225863 0.290469 -0.188219 0.290469 -0.188219 0.279279 -0.225863 0.290469 -0.235274 0.290469 -0.235274 0.279279 -0.225863 0.290469 -0.282329 0.290469 -0.282329 0.279279 -0.225863 0.279279 -0.301151 0.290469 -0.282329 0.279279 -0.301151 0.290469 -0.329384 0.290469 -0.329384 0.279279 -0.301151 0.279279 -0.376438 0.290469 -0.329384 0.279279 -0.376438 0.290469 -0.376438 0.290469 -0.376438 0.279279 -0.376438 0.290469 -0.423493 0.290469 -0.423493 0.279279 -0.376438 0.279279 -0.451726 0.290469 -0.423493 0.279279 -0.451726 0.290469 -0.470548 0.290469 -0.470548 0.279279 -0.451726 0.279279 -0.527014 0.290469 -0.470548 0.279279 -0.527014 0.290469 -0.517603 0.290469 -0.517603 0.279279 -0.527014 0.290469 -0.564658 0.290469 -0.564658 0.279279 -0.527014 0.279279 -0.602302 0.290469 -0.564658 0.279279 -0.602302 0.290469 -0.611713 0.290469 -0.611713 0.279279 -0.602302 0.290469 -0.658767 0.290469 -0.658767 0.279279 -0.602302 0.279279 -0.677589 0.290469 -0.658767 0.279279 -0.677589 0.290469 -0.705822 0.290469 -0.705822 0.279279 -0.677589 0.290469 -0.752877 0.290469 -0.752877 0.279279 -0.677589 0.221042 -0.752877 0.221042 -0.752877 0.279279 -0.677589 0.186186 -0.677589 0.221042 -0.752877 0.186186 -0.677589 0.151614 -0.752877 0.151614 -0.752877 0.186186 -0.677589 0.09309297 -0.677589 0.151614 -0.752877 0.09309297 -0.677589 0.08218598 -0.752877 0.08218598 -0.752877 0.09309297 -0.677589 0.08218598 -0.682295 0.08218598 -0.682295 0.09309297 -0.677589 0.08218598 -0.611713 0.08218598 -0.611713 0.09309297 -0.677589 0.09309297 -0.602302 0.08218598 -0.611713 0.09309297 -0.602302 0.08218598 -0.54113 0.08218598 -0.54113 0.09309297 -0.602302 0.09309297 -0.527014 0.08218598 -0.54113 0.09309297 -0.527014 0.08218598 -0.470548 0.08218598 -0.470548 0.09309297 -0.527014 0.09309297 -0.451726 0.08218598 -0.470548 0.09309297 -0.451726 0.08218598 -0.399966 0.08218598 -0.399966 0.09309297 -0.451726 0.09309297 -0.376438 0.08218598 -0.399966 0.09309297 -0.376438 0.08218598 -0.329384 0.08218598 -0.329384 0.09309297 -0.376438 0.09309297 -0.301151 0.08218598 -0.329384 0.09309297 -0.301151 0.08218598 -0.258801 0.08218598 -0.258801 0.09309297 -0.301151 0.09309297 -0.225863 0.08218598 -0.258801 0.09309297 -0.225863 0.08218598 -0.188219 0.08218598 -0.188219 0.09309297 -0.225863 0.09309297 -0.150575 0.08218598 -0.188219 0.09309297 -0.150575 0.08218598 -0.141164 0.08218598 -0.141164 0.09309297 -0.150575 0.08218598 -0.09410995 0.08218598 -0.09410995 0.09309297 -0.150575 0.09309297 -0.07528799 0.08218598 -0.09410995 0.09309297 -0.07528799 0.08218598 -0.04705494 0.290469 -0.188219 0.290469 -0.141164 0.279279 -0.150575 0.279279 -0.150575 0.290469 -0.141164 0.290469 -0.09410995 0.279279 -0.150575 0.290469 -0.09410995 0.279279 -0.07528799 0.279279 -0.07528799 0.290469 -0.09410995 0.290469 -0.04705494 0.279279 -0.07528799 0.290469 -0.04705494 0.221042 0 0.221042 0 0.290469 -0.04705494 0.290469 0 0.279279 -0.07528799 0.221042 0 0.186186 -0.07528799 0.186186 -0.07528799 0.221042 0 0.151614 0 0.279279 -0.150575 0.279279 -0.07528799 0.186186 -0.07528799 0.09309297 -0.07528799 0.09309297 -0.150575 0.186186 -0.150575 0.186186 -0.150575 0.09309297 -0.150575 0.186186 -0.225863 0.186186 -0.150575 0.186186 -0.225863 0.279279 -0.225863 0.279279 -0.225863 0.186186 -0.225863 0.279279 -0.301151 0.09309297 -0.150575 0.09309297 -0.225863 0.186186 -0.225863 0.186186 -0.225863 0.09309297 -0.225863 0.186186 -0.301151 0.186186 -0.225863 0.186186 -0.301151 0.279279 -0.301151 0.279279 -0.301151 0.186186 -0.301151 0.186186 -0.376438 0.279279 -0.301151 0.186186 -0.376438 0.279279 -0.376438 0.279279 -0.376438 0.186186 -0.376438 0.186186 -0.451726 0.279279 -0.376438 0.186186 -0.451726 0.279279 -0.451726 0.279279 -0.451726 0.186186 -0.451726 0.279279 -0.527014 0.09309297 -0.225863 0.09309297 -0.301151 0.186186 -0.301151 0.186186 -0.301151 0.09309297 -0.301151 0.09309297 -0.376438 0.186186 -0.301151 0.09309297 -0.376438 0.186186 -0.376438 0.186186 -0.376438 0.09309297 -0.376438 0.09309297 -0.451726 0.186186 -0.376438 0.09309297 -0.451726 0.186186 -0.451726 0.186186 -0.451726 0.09309297 -0.451726 0.186186 -0.527014 0.186186 -0.451726 0.186186 -0.527014 0.279279 -0.527014 0.279279 -0.527014 0.186186 -0.527014 0.279279 -0.602302 0.09309297 -0.451726 0.09309297 -0.527014 0.186186 -0.527014 0.186186 -0.527014 0.09309297 -0.527014 0.186186 -0.602302 0.186186 -0.527014 0.186186 -0.602302 0.279279 -0.602302 0.279279 -0.602302 0.186186 -0.602302 0.279279 -0.677589 0.09309297 -0.527014 0.09309297 -0.602302 0.186186 -0.602302 0.186186 -0.602302 0.09309297 -0.602302 0.186186 -0.677589 0.186186 -0.602302 0.186186 -0.677589 0.279279 -0.677589 0.09309297 -0.677589 0.186186 -0.677589 0.09309297 -0.602302 0.08218598 0 0.08218598 -0.04705494 0.151614 0 0.151614 0 0.08218598 -0.04705494 0.09309297 -0.07528799 0.151614 0 0.09309297 -0.07528799 0.186186 -0.07528799 0.186186 -0.07528799 0.09309297 -0.07528799 0.186186 -0.150575 0.186186 -0.07528799 0.186186 -0.150575 0.279279 -0.150575 0.279279 -0.150575 0.186186 -0.150575 0.279279 -0.225863 0.279279 -0.150575 0.279279 -0.225863 0.290469 -0.188219 0.290469 -0.188219 0.279279 -0.225863 0.290469 -0.235274 0.290469 -0.235274 0.279279 -0.225863 0.290469 -0.282329 0.290469 -0.282329 0.279279 -0.225863 0.279279 -0.301151 0.290469 -0.282329 0.279279 -0.301151 0.290469 -0.329384 0.290469 -0.329384 0.279279 -0.301151 0.279279 -0.376438 0.290469 -0.329384 0.279279 -0.376438 0.290469 -0.376438 0.290469 -0.376438 0.279279 -0.376438 0.290469 -0.423493 0.290469 -0.423493 0.279279 -0.376438 0.279279 -0.451726 0.290469 -0.423493 0.279279 -0.451726 0.290469 -0.470548 0.290469 -0.470548 0.279279 -0.451726 0.279279 -0.527014 0.290469 -0.470548 0.279279 -0.527014 0.290469 -0.517603 0.290469 -0.517603 0.279279 -0.527014 0.290469 -0.564658 0.290469 -0.564658 0.279279 -0.527014 0.279279 -0.602302 0.290469 -0.564658 0.279279 -0.602302 0.290469 -0.611713 0.290469 -0.611713 0.279279 -0.602302 0.290469 -0.658767 0.290469 -0.658767 0.279279 -0.602302 0.279279 -0.677589 0.290469 -0.658767 0.279279 -0.677589 0.290469 -0.705822 0.290469 -0.705822 0.279279 -0.677589 0.290469 -0.752877 0.290469 -0.752877 0.279279 -0.677589 0.221042 -0.752877 0.221042 -0.752877 0.279279 -0.677589 0.186186 -0.677589 0.221042 -0.752877 0.186186 -0.677589 0.151614 -0.752877 0.151614 -0.752877 0.186186 -0.677589 0.09309297 -0.677589 0.151614 -0.752877 0.09309297 -0.677589 0.08218598 -0.752877 0.08218598 -0.752877 0.09309297 -0.677589 0.08218598 -0.682295 0.08218598 -0.682295 0.09309297 -0.677589 0.08218598 -0.611713 0.08218598 -0.611713 0.09309297 -0.677589 0.09309297 -0.602302 0.08218598 -0.611713 0.09309297 -0.602302 0.08218598 -0.54113 0.08218598 -0.54113 0.09309297 -0.602302 0.09309297 -0.527014 0.08218598 -0.54113 0.09309297 -0.527014 0.08218598 -0.470548 0.08218598 -0.470548 0.09309297 -0.527014 0.09309297 -0.451726 0.08218598 -0.470548 0.09309297 -0.451726 0.08218598 -0.399966 0.08218598 -0.399966 0.09309297 -0.451726 0.09309297 -0.376438 0.08218598 -0.399966 0.09309297 -0.376438 0.08218598 -0.329384 0.08218598 -0.329384 0.09309297 -0.376438 0.09309297 -0.301151 0.08218598 -0.329384 0.09309297 -0.301151 0.08218598 -0.258801 0.08218598 -0.258801 0.09309297 -0.301151 0.09309297 -0.225863 0.08218598 -0.258801 0.09309297 -0.225863 0.08218598 -0.188219 0.08218598 -0.188219 0.09309297 -0.225863 0.09309297 -0.150575 0.08218598 -0.188219 0.09309297 -0.150575 0.08218598 -0.141164 0.08218598 -0.141164 0.09309297 -0.150575 0.08218598 -0.09410995 0.08218598 -0.09410995 0.09309297 -0.150575 0.09309297 -0.07528799 0.08218598 -0.09410995 0.09309297 -0.07528799 0.08218598 -0.04705494 0.290469 -0.188219 0.290469 -0.141164 0.279279 -0.150575 0.279279 -0.150575 0.290469 -0.141164 0.290469 -0.09410995 0.279279 -0.150575 0.290469 -0.09410995 0.279279 -0.07528799 0.279279 -0.07528799 0.290469 -0.09410995 0.290469 -0.04705494 0.279279 -0.07528799 0.290469 -0.04705494 0.221042 0 0.221042 0 0.290469 -0.04705494 0.290469 0 0.279279 -0.07528799 0.221042 0 0.186186 -0.07528799 0.186186 -0.07528799 0.221042 0 0.151614 0 0.279279 -0.150575 0.279279 -0.07528799 0.186186 -0.07528799 0.09309297 -0.07528799 0.09309297 -0.150575 0.186186 -0.150575 0.186186 -0.150575 0.09309297 -0.150575 0.186186 -0.225863 0.186186 -0.150575 0.186186 -0.225863 0.279279 -0.225863 0.279279 -0.225863 0.186186 -0.225863 0.279279 -0.301151 0.09309297 -0.150575 0.09309297 -0.225863 0.186186 -0.225863 0.186186 -0.225863 0.09309297 -0.225863 0.186186 -0.301151 0.186186 -0.225863 0.186186 -0.301151 0.279279 -0.301151 0.279279 -0.301151 0.186186 -0.301151 0.279279 -0.376438 0.09309297 -0.225863 0.09309297 -0.301151 0.186186 -0.301151 0.186186 -0.301151 0.09309297 -0.301151 0.186186 -0.376438 0.186186 -0.301151 0.186186 -0.376438 0.279279 -0.376438 0.279279 -0.376438 0.186186 -0.376438 0.279279 -0.451726 0.09309297 -0.301151 0.09309297 -0.376438 0.186186 -0.376438 0.186186 -0.376438 0.09309297 -0.376438 0.186186 -0.451726 0.186186 -0.376438 0.186186 -0.451726 0.279279 -0.451726 0.279279 -0.451726 0.186186 -0.451726 0.279279 -0.527014 0.09309297 -0.376438 0.09309297 -0.451726 0.186186 -0.451726 0.186186 -0.451726 0.09309297 -0.451726 0.186186 -0.527014 0.186186 -0.451726 0.186186 -0.527014 0.279279 -0.527014 0.279279 -0.527014 0.186186 -0.527014 0.279279 -0.602302 0.09309297 -0.451726 0.09309297 -0.527014 0.186186 -0.527014 0.186186 -0.527014 0.09309297 -0.527014 0.186186 -0.602302 0.186186 -0.527014 0.186186 -0.602302 0.279279 -0.602302 0.279279 -0.602302 0.186186 -0.602302 0.279279 -0.677589 0.09309297 -0.527014 0.09309297 -0.602302 0.186186 -0.602302 0.186186 -0.602302 0.09309297 -0.602302 0.186186 -0.677589 0.186186 -0.602302 0.186186 -0.677589 0.279279 -0.677589 0.09309297 -0.677589 0.186186 -0.677589 0.09309297 -0.602302 0.08218598 0 0.08218598 -0.04705494 0.151614 0 0.151614 0 0.08218598 -0.04705494 0.09309297 -0.07528799 0.151614 0 0.09309297 -0.07528799 0.186186 -0.07528799 0.186186 -0.07528799 0.09309297 -0.07528799 0.186186 -0.150575 0.186186 -0.07528799 0.186186 -0.150575 0.279279 -0.150575 0.279279 -0.150575 0.186186 -0.150575 0.279279 -0.225863 0.279279 -0.150575 0.279279 -0.225863 0.290469 -0.188219 0.290469 -0.188219 0.279279 -0.225863 0.290469 -0.235274 0.290469 -0.235274 0.279279 -0.225863 0.290469 -0.282329 0.290469 -0.282329 0.279279 -0.225863 0.279279 -0.301151 0.290469 -0.282329 0.279279 -0.301151 0.290469 -0.329384 0.290469 -0.329384 0.279279 -0.301151 0.279279 -0.376438 0.290469 -0.329384 0.279279 -0.376438 0.290469 -0.376438 0.290469 -0.376438 0.279279 -0.376438 0.290469 -0.423493 0.290469 -0.423493 0.279279 -0.376438 0.279279 -0.451726 0.290469 -0.423493 0.279279 -0.451726 0.290469 -0.470548 0.290469 -0.470548 0.279279 -0.451726 0.279279 -0.527014 0.290469 -0.470548 0.279279 -0.527014 0.290469 -0.517603 0.290469 -0.517603 0.279279 -0.527014 0.290469 -0.564658 0.290469 -0.564658 0.279279 -0.527014 0.279279 -0.602302 0.290469 -0.564658 0.279279 -0.602302 0.290469 -0.611713 0.290469 -0.611713 0.279279 -0.602302 0.290469 -0.658767 0.290469 -0.658767 0.279279 -0.602302 0.279279 -0.677589 0.290469 -0.658767 0.279279 -0.677589 0.290469 -0.705822 0.290469 -0.705822 0.279279 -0.677589 0.290469 -0.752877 0.290469 -0.752877 0.279279 -0.677589 0.221042 -0.752877 0.221042 -0.752877 0.279279 -0.677589 0.186186 -0.677589 0.221042 -0.752877 0.186186 -0.677589 0.151614 -0.752877 0.151614 -0.752877 0.186186 -0.677589 0.09309297 -0.677589 0.151614 -0.752877 0.09309297 -0.677589 0.08218598 -0.752877 0.08218598 -0.752877 0.09309297 -0.677589 0.08218598 -0.682295 0.08218598 -0.682295 0.09309297 -0.677589 0.08218598 -0.611713 0.08218598 -0.611713 0.09309297 -0.677589 0.09309297 -0.602302 0.08218598 -0.611713 0.09309297 -0.602302 0.08218598 -0.54113 0.08218598 -0.54113 0.09309297 -0.602302 0.09309297 -0.527014 0.08218598 -0.54113 0.09309297 -0.527014 0.08218598 -0.470548 0.08218598 -0.470548 0.09309297 -0.527014 0.09309297 -0.451726 0.08218598 -0.470548 0.09309297 -0.451726 0.08218598 -0.399966 0.08218598 -0.399966 0.09309297 -0.451726 0.09309297 -0.376438 0.08218598 -0.399966 0.09309297 -0.376438 0.08218598 -0.329384 0.08218598 -0.329384 0.09309297 -0.376438 0.09309297 -0.301151 0.08218598 -0.329384 0.09309297 -0.301151 0.08218598 -0.258801 0.08218598 -0.258801 0.09309297 -0.301151 0.09309297 -0.225863 0.08218598 -0.258801 0.09309297 -0.225863 0.08218598 -0.188219 0.08218598 -0.188219 0.09309297 -0.225863 0.09309297 -0.150575 0.08218598 -0.188219 0.09309297 -0.150575 0.08218598 -0.141164 0.08218598 -0.141164 0.09309297 -0.150575 0.08218598 -0.09410995 0.08218598 -0.09410995 0.09309297 -0.150575 0.09309297 -0.07528799 0.08218598 -0.09410995 0.09309297 -0.07528799 0.08218598 -0.04705494 0.290469 -0.188219 0.290469 -0.141164 0.279279 -0.150575 0.279279 -0.150575 0.290469 -0.141164 0.290469 -0.09410995 0.279279 -0.150575 0.290469 -0.09410995 0.279279 -0.07528799 0.279279 -0.07528799 0.290469 -0.09410995 0.290469 -0.04705494 0.279279 -0.07528799 0.290469 -0.04705494 0.221042 0 0.221042 0 0.290469 -0.04705494 0.290469 0 0.279279 -0.07528799 0.221042 0 0.186186 -0.07528799 0.186186 -0.07528799 0.221042 0 0.151614 0 0.279279 -0.150575 0.279279 -0.07528799 0.186186 -0.07528799 0.09309297 -0.07528799 0.09309297 -0.150575 0.186186 -0.150575 0.186186 -0.150575 0.09309297 -0.150575 0.186186 -0.225863 0.186186 -0.150575 0.186186 -0.225863 0.279279 -0.225863 0.279279 -0.225863 0.186186 -0.225863 0.279279 -0.301151 0.09309297 -0.150575 0.09309297 -0.225863 0.186186 -0.225863 0.186186 -0.225863 0.09309297 -0.225863 0.186186 -0.301151 0.186186 -0.225863 0.186186 -0.301151 0.279279 -0.301151 0.279279 -0.301151 0.186186 -0.301151 0.279279 -0.376438 0.09309297 -0.225863 0.09309297 -0.301151 0.186186 -0.301151 0.186186 -0.301151 0.09309297 -0.301151 0.186186 -0.376438 0.186186 -0.301151 0.186186 -0.376438 0.279279 -0.376438 0.279279 -0.376438 0.186186 -0.376438 0.279279 -0.451726 0.09309297 -0.301151 0.09309297 -0.376438 0.186186 -0.376438 0.186186 -0.376438 0.09309297 -0.376438 0.186186 -0.451726 0.186186 -0.376438 0.186186 -0.451726 0.279279 -0.451726 0.279279 -0.451726 0.186186 -0.451726 0.279279 -0.527014 0.09309297 -0.376438 0.09309297 -0.451726 0.186186 -0.451726 0.186186 -0.451726 0.09309297 -0.451726 0.186186 -0.527014 0.186186 -0.451726 0.186186 -0.527014 0.279279 -0.527014 0.279279 -0.527014 0.186186 -0.527014 0.279279 -0.602302 0.09309297 -0.451726 0.09309297 -0.527014 0.186186 -0.527014 0.186186 -0.527014 0.09309297 -0.527014 0.186186 -0.602302 0.186186 -0.527014 0.186186 -0.602302 0.279279 -0.602302 0.279279 -0.602302 0.186186 -0.602302 0.279279 -0.677589 0.09309297 -0.527014 0.09309297 -0.602302 0.186186 -0.602302 0.186186 -0.602302 0.09309297 -0.602302 0.186186 -0.677589 0.186186 -0.602302 0.186186 -0.677589 0.279279 -0.677589 0.09309297 -0.677589 0.186186 -0.677589 0.09309297 -0.602302 0.05738896 -0.05842798 -0.05808097 -6.93e-4 -0.05808097 -0.116163 0.1111029 0.05116397 -9.86e-4 -0.012887 0.09509098 -0.07693797 -0.008005976 0.06405097 0.008005976 -0.06405097 0.104083 0 -0.05738896 -0.05842798 0.05808097 -0.116163 0.05808097 -6.93e-4 -0.008005976 -0.06405097 0.104083 0 0.008005976 0.06405097 0.1111029 -0.05116397 0.09509098 0.07693797 -9.86e-4 0.012887 0.05738896 -0.05842798 -0.05808097 -6.93e-4 -0.05808097 -0.116163 0.1111029 0.05116397 -9.86e-4 -0.012887 0.09509098 -0.07693797 -0.008005976 0.06405097 0.008005976 -0.06405097 0.104083 0 -0.05738896 -0.05842798 0.05808097 -0.116163 0.05808097 -6.93e-4 -0.008005976 -0.06405097 0.104083 0 0.008005976 0.06405097 0.1111029 -0.05116397 0.09509098 0.07693797 -9.86e-4 0.012887 0.05738896 -0.05842798 -0.05808097 -6.93e-4 -0.05808097 -0.116163 0.1111029 0.05116397 -9.86e-4 -0.012887 0.09509098 -0.07693797 -0.008005976 0.06405097 0.008005976 -0.06405097 0.104083 0 -0.05738896 -0.05842798 0.05808097 -0.116163 0.05808097 -6.93e-4 -0.008005976 -0.06405097 0.104083 0 0.008005976 0.06405097 0.1111029 -0.05116397 0.09509098 0.07693797 -9.86e-4 0.012887 0 -0.05773496 0.104 -0.05773496 0 0.05773496 0 0.05773496 0.104 -0.05773496 0.104 0.05773496 0 -0.05773496 0.104 -0.05773496 0 0.05773496 0 0.05773496 0.104 -0.05773496 0.104 0.05773496 0 0.05773496 -0.104 0.05773496 0 -0.05773496 0 -0.05773496 -0.104 0.05773496 -0.104 -0.05773496 0 0.05773496 -0.104 0.05773496 0 -0.05773496 0 -0.05773496 -0.104 0.05773496 -0.104 -0.05773496 0 -0.05773496 0.104 -0.05773496 0 0.05773496 0 0.05773496 0.104 -0.05773496 0.104 0.05773496 0 -0.05773496 0.104 -0.05773496 0 0.05773496 0 0.05773496 0.104 -0.05773496 0.104 0.05773496 0 -0.05773496 0.104 -0.05773496 0 0.05773496 0 0.05773496 0.104 -0.05773496 0.104 0.05773496 0 0.05773496 -0.104 0.05773496 0 -0.05773496 0 -0.05773496 -0.104 0.05773496 -0.104 -0.05773496 0 0.05773496 -0.104 0.05773496 0 -0.05773496 0 -0.05773496 -0.104 0.05773496 -0.104 -0.05773496 0 0.05773496 -0.104 0.05773496 0 -0.05773496 0 -0.05773496 -0.104 0.05773496 -0.104 -0.05773496 0 -0.05773496 0.104 -0.05773496 0 0.05773496 0 0.05773496 0.104 -0.05773496 0.104 0.05773496 0 -0.05773496 0.104 -0.05773496 0 0.05773496 0 0.05773496 0.104 -0.05773496 0.104 0.05773496 0 -0.05773496 0.104 -0.05773496 0 0.05773496 0 0.05773496 0.104 -0.05773496 0.104 0.05773496 0 -0.05773496 0.104 -0.05773496 0 0.05773496 0 0.05773496 0.104 -0.05773496 0.104 0.05773496 0 0.05773496 -0.104 0.05773496 0 -0.05773496 0 -0.05773496 -0.104 0.05773496 -0.104 -0.05773496 0 0.05773496 -0.104 0.05773496 0 -0.05773496 0 -0.05773496 -0.104 0.05773496 -0.104 -0.05773496 0 -0.05773496 0.104 -0.05773496 0 0.05773496 0 0.05773496 0.104 -0.05773496 0.104 0.05773496 0 -0.05773496 0.104 -0.05773496 0 0.05773496 0 0.05773496 0.104 -0.05773496 0.104 0.05773496 0.32881 0.03218996 0.26698 0.05773496 0.33198 0 0.33198 0 0.26698 0.05773496 0.26698 -0.05773496 0.33198 0 0.26698 -0.05773496 0.32881 -0.03218996 0.32881 -0.03218996 0.26698 -0.05773496 0.31942 -0.06314295 0.31942 -0.06314295 0.26698 -0.05773496 0.304172 -0.09166896 0.304172 -0.09166896 0.26698 -0.05773496 0.283653 -0.116673 0.283653 -0.116673 0.26698 -0.05773496 0.258649 -0.137192 0.258649 -0.137192 0.26698 -0.05773496 0.16698 -0.11547 0.258649 -0.137192 0.16698 -0.11547 0.230123 -0.15244 0.230123 -0.15244 0.16698 -0.11547 0.1991699 -0.16183 0.1991699 -0.16183 0.16698 -0.11547 0.16698 -0.165 0.16698 -0.165 0.16698 -0.11547 0.13479 -0.16183 0.13479 -0.16183 0.16698 -0.11547 0.103837 -0.15244 0.103837 -0.15244 0.16698 -0.11547 0.075311 -0.137192 0.075311 -0.137192 0.16698 -0.11547 0.06698 -0.05773496 0.075311 -0.137192 0.06698 -0.05773496 0.05030697 -0.116673 0.05030697 -0.116673 0.06698 -0.05773496 0.02978795 -0.09166896 0.02978795 -0.09166896 0.06698 -0.05773496 0.01453995 -0.06314295 0.01453995 -0.06314295 0.06698 -0.05773496 0.00514996 -0.03218996 0.00514996 -0.03218996 0.06698 -0.05773496 0.001979947 0 0.001979947 0 0.06698 -0.05773496 0.06698 0.05773496 0.001979947 0 0.06698 0.05773496 0.00514996 0.03218996 0.00514996 0.03218996 0.06698 0.05773496 0.01453995 0.06314295 0.01453995 0.06314295 0.06698 0.05773496 0.02978795 0.09166896 0.02978795 0.09166896 0.06698 0.05773496 0.05030697 0.116673 0.05030697 0.116673 0.06698 0.05773496 0.075311 0.137192 0.075311 0.137192 0.06698 0.05773496 0.16698 0.11547 0.075311 0.137192 0.16698 0.11547 0.103837 0.15244 0.103837 0.15244 0.16698 0.11547 0.13479 0.16183 0.13479 0.16183 0.16698 0.11547 0.16698 0.165 0.16698 0.165 0.16698 0.11547 0.1991699 0.16183 0.1991699 0.16183 0.16698 0.11547 0.230123 0.15244 0.230123 0.15244 0.16698 0.11547 0.258649 0.137192 0.258649 0.137192 0.16698 0.11547 0.26698 0.05773496 0.258649 0.137192 0.26698 0.05773496 0.283653 0.116673 0.283653 0.116673 0.26698 0.05773496 0.304172 0.09166896 0.304172 0.09166896 0.26698 0.05773496 0.31942 0.06314295 0.31942 0.06314295 0.26698 0.05773496 0.32881 0.03218996 0.32881 0.03218996 0.26698 0.05773496 0.33198 0 0.33198 0 0.26698 0.05773496 0.26698 -0.05773496 0.33198 0 0.26698 -0.05773496 0.32881 -0.03218996 0.32881 -0.03218996 0.26698 -0.05773496 0.31942 -0.06314295 0.31942 -0.06314295 0.26698 -0.05773496 0.304172 -0.09166896 0.304172 -0.09166896 0.26698 -0.05773496 0.283653 -0.116673 0.283653 -0.116673 0.26698 -0.05773496 0.258649 -0.137192 0.258649 -0.137192 0.26698 -0.05773496 0.16698 -0.11547 0.258649 -0.137192 0.16698 -0.11547 0.230123 -0.15244 0.230123 -0.15244 0.16698 -0.11547 0.1991699 -0.16183 0.1991699 -0.16183 0.16698 -0.11547 0.16698 -0.165 0.16698 -0.165 0.16698 -0.11547 0.13479 -0.16183 0.13479 -0.16183 0.16698 -0.11547 0.103837 -0.15244 0.103837 -0.15244 0.16698 -0.11547 0.075311 -0.137192 0.075311 -0.137192 0.16698 -0.11547 0.06698 -0.05773496 0.075311 -0.137192 0.06698 -0.05773496 0.05030697 -0.116673 0.05030697 -0.116673 0.06698 -0.05773496 0.02978795 -0.09166896 0.02978795 -0.09166896 0.06698 -0.05773496 0.01453995 -0.06314295 0.01453995 -0.06314295 0.06698 -0.05773496 0.00514996 -0.03218996 0.00514996 -0.03218996 0.06698 -0.05773496 0.001979947 0 0.001979947 0 0.06698 -0.05773496 0.06698 0.05773496 0.001979947 0 0.06698 0.05773496 0.00514996 0.03218996 0.00514996 0.03218996 0.06698 0.05773496 0.01453995 0.06314295 0.01453995 0.06314295 0.06698 0.05773496 0.02978795 0.09166896 0.02978795 0.09166896 0.06698 0.05773496 0.05030697 0.116673 0.05030697 0.116673 0.06698 0.05773496 0.075311 0.137192 0.075311 0.137192 0.06698 0.05773496 0.16698 0.11547 0.075311 0.137192 0.16698 0.11547 0.103837 0.15244 0.103837 0.15244 0.16698 0.11547 0.13479 0.16183 0.13479 0.16183 0.16698 0.11547 0.16698 0.165 0.16698 0.165 0.16698 0.11547 0.1991699 0.16183 0.1991699 0.16183 0.16698 0.11547 0.230123 0.15244 0.230123 0.15244 0.16698 0.11547 0.258649 0.137192 0.258649 0.137192 0.16698 0.11547 0.26698 0.05773496 0.258649 0.137192 0.26698 0.05773496 0.283653 0.116673 0.283653 0.116673 0.26698 0.05773496 0.304172 0.09166896 0.304172 0.09166896 0.26698 0.05773496 0.31942 0.06314295 0.31942 0.06314295 0.26698 0.05773496 0.32881 0.03218996 0.32881 0.03218996 0.26698 0.05773496 0.33198 0 0.33198 0 0.26698 0.05773496 0.26698 -0.05773496 0.33198 0 0.26698 -0.05773496 0.32881 -0.03218996 0.32881 -0.03218996 0.26698 -0.05773496 0.31942 -0.06314295 0.31942 -0.06314295 0.26698 -0.05773496 0.304172 -0.09166896 0.304172 -0.09166896 0.26698 -0.05773496 0.283653 -0.116673 0.283653 -0.116673 0.26698 -0.05773496 0.258649 -0.137192 0.258649 -0.137192 0.26698 -0.05773496 0.16698 -0.11547 0.258649 -0.137192 0.16698 -0.11547 0.230123 -0.15244 0.230123 -0.15244 0.16698 -0.11547 0.1991699 -0.16183 0.1991699 -0.16183 0.16698 -0.11547 0.16698 -0.165 0.16698 -0.165 0.16698 -0.11547 0.13479 -0.16183 0.13479 -0.16183 0.16698 -0.11547 0.103837 -0.15244 0.103837 -0.15244 0.16698 -0.11547 0.075311 -0.137192 0.075311 -0.137192 0.16698 -0.11547 0.06698 -0.05773496 0.075311 -0.137192 0.06698 -0.05773496 0.05030697 -0.116673 0.05030697 -0.116673 0.06698 -0.05773496 0.02978795 -0.09166896 0.02978795 -0.09166896 0.06698 -0.05773496 0.01453995 -0.06314295 0.01453995 -0.06314295 0.06698 -0.05773496 0.00514996 -0.03218996 0.00514996 -0.03218996 0.06698 -0.05773496 0.001979947 0 0.001979947 0 0.06698 -0.05773496 0.06698 0.05773496 0.001979947 0 0.06698 0.05773496 0.00514996 0.03218996 0.00514996 0.03218996 0.06698 0.05773496 0.01453995 0.06314295 0.01453995 0.06314295 0.06698 0.05773496 0.02978795 0.09166896 0.02978795 0.09166896 0.06698 0.05773496 0.05030697 0.116673 0.05030697 0.116673 0.06698 0.05773496 0.075311 0.137192 0.075311 0.137192 0.06698 0.05773496 0.16698 0.11547 0.075311 0.137192 0.16698 0.11547 0.103837 0.15244 0.103837 0.15244 0.16698 0.11547 0.13479 0.16183 0.13479 0.16183 0.16698 0.11547 0.16698 0.165 0.16698 0.165 0.16698 0.11547 0.1991699 0.16183 0.1991699 0.16183 0.16698 0.11547 0.230123 0.15244 0.230123 0.15244 0.16698 0.11547 0.258649 0.137192 0.258649 0.137192 0.16698 0.11547 0.26698 0.05773496 0.258649 0.137192 0.26698 0.05773496 0.283653 0.116673 0.283653 0.116673 0.26698 0.05773496 0.304172 0.09166896 0.304172 0.09166896 0.26698 0.05773496 0.31942 0.06314295 0.31942 0.06314295 0.26698 0.05773496 0.32881 0.03218996 0.290469 0.752877 0.221042 0.752877 0.290469 0.705822 0.290469 0.705822 0.221042 0.752877 0.279279 0.677589 0.290469 0.705822 0.279279 0.677589 0.290469 0.658767 0.290469 0.658767 0.279279 0.677589 0.279279 0.602302 0.290469 0.658767 0.279279 0.602302 0.290469 0.611713 0.290469 0.611713 0.279279 0.602302 0.290469 0.564658 0.290469 0.564658 0.279279 0.602302 0.279279 0.527014 0.290469 0.564658 0.279279 0.527014 0.290469 0.517603 0.290469 0.517603 0.279279 0.527014 0.290469 0.470548 0.290469 0.470548 0.279279 0.527014 0.279279 0.451726 0.290469 0.470548 0.279279 0.451726 0.290469 0.423493 0.290469 0.423493 0.279279 0.451726 0.279279 0.376438 0.290469 0.423493 0.279279 0.376438 0.290469 0.376438 0.290469 0.376438 0.279279 0.376438 0.290469 0.329384 0.290469 0.329384 0.279279 0.376438 0.279279 0.301151 0.290469 0.329384 0.279279 0.301151 0.290469 0.282329 0.290469 0.282329 0.279279 0.301151 0.279279 0.225863 0.290469 0.282329 0.279279 0.225863 0.290469 0.235274 0.290469 0.235274 0.279279 0.225863 0.290469 0.188219 0.290469 0.188219 0.279279 0.225863 0.279279 0.150575 0.290469 0.188219 0.279279 0.150575 0.290469 0.141164 0.290469 0.141164 0.279279 0.150575 0.290469 0.09410995 0.290469 0.09410995 0.279279 0.150575 0.279279 0.07528799 0.290469 0.09410995 0.279279 0.07528799 0.290469 0.04705494 0.290469 0.04705494 0.279279 0.07528799 0.290469 0 0.290469 0 0.279279 0.07528799 0.221042 0 0.221042 0 0.279279 0.07528799 0.186186 0.07528799 0.221042 0 0.186186 0.07528799 0.151614 0 0.151614 0 0.186186 0.07528799 0.09309297 0.07528799 0.151614 0 0.09309297 0.07528799 0.08218598 0 0.08218598 0 0.09309297 0.07528799 0.08218598 0.07058197 0.08218598 0.07058197 0.09309297 0.07528799 0.08218598 0.141164 0.08218598 0.141164 0.09309297 0.07528799 0.09309297 0.150575 0.08218598 0.141164 0.09309297 0.150575 0.08218598 0.211747 0.08218598 0.211747 0.09309297 0.150575 0.09309297 0.225863 0.08218598 0.211747 0.09309297 0.225863 0.08218598 0.282329 0.08218598 0.282329 0.09309297 0.225863 0.09309297 0.301151 0.08218598 0.282329 0.09309297 0.301151 0.08218598 0.352911 0.08218598 0.352911 0.09309297 0.301151 0.09309297 0.376438 0.08218598 0.352911 0.09309297 0.376438 0.08218598 0.423493 0.08218598 0.423493 0.09309297 0.376438 0.09309297 0.451726 0.08218598 0.423493 0.09309297 0.451726 0.08218598 0.494076 0.08218598 0.494076 0.09309297 0.451726 0.09309297 0.527014 0.08218598 0.494076 0.09309297 0.527014 0.08218598 0.564658 0.08218598 0.564658 0.09309297 0.527014 0.09309297 0.602302 0.08218598 0.564658 0.09309297 0.602302 0.08218598 0.611713 0.08218598 0.611713 0.09309297 0.602302 0.08218598 0.658767 0.08218598 0.658767 0.09309297 0.602302 0.09309297 0.677589 0.08218598 0.658767 0.09309297 0.677589 0.08218598 0.705822 0.08218598 0.705822 0.09309297 0.677589 0.151614 0.752877 0.08218598 0.705822 0.151614 0.752877 0.08218598 0.752877 0.279279 0.677589 0.221042 0.752877 0.186186 0.677589 0.186186 0.677589 0.221042 0.752877 0.151614 0.752877 0.186186 0.677589 0.151614 0.752877 0.09309297 0.677589 0.279279 0.602302 0.279279 0.677589 0.186186 0.677589 0.186186 0.677589 0.09309297 0.677589 0.186186 0.602302 0.186186 0.602302 0.09309297 0.677589 0.09309297 0.602302 0.186186 0.602302 0.09309297 0.602302 0.186186 0.527014 0.186186 0.527014 0.09309297 0.602302 0.09309297 0.527014 0.186186 0.527014 0.09309297 0.527014 0.186186 0.451726 0.186186 0.451726 0.09309297 0.527014 0.09309297 0.451726 0.186186 0.451726 0.09309297 0.451726 0.186186 0.376438 0.186186 0.376438 0.09309297 0.451726 0.09309297 0.376438 0.186186 0.376438 0.09309297 0.376438 0.186186 0.301151 0.186186 0.301151 0.09309297 0.376438 0.09309297 0.301151 0.186186 0.301151 0.09309297 0.301151 0.186186 0.225863 0.186186 0.225863 0.09309297 0.301151 0.09309297 0.225863 0.186186 0.225863 0.09309297 0.225863 0.186186 0.150575 0.186186 0.150575 0.09309297 0.225863 0.09309297 0.150575 0.186186 0.150575 0.09309297 0.150575 0.186186 0.07528799 0.186186 0.07528799 0.09309297 0.150575 0.09309297 0.07528799 0.279279 0.527014 0.279279 0.602302 0.186186 0.602302 0.186186 0.602302 0.279279 0.602302 0.186186 0.677589 0.279279 0.527014 0.186186 0.602302 0.186186 0.527014 0.279279 0.451726 0.279279 0.527014 0.186186 0.527014 0.279279 0.451726 0.186186 0.527014 0.186186 0.451726 0.279279 0.376438 0.279279 0.451726 0.186186 0.451726 0.279279 0.376438 0.186186 0.451726 0.186186 0.376438 0.279279 0.301151 0.279279 0.376438 0.186186 0.376438 0.279279 0.301151 0.186186 0.376438 0.186186 0.301151 0.279279 0.225863 0.279279 0.301151 0.186186 0.301151 0.279279 0.225863 0.186186 0.301151 0.186186 0.225863 0.279279 0.150575 0.279279 0.225863 0.186186 0.225863 0.279279 0.150575 0.186186 0.225863 0.186186 0.150575 0.279279 0.07528799 0.279279 0.150575 0.186186 0.150575 0.279279 0.07528799 0.186186 0.150575 0.186186 0.07528799 0.290469 0.752877 0.221042 0.752877 0.290469 0.705822 0.290469 0.705822 0.221042 0.752877 0.279279 0.677589 0.290469 0.705822 0.279279 0.677589 0.290469 0.658767 0.290469 0.658767 0.279279 0.677589 0.279279 0.602302 0.290469 0.658767 0.279279 0.602302 0.290469 0.611713 0.290469 0.611713 0.279279 0.602302 0.290469 0.564658 0.290469 0.564658 0.279279 0.602302 0.279279 0.527014 0.290469 0.564658 0.279279 0.527014 0.290469 0.517603 0.290469 0.517603 0.279279 0.527014 0.290469 0.470548 0.290469 0.470548 0.279279 0.527014 0.279279 0.451726 0.290469 0.470548 0.279279 0.451726 0.290469 0.423493 0.290469 0.423493 0.279279 0.451726 0.279279 0.376438 0.290469 0.423493 0.279279 0.376438 0.290469 0.376438 0.290469 0.376438 0.279279 0.376438 0.290469 0.329384 0.290469 0.329384 0.279279 0.376438 0.279279 0.301151 0.290469 0.329384 0.279279 0.301151 0.290469 0.282329 0.290469 0.282329 0.279279 0.301151 0.279279 0.225863 0.290469 0.282329 0.279279 0.225863 0.290469 0.235274 0.290469 0.235274 0.279279 0.225863 0.290469 0.188219 0.290469 0.188219 0.279279 0.225863 0.279279 0.150575 0.290469 0.188219 0.279279 0.150575 0.290469 0.141164 0.290469 0.141164 0.279279 0.150575 0.290469 0.09410995 0.290469 0.09410995 0.279279 0.150575 0.279279 0.07528799 0.290469 0.09410995 0.279279 0.07528799 0.290469 0.04705494 0.290469 0.04705494 0.279279 0.07528799 0.290469 0 0.290469 0 0.279279 0.07528799 0.221042 0 0.221042 0 0.279279 0.07528799 0.186186 0.07528799 0.221042 0 0.186186 0.07528799 0.151614 0 0.151614 0 0.186186 0.07528799 0.09309297 0.07528799 0.151614 0 0.09309297 0.07528799 0.08218598 0 0.08218598 0 0.09309297 0.07528799 0.08218598 0.07058197 0.08218598 0.07058197 0.09309297 0.07528799 0.08218598 0.141164 0.08218598 0.141164 0.09309297 0.07528799 0.09309297 0.150575 0.08218598 0.141164 0.09309297 0.150575 0.08218598 0.211747 0.08218598 0.211747 0.09309297 0.150575 0.09309297 0.225863 0.08218598 0.211747 0.09309297 0.225863 0.08218598 0.282329 0.08218598 0.282329 0.09309297 0.225863 0.09309297 0.301151 0.08218598 0.282329 0.09309297 0.301151 0.08218598 0.352911 0.08218598 0.352911 0.09309297 0.301151 0.09309297 0.376438 0.08218598 0.352911 0.09309297 0.376438 0.08218598 0.423493 0.08218598 0.423493 0.09309297 0.376438 0.09309297 0.451726 0.08218598 0.423493 0.09309297 0.451726 0.08218598 0.494076 0.08218598 0.494076 0.09309297 0.451726 0.09309297 0.527014 0.08218598 0.494076 0.09309297 0.527014 0.08218598 0.564658 0.08218598 0.564658 0.09309297 0.527014 0.09309297 0.602302 0.08218598 0.564658 0.09309297 0.602302 0.08218598 0.611713 0.08218598 0.611713 0.09309297 0.602302 0.08218598 0.658767 0.08218598 0.658767 0.09309297 0.602302 0.09309297 0.677589 0.08218598 0.658767 0.09309297 0.677589 0.08218598 0.705822 0.08218598 0.705822 0.09309297 0.677589 0.151614 0.752877 0.08218598 0.705822 0.151614 0.752877 0.08218598 0.752877 0.279279 0.677589 0.221042 0.752877 0.186186 0.677589 0.186186 0.677589 0.221042 0.752877 0.151614 0.752877 0.186186 0.677589 0.151614 0.752877 0.09309297 0.677589 0.279279 0.602302 0.279279 0.677589 0.186186 0.677589 0.186186 0.677589 0.09309297 0.677589 0.186186 0.602302 0.186186 0.602302 0.09309297 0.677589 0.09309297 0.602302 0.186186 0.602302 0.09309297 0.602302 0.186186 0.527014 0.186186 0.527014 0.09309297 0.602302 0.09309297 0.527014 0.186186 0.527014 0.09309297 0.527014 0.186186 0.451726 0.186186 0.451726 0.09309297 0.527014 0.09309297 0.451726 0.186186 0.451726 0.09309297 0.451726 0.186186 0.376438 0.186186 0.376438 0.09309297 0.451726 0.09309297 0.376438 0.186186 0.376438 0.09309297 0.376438 0.186186 0.301151 0.186186 0.301151 0.09309297 0.376438 0.09309297 0.301151 0.186186 0.301151 0.09309297 0.301151 0.186186 0.225863 0.186186 0.225863 0.09309297 0.301151 0.09309297 0.225863 0.186186 0.225863 0.09309297 0.225863 0.186186 0.150575 0.186186 0.150575 0.09309297 0.225863 0.09309297 0.150575 0.186186 0.150575 0.09309297 0.150575 0.186186 0.07528799 0.186186 0.07528799 0.09309297 0.150575 0.09309297 0.07528799 0.279279 0.527014 0.279279 0.602302 0.186186 0.602302 0.186186 0.602302 0.279279 0.602302 0.186186 0.677589 0.279279 0.527014 0.186186 0.602302 0.186186 0.527014 0.279279 0.451726 0.279279 0.527014 0.186186 0.527014 0.279279 0.451726 0.186186 0.527014 0.186186 0.451726 0.279279 0.376438 0.279279 0.451726 0.186186 0.451726 0.279279 0.376438 0.186186 0.451726 0.186186 0.376438 0.279279 0.301151 0.279279 0.376438 0.186186 0.376438 0.279279 0.301151 0.186186 0.376438 0.186186 0.301151 0.279279 0.225863 0.279279 0.301151 0.186186 0.301151 0.279279 0.225863 0.186186 0.301151 0.186186 0.225863 0.279279 0.150575 0.279279 0.225863 0.186186 0.225863 0.279279 0.150575 0.186186 0.225863 0.186186 0.150575 0.279279 0.07528799 0.279279 0.150575 0.186186 0.150575 0.279279 0.07528799 0.186186 0.150575 0.186186 0.07528799 0.290469 0.752877 0.221042 0.752877 0.290469 0.705822 0.290469 0.705822 0.221042 0.752877 0.279279 0.677589 0.290469 0.705822 0.279279 0.677589 0.290469 0.658767 0.290469 0.658767 0.279279 0.677589 0.279279 0.602302 0.290469 0.658767 0.279279 0.602302 0.290469 0.611713 0.290469 0.611713 0.279279 0.602302 0.290469 0.564658 0.290469 0.564658 0.279279 0.602302 0.279279 0.527014 0.290469 0.564658 0.279279 0.527014 0.290469 0.517603 0.290469 0.517603 0.279279 0.527014 0.290469 0.470548 0.290469 0.470548 0.279279 0.527014 0.279279 0.451726 0.290469 0.470548 0.279279 0.451726 0.290469 0.423493 0.290469 0.423493 0.279279 0.451726 0.279279 0.376438 0.290469 0.423493 0.279279 0.376438 0.290469 0.376438 0.290469 0.376438 0.279279 0.376438 0.290469 0.329384 0.290469 0.329384 0.279279 0.376438 0.279279 0.301151 0.290469 0.329384 0.279279 0.301151 0.290469 0.282329 0.290469 0.282329 0.279279 0.301151 0.279279 0.225863 0.290469 0.282329 0.279279 0.225863 0.290469 0.235274 0.290469 0.235274 0.279279 0.225863 0.290469 0.188219 0.290469 0.188219 0.279279 0.225863 0.279279 0.150575 0.290469 0.188219 0.279279 0.150575 0.290469 0.141164 0.290469 0.141164 0.279279 0.150575 0.290469 0.09410995 0.290469 0.09410995 0.279279 0.150575 0.279279 0.07528799 0.290469 0.09410995 0.279279 0.07528799 0.290469 0.04705494 0.290469 0.04705494 0.279279 0.07528799 0.290469 0 0.290469 0 0.279279 0.07528799 0.221042 0 0.221042 0 0.279279 0.07528799 0.186186 0.07528799 0.221042 0 0.186186 0.07528799 0.151614 0 0.151614 0 0.186186 0.07528799 0.09309297 0.07528799 0.151614 0 0.09309297 0.07528799 0.08218598 0 0.08218598 0 0.09309297 0.07528799 0.08218598 0.07058197 0.08218598 0.07058197 0.09309297 0.07528799 0.08218598 0.141164 0.08218598 0.141164 0.09309297 0.07528799 0.09309297 0.150575 0.08218598 0.141164 0.09309297 0.150575 0.08218598 0.211747 0.08218598 0.211747 0.09309297 0.150575 0.09309297 0.225863 0.08218598 0.211747 0.09309297 0.225863 0.08218598 0.282329 0.08218598 0.282329 0.09309297 0.225863 0.09309297 0.301151 0.08218598 0.282329 0.09309297 0.301151 0.08218598 0.352911 0.08218598 0.352911 0.09309297 0.301151 0.09309297 0.376438 0.08218598 0.352911 0.09309297 0.376438 0.08218598 0.423493 0.08218598 0.423493 0.09309297 0.376438 0.09309297 0.451726 0.08218598 0.423493 0.09309297 0.451726 0.08218598 0.494076 0.08218598 0.494076 0.09309297 0.451726 0.09309297 0.527014 0.08218598 0.494076 0.09309297 0.527014 0.08218598 0.564658 0.08218598 0.564658 0.09309297 0.527014 0.09309297 0.602302 0.08218598 0.564658 0.09309297 0.602302 0.08218598 0.611713 0.08218598 0.611713 0.09309297 0.602302 0.08218598 0.658767 0.08218598 0.658767 0.09309297 0.602302 0.09309297 0.677589 0.08218598 0.658767 0.09309297 0.677589 0.08218598 0.705822 0.08218598 0.705822 0.09309297 0.677589 0.151614 0.752877 0.08218598 0.705822 0.151614 0.752877 0.08218598 0.752877 0.279279 0.677589 0.221042 0.752877 0.186186 0.677589 0.186186 0.677589 0.221042 0.752877 0.151614 0.752877 0.186186 0.677589 0.151614 0.752877 0.09309297 0.677589 0.279279 0.602302 0.279279 0.677589 0.186186 0.677589 0.186186 0.677589 0.09309297 0.677589 0.186186 0.602302 0.186186 0.602302 0.09309297 0.677589 0.09309297 0.602302 0.186186 0.602302 0.09309297 0.602302 0.186186 0.527014 0.186186 0.527014 0.09309297 0.602302 0.09309297 0.527014 0.186186 0.527014 0.09309297 0.527014 0.186186 0.451726 0.186186 0.451726 0.09309297 0.527014 0.09309297 0.451726 0.186186 0.451726 0.09309297 0.451726 0.186186 0.376438 0.186186 0.376438 0.09309297 0.451726 0.09309297 0.376438 0.186186 0.376438 0.09309297 0.376438 0.186186 0.301151 0.186186 0.301151 0.09309297 0.376438 0.09309297 0.301151 0.186186 0.301151 0.09309297 0.301151 0.186186 0.225863 0.186186 0.225863 0.09309297 0.301151 0.09309297 0.225863 0.186186 0.225863 0.09309297 0.225863 0.186186 0.150575 0.186186 0.150575 0.09309297 0.225863 0.09309297 0.150575 0.186186 0.150575 0.09309297 0.150575 0.186186 0.07528799 0.186186 0.07528799 0.09309297 0.150575 0.09309297 0.07528799 0.279279 0.527014 0.279279 0.602302 0.186186 0.602302 0.186186 0.602302 0.279279 0.602302 0.186186 0.677589 0.279279 0.527014 0.186186 0.602302 0.186186 0.527014 0.279279 0.451726 0.279279 0.527014 0.186186 0.527014 0.279279 0.451726 0.186186 0.527014 0.186186 0.451726 0.279279 0.376438 0.279279 0.451726 0.186186 0.451726 0.279279 0.376438 0.186186 0.451726 0.186186 0.376438 0.279279 0.301151 0.279279 0.376438 0.186186 0.376438 0.279279 0.301151 0.186186 0.376438 0.186186 0.301151 0.279279 0.225863 0.279279 0.301151 0.186186 0.301151 0.279279 0.225863 0.186186 0.301151 0.186186 0.225863 0.279279 0.150575 0.279279 0.225863 0.186186 0.225863 0.279279 0.150575 0.186186 0.225863 0.186186 0.150575 0.279279 0.07528799 0.279279 0.150575 0.186186 0.150575 0.279279 0.07528799 0.186186 0.150575 0.186186 0.07528799 0.07325899 -0.479254 0.08032995 -0.466025 0.002545952 -0.42681 0.002545952 -0.42681 0.08032995 -0.466025 0.013152 -0.416203 0.002545952 -0.42681 0.013152 -0.416203 -0.03476297 -0.381349 -0.03476297 -0.381349 0.013152 -0.416203 -0.022291 -0.373015 -0.03476297 -0.381349 -0.022291 -0.373015 -0.06248599 -0.329483 -0.06248599 -0.329483 -0.022291 -0.373015 -0.04862797 -0.323742 -0.06248599 -0.329483 -0.04862797 -0.323742 -0.07955795 -0.273205 -0.07955795 -0.273205 -0.04862797 -0.323742 -0.06484597 -0.270278 -0.07955795 -0.273205 -0.06484597 -0.270278 -0.08532196 -0.214678 -0.08532196 -0.214678 -0.06484597 -0.270278 -0.07032197 -0.214678 -0.08532196 -0.214678 -0.07032197 -0.214678 -0.05804997 -0.131946 0.08032995 -0.466025 0.07325899 -0.479254 0.159077 -0.494201 0.159077 -0.494201 0.07325899 -0.479254 0.1561509 -0.508913 0.159077 -0.494201 0.1561509 -0.508913 0.242613 -0.498305 0.242613 -0.498305 0.1561509 -0.508913 0.244083 -0.513233 0.242613 -0.498305 0.244083 -0.513233 0.329483 -0.491841 0.242613 -0.498305 0.329483 -0.491841 0.323742 -0.477983 0.323742 -0.477983 0.329483 -0.491841 0.404996 -0.446581 0.323742 -0.477983 0.404996 -0.446581 0.39548 -0.434986 0.39548 -0.434986 0.404996 -0.446581 0.464119 -0.381349 0.39548 -0.434986 0.464119 -0.381349 0.451646 -0.373015 0.451646 -0.373015 0.464119 -0.381349 0.50176 -0.301763 0.451646 -0.373015 0.50176 -0.301763 0.487406 -0.297409 0.487406 -0.297409 0.50176 -0.301763 0.514678 -0.214678 0.487406 -0.297409 0.514678 -0.214678 0.499678 -0.214678 0.499678 -0.214678 0.514678 -0.214678 0.494201 -0.159077 0.494201 -0.159077 0.514678 -0.214678 0.508913 -0.1561509 0.494201 -0.159077 0.508913 -0.1561509 0.477983 -0.105613 0.477983 -0.105613 0.508913 -0.1561509 0.491841 -0.099873 0.477983 -0.105613 0.491841 -0.099873 0.451646 -0.05633997 0.451646 -0.05633997 0.491841 -0.099873 0.464119 -0.04800695 0.451646 -0.05633997 0.464119 -0.04800695 0.416203 -0.013152 0.416203 -0.013152 0.464119 -0.04800695 0.42681 -0.002545952 0.416203 -0.013152 0.42681 -0.002545952 0.349026 0.03666996 0.349026 0.03666996 0.42681 -0.002545952 0.356097 0.04989898 0.349026 0.03666996 0.356097 0.04989898 0.270278 0.06484597 0.270278 0.06484597 0.356097 0.04989898 0.273205 0.07955795 0.270278 0.06484597 0.273205 0.07955795 0.186743 0.06894999 0.186743 0.06894999 0.273205 0.07955795 0.185272 0.08387798 0.186743 0.06894999 0.185272 0.08387798 0.099873 0.06248599 0.186743 0.06894999 0.099873 0.06248599 0.105613 0.04862797 0.105613 0.04862797 0.099873 0.06248599 0.02436 0.01722598 0.105613 0.04862797 0.02436 0.01722598 0.033876 0.005629956 0.033876 0.005629956 0.02436 0.01722598 -0.03476297 -0.04800695 0.033876 0.005629956 -0.03476297 -0.04800695 -0.022291 -0.05633997 -0.022291 -0.05633997 -0.03476297 -0.04800695 -0.07240396 -0.127592 -0.022291 -0.05633997 -0.07240396 -0.127592 -0.05804997 -0.131946 -0.05804997 -0.131946 -0.07240396 -0.127592 -0.08532196 -0.214678 0.07325899 -0.479254 0.08032995 -0.466025 0.002545952 -0.42681 0.002545952 -0.42681 0.08032995 -0.466025 0.013152 -0.416203 0.002545952 -0.42681 0.013152 -0.416203 -0.03476297 -0.381349 -0.03476297 -0.381349 0.013152 -0.416203 -0.022291 -0.373015 -0.03476297 -0.381349 -0.022291 -0.373015 -0.06248599 -0.329483 -0.06248599 -0.329483 -0.022291 -0.373015 -0.04862797 -0.323742 -0.06248599 -0.329483 -0.04862797 -0.323742 -0.07955795 -0.273205 -0.07955795 -0.273205 -0.04862797 -0.323742 -0.06484597 -0.270278 -0.07955795 -0.273205 -0.06484597 -0.270278 -0.08532196 -0.214678 -0.08532196 -0.214678 -0.06484597 -0.270278 -0.07032197 -0.214678 -0.08532196 -0.214678 -0.07032197 -0.214678 -0.05804997 -0.131946 0.08032995 -0.466025 0.07325899 -0.479254 0.159077 -0.494201 0.159077 -0.494201 0.07325899 -0.479254 0.1561509 -0.508913 0.159077 -0.494201 0.1561509 -0.508913 0.242613 -0.498305 0.242613 -0.498305 0.1561509 -0.508913 0.244083 -0.513233 0.242613 -0.498305 0.244083 -0.513233 0.329483 -0.491841 0.242613 -0.498305 0.329483 -0.491841 0.323742 -0.477983 0.323742 -0.477983 0.329483 -0.491841 0.404996 -0.446581 0.323742 -0.477983 0.404996 -0.446581 0.39548 -0.434986 0.39548 -0.434986 0.404996 -0.446581 0.464119 -0.381349 0.39548 -0.434986 0.464119 -0.381349 0.451646 -0.373015 0.451646 -0.373015 0.464119 -0.381349 0.50176 -0.301763 0.451646 -0.373015 0.50176 -0.301763 0.487406 -0.297409 0.487406 -0.297409 0.50176 -0.301763 0.514678 -0.214678 0.487406 -0.297409 0.514678 -0.214678 0.499678 -0.214678 0.499678 -0.214678 0.514678 -0.214678 0.494201 -0.159077 0.494201 -0.159077 0.514678 -0.214678 0.508913 -0.1561509 0.494201 -0.159077 0.508913 -0.1561509 0.477983 -0.105613 0.477983 -0.105613 0.508913 -0.1561509 0.491841 -0.099873 0.477983 -0.105613 0.491841 -0.099873 0.451646 -0.05633997 0.451646 -0.05633997 0.491841 -0.099873 0.464119 -0.04800695 0.451646 -0.05633997 0.464119 -0.04800695 0.416203 -0.013152 0.416203 -0.013152 0.464119 -0.04800695 0.42681 -0.002545952 0.416203 -0.013152 0.42681 -0.002545952 0.349026 0.03666996 0.349026 0.03666996 0.42681 -0.002545952 0.356097 0.04989898 0.349026 0.03666996 0.356097 0.04989898 0.270278 0.06484597 0.270278 0.06484597 0.356097 0.04989898 0.273205 0.07955795 0.270278 0.06484597 0.273205 0.07955795 0.186743 0.06894999 0.186743 0.06894999 0.273205 0.07955795 0.185272 0.08387798 0.186743 0.06894999 0.185272 0.08387798 0.099873 0.06248599 0.186743 0.06894999 0.099873 0.06248599 0.105613 0.04862797 0.105613 0.04862797 0.099873 0.06248599 0.02436 0.01722598 0.105613 0.04862797 0.02436 0.01722598 0.033876 0.005629956 0.033876 0.005629956 0.02436 0.01722598 -0.03476297 -0.04800695 0.033876 0.005629956 -0.03476297 -0.04800695 -0.022291 -0.05633997 -0.022291 -0.05633997 -0.03476297 -0.04800695 -0.07240396 -0.127592 -0.022291 -0.05633997 -0.07240396 -0.127592 -0.05804997 -0.131946 -0.05804997 -0.131946 -0.07240396 -0.127592 -0.08532196 -0.214678 0.07325899 -0.479254 0.08032995 -0.466025 0.002545952 -0.42681 0.002545952 -0.42681 0.08032995 -0.466025 0.013152 -0.416203 0.002545952 -0.42681 0.013152 -0.416203 -0.03476297 -0.381349 -0.03476297 -0.381349 0.013152 -0.416203 -0.022291 -0.373015 -0.03476297 -0.381349 -0.022291 -0.373015 -0.06248599 -0.329483 -0.06248599 -0.329483 -0.022291 -0.373015 -0.04862797 -0.323742 -0.06248599 -0.329483 -0.04862797 -0.323742 -0.07955795 -0.273205 -0.07955795 -0.273205 -0.04862797 -0.323742 -0.06484597 -0.270278 -0.07955795 -0.273205 -0.06484597 -0.270278 -0.08532196 -0.214678 -0.08532196 -0.214678 -0.06484597 -0.270278 -0.07032197 -0.214678 -0.08532196 -0.214678 -0.07032197 -0.214678 -0.05804997 -0.131946 0.08032995 -0.466025 0.07325899 -0.479254 0.159077 -0.494201 0.159077 -0.494201 0.07325899 -0.479254 0.1561509 -0.508913 0.159077 -0.494201 0.1561509 -0.508913 0.242613 -0.498305 0.242613 -0.498305 0.1561509 -0.508913 0.244083 -0.513233 0.242613 -0.498305 0.244083 -0.513233 0.329483 -0.491841 0.242613 -0.498305 0.329483 -0.491841 0.323742 -0.477983 0.323742 -0.477983 0.329483 -0.491841 0.404996 -0.446581 0.323742 -0.477983 0.404996 -0.446581 0.39548 -0.434986 0.39548 -0.434986 0.404996 -0.446581 0.464119 -0.381349 0.39548 -0.434986 0.464119 -0.381349 0.451646 -0.373015 0.451646 -0.373015 0.464119 -0.381349 0.50176 -0.301763 0.451646 -0.373015 0.50176 -0.301763 0.487406 -0.297409 0.487406 -0.297409 0.50176 -0.301763 0.514678 -0.214678 0.487406 -0.297409 0.514678 -0.214678 0.499678 -0.214678 0.499678 -0.214678 0.514678 -0.214678 0.494201 -0.159077 0.494201 -0.159077 0.514678 -0.214678 0.508913 -0.1561509 0.494201 -0.159077 0.508913 -0.1561509 0.477983 -0.105613 0.477983 -0.105613 0.508913 -0.1561509 0.491841 -0.099873 0.477983 -0.105613 0.491841 -0.099873 0.451646 -0.05633997 0.451646 -0.05633997 0.491841 -0.099873 0.464119 -0.04800695 0.451646 -0.05633997 0.464119 -0.04800695 0.416203 -0.013152 0.416203 -0.013152 0.464119 -0.04800695 0.42681 -0.002545952 0.416203 -0.013152 0.42681 -0.002545952 0.349026 0.03666996 0.349026 0.03666996 0.42681 -0.002545952 0.356097 0.04989898 0.349026 0.03666996 0.356097 0.04989898 0.270278 0.06484597 0.270278 0.06484597 0.356097 0.04989898 0.273205 0.07955795 0.270278 0.06484597 0.273205 0.07955795 0.186743 0.06894999 0.186743 0.06894999 0.273205 0.07955795 0.185272 0.08387798 0.186743 0.06894999 0.185272 0.08387798 0.099873 0.06248599 0.186743 0.06894999 0.099873 0.06248599 0.105613 0.04862797 0.105613 0.04862797 0.099873 0.06248599 0.02436 0.01722598 0.105613 0.04862797 0.02436 0.01722598 0.033876 0.005629956 0.033876 0.005629956 0.02436 0.01722598 -0.03476297 -0.04800695 0.033876 0.005629956 -0.03476297 -0.04800695 -0.022291 -0.05633997 -0.022291 -0.05633997 -0.03476297 -0.04800695 -0.07240396 -0.127592 -0.022291 -0.05633997 -0.07240396 -0.127592 -0.05804997 -0.131946 -0.05804997 -0.131946 -0.07240396 -0.127592 -0.08532196 -0.214678 56.18546 -2.870256 56.18546 -4.018358 56.20523 -2.870256 56.20523 -2.870256 56.18546 -4.018358 56.24478 -4.018358 56.20523 -2.870256 56.24478 -4.018358 56.225 -2.870256 56.225 -2.870256 56.24478 -4.018358 56.24478 -2.870256 56.18546 -4.018358 56.18546 -5.166461 56.24478 -4.018358 56.24478 -4.018358 56.18546 -5.166461 56.24478 -5.166461 56.24478 -5.166461 56.18546 -5.166461 56.18546 -6.314563 56.24478 -5.166461 56.18546 -6.314563 56.24478 -6.314563 56.24478 -6.314563 56.18546 -6.314563 56.18546 -7.462665 56.24478 -6.314563 56.18546 -7.462665 56.24478 -7.462665 56.24478 -7.462665 56.18546 -7.462665 56.18546 -8.610768 56.24478 -7.462665 56.18546 -8.610768 56.24478 -8.610768 56.24478 -8.610768 56.18546 -8.610768 56.18546 -9.758871 56.24478 -8.610768 56.18546 -9.758871 56.24478 -9.758871 56.24478 -9.758871 56.18546 -9.758871 56.18546 -10.90697 56.24478 -9.758871 56.18546 -10.90697 56.24478 -10.90697 56.24478 12.05507 56.18546 12.05507 56.18546 10.90697 56.24478 12.05507 56.18546 10.90697 56.24478 10.90697 56.24478 10.90697 56.18546 10.90697 56.18546 9.758871 56.24478 10.90697 56.18546 9.758871 56.24478 9.758871 56.24478 9.758871 56.18546 9.758871 56.225 8.610768 56.24478 9.758871 56.225 8.610768 56.24478 8.610768 56.18546 8.610768 56.20523 8.610768 56.18546 9.758871 56.18546 9.758871 56.20523 8.610768 56.225 8.610768 0.022798 0 0.02401196 0.05859696 -0.159702 0 -0.159702 0 0.02401196 0.05859696 -0.159702 0.08835697 -0.159702 0.08835697 0.02401196 0.05859696 0.02766996 0.118704 -0.159702 0.08835697 0.02766996 0.118704 -0.159702 0.176715 -0.159702 0.176715 0.02766996 0.118704 0.03371298 0.178759 -0.159702 0.176715 0.03371298 0.178759 0.041646 0.237272 -0.159702 0.176715 0.041646 0.237272 -0.159702 0.265072 -0.159702 0.265072 0.041646 0.237272 0.05121195 0.294773 -0.159702 0.265072 0.05121195 0.294773 -0.159702 0.353429 -0.159702 0.353429 0.05121195 0.294773 0.06250798 0.353864 -0.159702 0.353429 0.06250798 0.353864 0.07496798 0.413132 -0.159702 0.353429 0.07496798 0.413132 -0.159702 0.441786 -0.159702 0.441786 0.07496798 0.413132 0.08784198 0.471281 -0.159702 0.441786 0.08784198 0.471281 -0.159702 0.530144 -0.159702 0.530144 0.08784198 0.471281 0.100588 0.528039 -0.159702 0.530144 0.100588 0.528039 0.1135179 0.586972 -0.159702 0.530144 0.1135179 0.586972 -0.159702 0.618501 -0.159702 0.618501 0.1135179 0.586972 0.1257539 0.646624 -0.159702 0.618501 0.1257539 0.646624 -0.159702 0.706858 -0.159702 0.706858 0.1257539 0.646624 0.136448 0.705218 -0.159702 0.706858 0.136448 0.705218 0.145219 0.762933 -0.159702 0.706858 0.145219 0.762933 -0.159702 0.765763 -0.159702 0.765763 0.145219 0.762933 0.1521199 0.823045 -0.159702 0.765763 0.1521199 0.823045 -0.159702 0.824668 -0.159702 0.824668 0.1521199 0.823045 0.156382 0.883596 -0.159702 0.824668 0.156382 0.883596 -0.159702 0.883573 -0.159702 0.883573 0.156382 0.883596 -0.159702 0.942478 -0.159702 0.942478 0.156382 0.883596 0.1577979 0.942478 0.1577979 0 0.156382 0.05888199 -0.159702 0 -0.159702 0 0.156382 0.05888199 -0.159702 0.08835697 -0.159702 0.08835697 0.156382 0.05888199 0.1521199 0.119433 -0.159702 0.08835697 0.1521199 0.119433 -0.159702 0.176715 -0.159702 0.176715 0.1521199 0.119433 0.145219 0.179545 -0.159702 0.176715 0.145219 0.179545 0.136448 0.23726 -0.159702 0.176715 0.136448 0.23726 -0.159702 0.265072 -0.159702 0.265072 0.136448 0.23726 0.1257539 0.295854 -0.159702 0.265072 0.1257539 0.295854 -0.159702 0.353429 -0.159702 0.353429 0.1257539 0.295854 0.1135179 0.355506 -0.159702 0.353429 0.1135179 0.355506 0.100588 0.414439 -0.159702 0.353429 0.100588 0.414439 -0.159702 0.441786 -0.159702 0.441786 0.100588 0.414439 0.08784198 0.471197 -0.159702 0.441786 0.08784198 0.471197 -0.159702 0.530144 -0.159702 0.530144 0.08784198 0.471197 0.07496798 0.529346 -0.159702 0.530144 0.07496798 0.529346 0.06250798 0.588614 -0.159702 0.530144 0.06250798 0.588614 -0.159702 0.618501 -0.159702 0.618501 0.06250798 0.588614 0.05121195 0.647705 -0.159702 0.618501 0.05121195 0.647705 -0.159702 0.706858 -0.159702 0.706858 0.05121195 0.647705 0.041646 0.705205 -0.159702 0.706858 0.041646 0.705205 0.03371298 0.763719 -0.159702 0.706858 0.03371298 0.763719 -0.159702 0.765763 -0.159702 0.765763 0.03371298 0.763719 0.02766996 0.823774 -0.159702 0.765763 0.02766996 0.823774 -0.159702 0.824668 -0.159702 0.824668 0.02766996 0.823774 0.02401196 0.883881 -0.159702 0.824668 0.02401196 0.883881 -0.159702 0.883573 -0.159702 0.883573 0.02401196 0.883881 -0.159702 0.942478 -0.159702 0.942478 0.02401196 0.883881 0.022798 0.942478 0.123024 0 0.110152 0.05814599 -0.124509 0 -0.124509 0 0.110152 0.05814599 -0.124509 0.08835697 -0.124509 0.08835697 0.110152 0.05814599 0.09769397 0.117408 -0.124509 0.08835697 0.09769397 0.117408 -0.124509 0.176715 -0.124509 0.176715 0.09769397 0.117408 0.08639997 0.176494 -0.124509 0.176715 0.08639997 0.176494 0.07683598 0.233988 -0.124509 0.176715 0.07683598 0.233988 -0.124509 0.265072 -0.124509 0.265072 0.07683598 0.233988 0.06890398 0.292496 -0.124509 0.265072 0.06890398 0.292496 -0.124509 0.353429 -0.124509 0.353429 0.06890398 0.292496 0.06286197 0.352546 -0.124509 0.353429 0.06286197 0.352546 0.05920398 0.412648 -0.124509 0.353429 0.05920398 0.412648 -0.124509 0.441786 -0.124509 0.441786 0.05920398 0.412648 0.05799096 0.471239 -0.124509 0.441786 0.05799096 0.471239 -0.124509 0.530144 -0.124509 0.530144 0.05799096 0.471239 0.05920398 0.52983 -0.124509 0.530144 0.05920398 0.52983 0.06286197 0.589932 -0.124509 0.530144 0.06286197 0.589932 -0.124509 0.618501 -0.124509 0.618501 0.06286197 0.589932 0.06890398 0.649981 -0.124509 0.618501 0.06890398 0.649981 -0.124509 0.706858 -0.124509 0.706858 0.06890398 0.649981 0.07683598 0.70849 -0.124509 0.706858 0.07683598 0.70849 -0.124509 0.765763 -0.124509 0.765763 0.07683598 0.70849 0.08639997 0.765984 -0.124509 0.765763 0.08639997 0.765984 -0.124509 0.824668 -0.124509 0.824668 0.08639997 0.765984 0.09769397 0.82507 -0.124509 0.824668 0.09769397 0.82507 -0.124509 0.883573 -0.124509 0.883573 0.09769397 0.82507 0.110152 0.884332 -0.124509 0.883573 0.110152 0.884332 -0.124509 0.942478 -0.124509 0.942478 0.110152 0.884332 0.123024 0.942478 -0.16676 4.050818 -0.16676 2.893442 -0.1570799 3.47213 -0.1570799 3.47213 -0.16676 2.893442 -0.156156 2.893442 -0.1570799 3.47213 -0.156156 2.893442 -0.145552 2.893442 -0.145552 2.893442 -0.134948 2.893442 -0.1570799 3.47213 -0.1570799 3.47213 -0.134948 2.893442 -0.134948 4.050818 -0.1570799 3.47213 -0.134948 4.050818 -0.1570799 4.629507 -0.1570799 4.629507 -0.134948 4.050818 -0.134948 5.208195 -0.1570799 4.629507 -0.134948 5.208195 -0.1570799 5.786883 -0.1570799 5.786883 -0.134948 5.208195 -0.134948 6.365571 -0.1570799 5.786883 -0.134948 6.365571 -0.1570799 6.94426 -0.1570799 6.94426 -0.134948 6.365571 -0.134948 7.522948 -0.1570799 6.94426 -0.134948 7.522948 -0.1570799 8.101637 -0.1570799 8.101637 -0.134948 7.522948 -0.134948 8.680326 -0.1570799 8.101637 -0.134948 8.680326 -0.1570799 9.259014 -0.1570799 9.259014 -0.134948 8.680326 -0.134948 9.837702 -0.1570799 9.259014 -0.134948 9.837702 -0.1570799 10.41639 -0.1570799 10.41639 -0.134948 9.837702 -0.134948 10.99508 -0.1570799 10.41639 -0.134948 10.99508 -0.1570799 11.57377 -0.1570799 -11.57377 -0.134948 -12.15246 -0.134948 -10.99508 -0.1570799 -11.57377 -0.134948 -10.99508 -0.1570799 -10.41639 -0.1570799 -10.41639 -0.134948 -10.99508 -0.134948 -9.837702 -0.1570799 -10.41639 -0.134948 -9.837702 -0.1570799 -9.259014 -0.1570799 -9.259014 -0.134948 -9.837702 -0.145552 -8.680326 -0.1570799 -9.259014 -0.145552 -8.680326 -0.156156 -8.680326 -0.134948 -9.837702 -0.134948 -8.680326 -0.145552 -8.680326 -0.156156 -8.680326 -0.16676 -8.680326 -0.1570799 -9.259014 -0.1570799 -9.259014 -0.16676 -8.680326 -0.16676 -9.837702 -0.1570799 -9.259014 -0.16676 -9.837702 -0.1570799 -10.41639 -0.1570799 -10.41639 -0.16676 -9.837702 -0.16676 -10.99508 -0.1570799 -10.41639 -0.16676 -10.99508 -0.1570799 -11.57377 -0.1570799 11.57377 -0.16676 12.15246 -0.16676 10.99508 -0.1570799 11.57377 -0.16676 10.99508 -0.1570799 10.41639 -0.1570799 10.41639 -0.16676 10.99508 -0.16676 9.837702 -0.1570799 10.41639 -0.16676 9.837702 -0.1570799 9.259014 -0.1570799 9.259014 -0.16676 9.837702 -0.16676 8.680326 -0.1570799 9.259014 -0.16676 8.680326 -0.1570799 8.101637 -0.1570799 8.101637 -0.16676 8.680326 -0.16676 7.522948 -0.1570799 8.101637 -0.16676 7.522948 -0.1570799 6.94426 -0.1570799 6.94426 -0.16676 7.522948 -0.16676 6.365571 -0.1570799 6.94426 -0.16676 6.365571 -0.1570799 5.786883 -0.1570799 5.786883 -0.16676 6.365571 -0.16676 5.208195 -0.1570799 5.786883 -0.16676 5.208195 -0.1570799 4.629507 -0.1570799 4.629507 -0.16676 5.208195 -0.16676 4.050818 -0.1570799 4.629507 -0.16676 4.050818 -0.1570799 3.47213 -0.07239496 1.278253 0.07135397 2.37814 -0.07239496 2.556506 -0.07239496 2.556506 0.07135397 2.37814 0.039918 2.43278 -0.07239496 2.556506 0.039918 2.43278 0.02049297 2.493979 -0.07239496 0 0.651553 0 -0.07239496 1.278253 -0.07239496 1.278253 0.651553 0 0.651553 1.278253 -0.07239496 1.278253 0.651553 1.278253 0.332742 2.259346 0.332742 2.259346 0.651553 1.278253 0.391392 2.268958 0.391392 2.268958 0.651553 1.278253 0.448151 2.289158 0.448151 2.289158 0.651553 1.278253 0.499607 2.318821 0.499607 2.318821 0.651553 1.278253 0.543187 2.355359 0.543187 2.355359 0.651553 1.278253 0.579325 2.399082 0.579325 2.399082 0.651553 1.278253 0.606857 2.449038 0.606857 2.449038 0.651553 1.278253 0.651553 2.556506 0.606857 2.449038 0.651553 2.556506 0.623512 2.502612 0.623512 2.502612 0.651553 2.556506 0.629053 2.556506 0.651553 0 -0.07239496 0 0.651553 -1.278253 0.651553 -1.278253 -0.07239496 0 -0.07239496 -1.278253 0.651553 -1.278253 -0.07239496 -1.278253 0.651553 -2.556506 0.651553 -2.556506 -0.07239496 -1.278253 -0.07239496 -2.556506 0.651553 -2.556506 -0.07239496 -2.556506 0.332788 -3.537571 0.332788 -3.537571 -0.07239496 -2.556506 0.274713 -3.538853 0.274713 -3.538853 -0.07239496 -2.556506 0.2158049 -3.551581 0.2158049 -3.551581 -0.07239496 -2.556506 0.160051 -3.576427 0.160051 -3.576427 -0.07239496 -2.556506 0.111327 -3.611831 0.111327 -3.611831 -0.07239496 -2.556506 0.07136499 -3.656379 0.07136499 -3.656379 -0.07239496 -2.556506 -0.07239496 -3.834759 0.07136499 -3.656379 -0.07239496 -3.834759 0.03992295 -3.711022 0.03992295 -3.711022 -0.07239496 -3.834759 0.02049398 -3.772227 0.02049398 -3.772227 -0.07239496 -3.834759 0.01405298 -3.834759 0.01405298 -3.834759 -0.07239496 -3.834759 0.02049398 -3.897292 0.02049398 -3.897292 -0.07239496 -3.834759 0.03992295 -3.958496 0.03992295 -3.958496 -0.07239496 -3.834759 0.07136499 -4.013139 0.07136499 -4.013139 -0.07239496 -3.834759 -0.07239496 -5.113012 0.07136499 -4.013139 -0.07239496 -5.113012 0.111327 -4.057687 0.111327 -4.057687 -0.07239496 -5.113012 0.160051 -4.093092 0.160051 -4.093092 -0.07239496 -5.113012 0.2158049 -4.117937 0.2158049 -4.117937 -0.07239496 -5.113012 0.274713 -4.130666 0.274713 -4.130666 -0.07239496 -5.113012 0.332788 -4.131947 0.332788 -4.131947 -0.07239496 -5.113012 0.651553 -5.113012 0.332788 -4.131947 0.651553 -5.113012 0.39143 -4.122297 0.39143 -4.122297 0.651553 -5.113012 0.448182 -4.102093 0.448182 -4.102093 0.651553 -5.113012 0.499629 -4.072429 0.499629 -4.072429 0.651553 -5.113012 0.543202 -4.035892 0.543202 -4.035892 0.651553 -5.113012 0.579334 -3.99217 0.579334 -3.99217 0.651553 -5.113012 0.606862 -3.942217 0.606862 -3.942217 0.651553 -5.113012 0.651553 -3.834759 0.606862 -3.942217 0.651553 -3.834759 0.623513 -3.888648 0.623513 -3.888648 0.651553 -3.834759 0.629053 -3.834759 0.629053 -3.834759 0.651553 -3.834759 0.623513 -3.78087 0.623513 -3.78087 0.651553 -3.834759 0.606862 -3.727301 0.606862 -3.727301 0.651553 -3.834759 0.651553 -2.556506 0.606862 -3.727301 0.651553 -2.556506 0.579334 -3.677349 0.579334 -3.677349 0.651553 -2.556506 0.543202 -3.633626 0.543202 -3.633626 0.651553 -2.556506 0.499629 -3.59709 0.499629 -3.59709 0.651553 -2.556506 0.448182 -3.567425 0.448182 -3.567425 0.651553 -2.556506 0.39143 -3.547221 0.39143 -3.547221 0.651553 -2.556506 0.332788 -3.537571 0.651553 -5.113012 -0.07239496 -5.113012 0.651553 -6.391265 0.651553 -6.391265 -0.07239496 -5.113012 -0.07239496 -6.391265 0.651553 -6.391265 -0.07239496 -6.391265 0.651553 -7.669518 0.651553 -7.669518 -0.07239496 -6.391265 -0.07239496 -7.669518 0.651553 -7.669518 -0.07239496 -7.669518 0.651553 -8.947772 0.651553 -8.947772 -0.07239496 -7.669518 -0.07239496 -8.947772 0.651553 -8.947772 -0.07239496 -8.947772 0.448151 -9.958677 0.448151 -9.958677 -0.07239496 -8.947772 0.391392 -9.938477 0.391392 -9.938477 -0.07239496 -8.947772 0.332742 -9.928864 0.332742 -9.928864 -0.07239496 -8.947772 0.274675 -9.930123 0.274675 -9.930123 -0.07239496 -8.947772 0.215773 -9.942857 0.215773 -9.942857 -0.07239496 -8.947772 0.160026 -9.967706 0.160026 -9.967706 -0.07239496 -8.947772 0.111311 -10.00311 0.111311 -10.00311 -0.07239496 -8.947772 0.07135397 -10.04766 0.07135397 -10.04766 -0.07239496 -8.947772 -0.07239496 -10.22602 0.07135397 -10.04766 -0.07239496 -10.22602 0.039918 -10.1023 0.039918 -10.1023 -0.07239496 -10.22602 0.02049297 -10.1635 0.02049297 -10.1635 -0.07239496 -10.22602 0.01405298 -10.22602 0.448151 -9.958677 0.499607 -9.98834 0.651553 -8.947772 0.651553 -8.947772 0.499607 -9.98834 0.543187 -10.02488 0.651553 -8.947772 0.543187 -10.02488 0.579325 -10.0686 0.579325 -10.0686 0.606857 -10.11856 0.651553 -8.947772 0.651553 -8.947772 0.606857 -10.11856 0.651553 -10.22602 0.651553 -10.22602 0.606857 -10.11856 0.623512 -10.17213 0.651553 -10.22602 0.623512 -10.17213 0.629053 -10.22602 0.332742 2.259346 0.274675 2.260604 -0.07239496 1.278253 -0.07239496 1.278253 0.274675 2.260604 0.215773 2.273339 -0.07239496 1.278253 0.215773 2.273339 0.160026 2.298188 0.160026 2.298188 0.111311 2.333593 -0.07239496 1.278253 -0.07239496 1.278253 0.111311 2.333593 0.07135397 2.37814 0.02049297 2.493979 0.01405298 2.556506 -0.07239496 2.556506 0.1577979 0 -0.159702 0 0.156382 -0.05888199 0.156382 -0.05888199 -0.159702 0 -0.159702 -0.05890494 0.156382 -0.05888199 -0.159702 -0.05890494 -0.159702 -0.11781 0.156382 -0.05888199 -0.159702 -0.11781 0.1521199 -0.119433 0.1521199 -0.119433 -0.159702 -0.11781 -0.159702 -0.176715 0.1521199 -0.119433 -0.159702 -0.176715 0.145219 -0.179545 0.145219 -0.179545 -0.159702 -0.176715 -0.159702 -0.235619 0.145219 -0.179545 -0.159702 -0.235619 0.136448 -0.23726 0.136448 -0.23726 -0.159702 -0.235619 0.1257539 -0.295854 0.1257539 -0.295854 -0.159702 -0.235619 -0.159702 -0.323977 0.1257539 -0.295854 -0.159702 -0.323977 0.1135179 -0.355506 0.1135179 -0.355506 -0.159702 -0.323977 -0.159702 -0.412334 0.1135179 -0.355506 -0.159702 -0.412334 0.100588 -0.414439 0.100588 -0.414439 -0.159702 -0.412334 0.08784198 -0.471197 0.08784198 -0.471197 -0.159702 -0.412334 -0.159702 -0.500691 0.08784198 -0.471197 -0.159702 -0.500691 0.07496798 -0.529346 0.07496798 -0.529346 -0.159702 -0.500691 -0.159702 -0.589049 0.07496798 -0.529346 -0.159702 -0.589049 0.06250798 -0.588614 0.06250798 -0.588614 -0.159702 -0.589049 0.05121195 -0.647705 0.05121195 -0.647705 -0.159702 -0.589049 -0.159702 -0.677406 0.05121195 -0.647705 -0.159702 -0.677406 0.041646 -0.705205 0.041646 -0.705205 -0.159702 -0.677406 -0.159702 -0.765763 0.041646 -0.705205 -0.159702 -0.765763 0.03371298 -0.763719 0.03371298 -0.763719 -0.159702 -0.765763 0.02766996 -0.823774 0.02766996 -0.823774 -0.159702 -0.765763 -0.159702 -0.85412 0.02766996 -0.823774 -0.159702 -0.85412 0.02401196 -0.883881 0.02401196 -0.883881 -0.159702 -0.85412 -0.159702 -0.942478 0.02401196 -0.883881 -0.159702 -0.942478 0.022798 -0.942478 0.123024 0 -0.124509 0 0.110152 -0.05814599 0.110152 -0.05814599 -0.124509 0 -0.124509 -0.05890494 0.110152 -0.05814599 -0.124509 -0.05890494 0.09769397 -0.117408 0.09769397 -0.117408 -0.124509 -0.05890494 -0.124509 -0.11781 0.09769397 -0.117408 -0.124509 -0.11781 0.08639997 -0.176494 0.08639997 -0.176494 -0.124509 -0.11781 -0.124509 -0.176715 0.08639997 -0.176494 -0.124509 -0.176715 0.07683598 -0.233988 0.07683598 -0.233988 -0.124509 -0.176715 -0.124509 -0.235619 0.07683598 -0.233988 -0.124509 -0.235619 0.06890398 -0.292496 0.06890398 -0.292496 -0.124509 -0.235619 -0.124509 -0.323977 0.06890398 -0.292496 -0.124509 -0.323977 0.06286197 -0.352546 0.06286197 -0.352546 -0.124509 -0.323977 -0.124509 -0.412334 0.06286197 -0.352546 -0.124509 -0.412334 0.05920398 -0.412648 0.05920398 -0.412648 -0.124509 -0.412334 0.05799096 -0.471239 0.05799096 -0.471239 -0.124509 -0.412334 -0.124509 -0.500691 0.05799096 -0.471239 -0.124509 -0.500691 0.05920398 -0.52983 0.05920398 -0.52983 -0.124509 -0.500691 -0.124509 -0.589049 0.05920398 -0.52983 -0.124509 -0.589049 0.06286197 -0.589932 0.06286197 -0.589932 -0.124509 -0.589049 0.06890398 -0.649981 0.06890398 -0.649981 -0.124509 -0.589049 -0.124509 -0.677406 0.06890398 -0.649981 -0.124509 -0.677406 0.07683598 -0.70849 0.07683598 -0.70849 -0.124509 -0.677406 -0.124509 -0.765763 0.07683598 -0.70849 -0.124509 -0.765763 0.08639997 -0.765984 0.08639997 -0.765984 -0.124509 -0.765763 0.09769397 -0.82507 0.09769397 -0.82507 -0.124509 -0.765763 -0.124509 -0.85412 0.09769397 -0.82507 -0.124509 -0.85412 0.110152 -0.884332 0.110152 -0.884332 -0.124509 -0.85412 -0.124509 -0.942478 0.110152 -0.884332 -0.124509 -0.942478 0.123024 -0.942478 0.022798 0 -0.159702 0 0.02401196 -0.05859696 0.02401196 -0.05859696 -0.159702 0 -0.159702 -0.05890494 0.02401196 -0.05859696 -0.159702 -0.05890494 -0.159702 -0.11781 0.02401196 -0.05859696 -0.159702 -0.11781 0.02766996 -0.118704 0.02766996 -0.118704 -0.159702 -0.11781 -0.159702 -0.176715 0.02766996 -0.118704 -0.159702 -0.176715 0.03371298 -0.178759 0.03371298 -0.178759 -0.159702 -0.176715 -0.159702 -0.235619 0.03371298 -0.178759 -0.159702 -0.235619 0.041646 -0.237272 0.041646 -0.237272 -0.159702 -0.235619 0.05121195 -0.294773 0.05121195 -0.294773 -0.159702 -0.235619 -0.159702 -0.323977 0.05121195 -0.294773 -0.159702 -0.323977 0.06250798 -0.353864 0.06250798 -0.353864 -0.159702 -0.323977 -0.159702 -0.412334 0.06250798 -0.353864 -0.159702 -0.412334 0.07496798 -0.413132 0.07496798 -0.413132 -0.159702 -0.412334 0.08784198 -0.471281 0.08784198 -0.471281 -0.159702 -0.412334 -0.159702 -0.500691 0.08784198 -0.471281 -0.159702 -0.500691 0.100588 -0.528039 0.100588 -0.528039 -0.159702 -0.500691 -0.159702 -0.589049 0.100588 -0.528039 -0.159702 -0.589049 0.1135179 -0.586972 0.1135179 -0.586972 -0.159702 -0.589049 0.1257539 -0.646624 0.1257539 -0.646624 -0.159702 -0.589049 -0.159702 -0.677406 0.1257539 -0.646624 -0.159702 -0.677406 0.136448 -0.705218 0.136448 -0.705218 -0.159702 -0.677406 -0.159702 -0.765763 0.136448 -0.705218 -0.159702 -0.765763 0.145219 -0.762933 0.145219 -0.762933 -0.159702 -0.765763 0.1521199 -0.823045 0.1521199 -0.823045 -0.159702 -0.765763 -0.159702 -0.85412 0.1521199 -0.823045 -0.159702 -0.85412 0.156382 -0.883596 0.156382 -0.883596 -0.159702 -0.85412 -0.159702 -0.942478 0.156382 -0.883596 -0.159702 -0.942478 0.1577979 -0.942478 0.08218598 0 0.08218598 -0.04705494 0.151614 0 0.151614 0 0.08218598 -0.04705494 0.09309297 -0.07528799 0.151614 0 0.09309297 -0.07528799 0.186186 -0.07528799 0.186186 -0.07528799 0.09309297 -0.07528799 0.186186 -0.150575 0.186186 -0.07528799 0.186186 -0.150575 0.279279 -0.150575 0.279279 -0.150575 0.186186 -0.150575 0.279279 -0.225863 0.279279 -0.150575 0.279279 -0.225863 0.290469 -0.188219 0.290469 -0.188219 0.279279 -0.225863 0.290469 -0.235274 0.290469 -0.235274 0.279279 -0.225863 0.290469 -0.282329 0.290469 -0.282329 0.279279 -0.225863 0.279279 -0.301151 0.290469 -0.282329 0.279279 -0.301151 0.290469 -0.329384 0.290469 -0.329384 0.279279 -0.301151 0.279279 -0.376438 0.290469 -0.329384 0.279279 -0.376438 0.290469 -0.376438 0.290469 -0.376438 0.279279 -0.376438 0.290469 -0.423493 0.290469 -0.423493 0.279279 -0.376438 0.279279 -0.451726 0.290469 -0.423493 0.279279 -0.451726 0.290469 -0.470548 0.290469 -0.470548 0.279279 -0.451726 0.279279 -0.527014 0.290469 -0.470548 0.279279 -0.527014 0.290469 -0.517603 0.290469 -0.517603 0.279279 -0.527014 0.290469 -0.564658 0.290469 -0.564658 0.279279 -0.527014 0.279279 -0.602302 0.290469 -0.564658 0.279279 -0.602302 0.290469 -0.611713 0.290469 -0.611713 0.279279 -0.602302 0.290469 -0.658767 0.290469 -0.658767 0.279279 -0.602302 0.279279 -0.677589 0.290469 -0.658767 0.279279 -0.677589 0.290469 -0.705822 0.290469 -0.705822 0.279279 -0.677589 0.290469 -0.752877 0.290469 -0.752877 0.279279 -0.677589 0.221042 -0.752877 0.221042 -0.752877 0.279279 -0.677589 0.186186 -0.677589 0.221042 -0.752877 0.186186 -0.677589 0.151614 -0.752877 0.151614 -0.752877 0.186186 -0.677589 0.09309297 -0.677589 0.151614 -0.752877 0.09309297 -0.677589 0.08218598 -0.752877 0.08218598 -0.752877 0.09309297 -0.677589 0.08218598 -0.682295 0.08218598 -0.682295 0.09309297 -0.677589 0.08218598 -0.611713 0.08218598 -0.611713 0.09309297 -0.677589 0.09309297 -0.602302 0.08218598 -0.611713 0.09309297 -0.602302 0.08218598 -0.54113 0.08218598 -0.54113 0.09309297 -0.602302 0.09309297 -0.527014 0.08218598 -0.54113 0.09309297 -0.527014 0.08218598 -0.470548 0.08218598 -0.470548 0.09309297 -0.527014 0.09309297 -0.451726 0.08218598 -0.470548 0.09309297 -0.451726 0.08218598 -0.399966 0.08218598 -0.399966 0.09309297 -0.451726 0.09309297 -0.376438 0.08218598 -0.399966 0.09309297 -0.376438 0.08218598 -0.329384 0.08218598 -0.329384 0.09309297 -0.376438 0.09309297 -0.301151 0.08218598 -0.329384 0.09309297 -0.301151 0.08218598 -0.258801 0.08218598 -0.258801 0.09309297 -0.301151 0.09309297 -0.225863 0.08218598 -0.258801 0.09309297 -0.225863 0.08218598 -0.188219 0.08218598 -0.188219 0.09309297 -0.225863 0.09309297 -0.150575 0.08218598 -0.188219 0.09309297 -0.150575 0.08218598 -0.141164 0.08218598 -0.141164 0.09309297 -0.150575 0.08218598 -0.09410995 0.08218598 -0.09410995 0.09309297 -0.150575 0.09309297 -0.07528799 0.08218598 -0.09410995 0.09309297 -0.07528799 0.08218598 -0.04705494 0.290469 -0.188219 0.290469 -0.141164 0.279279 -0.150575 0.279279 -0.150575 0.290469 -0.141164 0.290469 -0.09410995 0.279279 -0.150575 0.290469 -0.09410995 0.279279 -0.07528799 0.279279 -0.07528799 0.290469 -0.09410995 0.290469 -0.04705494 0.279279 -0.07528799 0.290469 -0.04705494 0.221042 0 0.221042 0 0.290469 -0.04705494 0.290469 0 0.279279 -0.07528799 0.221042 0 0.186186 -0.07528799 0.186186 -0.07528799 0.221042 0 0.151614 0 0.279279 -0.150575 0.279279 -0.07528799 0.186186 -0.07528799 0.09309297 -0.07528799 0.09309297 -0.150575 0.186186 -0.150575 0.186186 -0.150575 0.09309297 -0.150575 0.186186 -0.225863 0.186186 -0.150575 0.186186 -0.225863 0.279279 -0.225863 0.279279 -0.225863 0.186186 -0.225863 0.279279 -0.301151 0.09309297 -0.150575 0.09309297 -0.225863 0.186186 -0.225863 0.186186 -0.225863 0.09309297 -0.225863 0.186186 -0.301151 0.186186 -0.225863 0.186186 -0.301151 0.279279 -0.301151 0.279279 -0.301151 0.186186 -0.301151 0.279279 -0.376438 0.09309297 -0.225863 0.09309297 -0.301151 0.186186 -0.301151 0.186186 -0.301151 0.09309297 -0.301151 0.186186 -0.376438 0.186186 -0.301151 0.186186 -0.376438 0.279279 -0.376438 0.279279 -0.376438 0.186186 -0.376438 0.279279 -0.451726 0.09309297 -0.301151 0.09309297 -0.376438 0.186186 -0.376438 0.186186 -0.376438 0.09309297 -0.376438 0.186186 -0.451726 0.186186 -0.376438 0.186186 -0.451726 0.279279 -0.451726 0.279279 -0.451726 0.186186 -0.451726 0.279279 -0.527014 0.09309297 -0.376438 0.09309297 -0.451726 0.186186 -0.451726 0.186186 -0.451726 0.09309297 -0.451726 0.186186 -0.527014 0.186186 -0.451726 0.186186 -0.527014 0.279279 -0.527014 0.279279 -0.527014 0.186186 -0.527014 0.279279 -0.602302 0.09309297 -0.451726 0.09309297 -0.527014 0.186186 -0.527014 0.186186 -0.527014 0.09309297 -0.527014 0.186186 -0.602302 0.186186 -0.527014 0.186186 -0.602302 0.279279 -0.602302 0.279279 -0.602302 0.186186 -0.602302 0.279279 -0.677589 0.09309297 -0.527014 0.09309297 -0.602302 0.186186 -0.602302 0.186186 -0.602302 0.09309297 -0.602302 0.186186 -0.677589 0.186186 -0.602302 0.186186 -0.677589 0.279279 -0.677589 0.09309297 -0.677589 0.186186 -0.677589 0.09309297 -0.602302 0.05738896 -0.05842798 -0.05808097 -6.93e-4 -0.05808097 -0.116163 0.1111029 0.05116397 -9.86e-4 -0.012887 0.09509098 -0.07693797 -0.008005976 0.06405097 0.008005976 -0.06405097 0.104083 0 -0.05738896 -0.05842798 0.05808097 -0.116163 0.05808097 -6.93e-4 -0.008005976 -0.06405097 0.104083 0 0.008005976 0.06405097 0.1111029 -0.05116397 0.09509098 0.07693797 -9.86e-4 0.012887 0 -0.05773496 0.104 -0.05773496 0 0.05773496 0 0.05773496 0.104 -0.05773496 0.104 0.05773496 0 0.05773496 -0.104 0.05773496 0 -0.05773496 0 -0.05773496 -0.104 0.05773496 -0.104 -0.05773496 0 0.05773496 -0.104 0.05773496 0 -0.05773496 0 -0.05773496 -0.104 0.05773496 -0.104 -0.05773496 0 0.05773496 -0.104 0.05773496 0 -0.05773496 0 -0.05773496 -0.104 0.05773496 -0.104 -0.05773496 0 -0.05773496 0.104 -0.05773496 0 0.05773496 0 0.05773496 0.104 -0.05773496 0.104 0.05773496 0 -0.05773496 0.104 -0.05773496 0 0.05773496 0 0.05773496 0.104 -0.05773496 0.104 0.05773496 0.32881 0.03218996 0.26698 0.05773496 0.33198 0 0.33198 0 0.26698 0.05773496 0.26698 -0.05773496 0.33198 0 0.26698 -0.05773496 0.32881 -0.03218996 0.32881 -0.03218996 0.26698 -0.05773496 0.31942 -0.06314295 0.31942 -0.06314295 0.26698 -0.05773496 0.304172 -0.09166896 0.304172 -0.09166896 0.26698 -0.05773496 0.283653 -0.116673 0.283653 -0.116673 0.26698 -0.05773496 0.258649 -0.137192 0.258649 -0.137192 0.26698 -0.05773496 0.16698 -0.11547 0.258649 -0.137192 0.16698 -0.11547 0.230123 -0.15244 0.230123 -0.15244 0.16698 -0.11547 0.1991699 -0.16183 0.1991699 -0.16183 0.16698 -0.11547 0.16698 -0.165 0.16698 -0.165 0.16698 -0.11547 0.13479 -0.16183 0.13479 -0.16183 0.16698 -0.11547 0.103837 -0.15244 0.103837 -0.15244 0.16698 -0.11547 0.075311 -0.137192 0.075311 -0.137192 0.16698 -0.11547 0.06698 -0.05773496 0.075311 -0.137192 0.06698 -0.05773496 0.05030697 -0.116673 0.05030697 -0.116673 0.06698 -0.05773496 0.02978795 -0.09166896 0.02978795 -0.09166896 0.06698 -0.05773496 0.01453995 -0.06314295 0.01453995 -0.06314295 0.06698 -0.05773496 0.00514996 -0.03218996 0.00514996 -0.03218996 0.06698 -0.05773496 0.001979947 0 0.001979947 0 0.06698 -0.05773496 0.06698 0.05773496 0.001979947 0 0.06698 0.05773496 0.00514996 0.03218996 0.00514996 0.03218996 0.06698 0.05773496 0.01453995 0.06314295 0.01453995 0.06314295 0.06698 0.05773496 0.02978795 0.09166896 0.02978795 0.09166896 0.06698 0.05773496 0.05030697 0.116673 0.05030697 0.116673 0.06698 0.05773496 0.075311 0.137192 0.075311 0.137192 0.06698 0.05773496 0.16698 0.11547 0.075311 0.137192 0.16698 0.11547 0.103837 0.15244 0.103837 0.15244 0.16698 0.11547 0.13479 0.16183 0.13479 0.16183 0.16698 0.11547 0.16698 0.165 0.16698 0.165 0.16698 0.11547 0.1991699 0.16183 0.1991699 0.16183 0.16698 0.11547 0.230123 0.15244 0.230123 0.15244 0.16698 0.11547 0.258649 0.137192 0.258649 0.137192 0.16698 0.11547 0.26698 0.05773496 0.258649 0.137192 0.26698 0.05773496 0.283653 0.116673 0.283653 0.116673 0.26698 0.05773496 0.304172 0.09166896 0.304172 0.09166896 0.26698 0.05773496 0.31942 0.06314295 0.31942 0.06314295 0.26698 0.05773496 0.32881 0.03218996 0.290469 0.752877 0.221042 0.752877 0.290469 0.705822 0.290469 0.705822 0.221042 0.752877 0.279279 0.677589 0.290469 0.705822 0.279279 0.677589 0.290469 0.658767 0.290469 0.658767 0.279279 0.677589 0.279279 0.602302 0.290469 0.658767 0.279279 0.602302 0.290469 0.611713 0.290469 0.611713 0.279279 0.602302 0.290469 0.564658 0.290469 0.564658 0.279279 0.602302 0.279279 0.527014 0.290469 0.564658 0.279279 0.527014 0.290469 0.517603 0.290469 0.517603 0.279279 0.527014 0.290469 0.470548 0.290469 0.470548 0.279279 0.527014 0.279279 0.451726 0.290469 0.470548 0.279279 0.451726 0.290469 0.423493 0.290469 0.423493 0.279279 0.451726 0.279279 0.376438 0.290469 0.423493 0.279279 0.376438 0.290469 0.376438 0.290469 0.376438 0.279279 0.376438 0.290469 0.329384 0.290469 0.329384 0.279279 0.376438 0.279279 0.301151 0.290469 0.329384 0.279279 0.301151 0.290469 0.282329 0.290469 0.282329 0.279279 0.301151 0.279279 0.225863 0.290469 0.282329 0.279279 0.225863 0.290469 0.235274 0.290469 0.235274 0.279279 0.225863 0.290469 0.188219 0.290469 0.188219 0.279279 0.225863 0.279279 0.150575 0.290469 0.188219 0.279279 0.150575 0.290469 0.141164 0.290469 0.141164 0.279279 0.150575 0.290469 0.09410995 0.290469 0.09410995 0.279279 0.150575 0.279279 0.07528799 0.290469 0.09410995 0.279279 0.07528799 0.290469 0.04705494 0.290469 0.04705494 0.279279 0.07528799 0.290469 0 0.290469 0 0.279279 0.07528799 0.221042 0 0.221042 0 0.279279 0.07528799 0.186186 0.07528799 0.221042 0 0.186186 0.07528799 0.151614 0 0.151614 0 0.186186 0.07528799 0.09309297 0.07528799 0.151614 0 0.09309297 0.07528799 0.08218598 0 0.08218598 0 0.09309297 0.07528799 0.08218598 0.07058197 0.08218598 0.07058197 0.09309297 0.07528799 0.08218598 0.141164 0.08218598 0.141164 0.09309297 0.07528799 0.09309297 0.150575 0.08218598 0.141164 0.09309297 0.150575 0.08218598 0.211747 0.08218598 0.211747 0.09309297 0.150575 0.09309297 0.225863 0.08218598 0.211747 0.09309297 0.225863 0.08218598 0.282329 0.08218598 0.282329 0.09309297 0.225863 0.09309297 0.301151 0.08218598 0.282329 0.09309297 0.301151 0.08218598 0.352911 0.08218598 0.352911 0.09309297 0.301151 0.09309297 0.376438 0.08218598 0.352911 0.09309297 0.376438 0.08218598 0.423493 0.08218598 0.423493 0.09309297 0.376438 0.09309297 0.451726 0.08218598 0.423493 0.09309297 0.451726 0.08218598 0.494076 0.08218598 0.494076 0.09309297 0.451726 0.09309297 0.527014 0.08218598 0.494076 0.09309297 0.527014 0.08218598 0.564658 0.08218598 0.564658 0.09309297 0.527014 0.09309297 0.602302 0.08218598 0.564658 0.09309297 0.602302 0.08218598 0.611713 0.08218598 0.611713 0.09309297 0.602302 0.08218598 0.658767 0.08218598 0.658767 0.09309297 0.602302 0.09309297 0.677589 0.08218598 0.658767 0.09309297 0.677589 0.08218598 0.705822 0.08218598 0.705822 0.09309297 0.677589 0.151614 0.752877 0.08218598 0.705822 0.151614 0.752877 0.08218598 0.752877 0.279279 0.677589 0.221042 0.752877 0.186186 0.677589 0.186186 0.677589 0.221042 0.752877 0.151614 0.752877 0.186186 0.677589 0.151614 0.752877 0.09309297 0.677589 0.279279 0.602302 0.279279 0.677589 0.186186 0.677589 0.186186 0.677589 0.09309297 0.677589 0.186186 0.602302 0.186186 0.602302 0.09309297 0.677589 0.09309297 0.602302 0.186186 0.602302 0.09309297 0.602302 0.186186 0.527014 0.186186 0.527014 0.09309297 0.602302 0.09309297 0.527014 0.186186 0.527014 0.09309297 0.527014 0.186186 0.451726 0.186186 0.451726 0.09309297 0.527014 0.09309297 0.451726 0.186186 0.451726 0.09309297 0.451726 0.186186 0.376438 0.186186 0.376438 0.09309297 0.451726 0.09309297 0.376438 0.186186 0.376438 0.09309297 0.376438 0.186186 0.301151 0.186186 0.301151 0.09309297 0.376438 0.09309297 0.301151 0.186186 0.301151 0.09309297 0.301151 0.186186 0.225863 0.186186 0.225863 0.09309297 0.301151 0.09309297 0.225863 0.186186 0.225863 0.09309297 0.225863 0.186186 0.150575 0.186186 0.150575 0.09309297 0.225863 0.09309297 0.150575 0.186186 0.150575 0.09309297 0.150575 0.186186 0.07528799 0.186186 0.07528799 0.09309297 0.150575 0.09309297 0.07528799 0.279279 0.527014 0.279279 0.602302 0.186186 0.602302 0.186186 0.602302 0.279279 0.602302 0.186186 0.677589 0.279279 0.527014 0.186186 0.602302 0.186186 0.527014 0.279279 0.451726 0.279279 0.527014 0.186186 0.527014 0.279279 0.451726 0.186186 0.527014 0.186186 0.451726 0.279279 0.376438 0.279279 0.451726 0.186186 0.451726 0.279279 0.376438 0.186186 0.451726 0.186186 0.376438 0.279279 0.301151 0.279279 0.376438 0.186186 0.376438 0.279279 0.301151 0.186186 0.376438 0.186186 0.301151 0.279279 0.225863 0.279279 0.301151 0.186186 0.301151 0.279279 0.225863 0.186186 0.301151 0.186186 0.225863 0.279279 0.150575 0.279279 0.225863 0.186186 0.225863 0.279279 0.150575 0.186186 0.225863 0.186186 0.150575 0.279279 0.07528799 0.279279 0.150575 0.186186 0.150575 0.279279 0.07528799 0.186186 0.150575 0.186186 0.07528799 0.07325899 -0.479254 0.08032995 -0.466025 0.002545952 -0.42681 0.002545952 -0.42681 0.08032995 -0.466025 0.013152 -0.416203 0.002545952 -0.42681 0.013152 -0.416203 -0.03476297 -0.381349 -0.03476297 -0.381349 0.013152 -0.416203 -0.022291 -0.373015 -0.03476297 -0.381349 -0.022291 -0.373015 -0.06248599 -0.329483 -0.06248599 -0.329483 -0.022291 -0.373015 -0.04862797 -0.323742 -0.06248599 -0.329483 -0.04862797 -0.323742 -0.07955795 -0.273205 -0.07955795 -0.273205 -0.04862797 -0.323742 -0.06484597 -0.270278 -0.07955795 -0.273205 -0.06484597 -0.270278 -0.08532196 -0.214678 -0.08532196 -0.214678 -0.06484597 -0.270278 -0.07032197 -0.214678 -0.08532196 -0.214678 -0.07032197 -0.214678 -0.05804997 -0.131946 0.08032995 -0.466025 0.07325899 -0.479254 0.159077 -0.494201 0.159077 -0.494201 0.07325899 -0.479254 0.1561509 -0.508913 0.159077 -0.494201 0.1561509 -0.508913 0.242613 -0.498305 0.242613 -0.498305 0.1561509 -0.508913 0.244083 -0.513233 0.242613 -0.498305 0.244083 -0.513233 0.329483 -0.491841 0.242613 -0.498305 0.329483 -0.491841 0.323742 -0.477983 0.323742 -0.477983 0.329483 -0.491841 0.404996 -0.446581 0.323742 -0.477983 0.404996 -0.446581 0.39548 -0.434986 0.39548 -0.434986 0.404996 -0.446581 0.464119 -0.381349 0.39548 -0.434986 0.464119 -0.381349 0.451646 -0.373015 0.451646 -0.373015 0.464119 -0.381349 0.50176 -0.301763 0.451646 -0.373015 0.50176 -0.301763 0.487406 -0.297409 0.487406 -0.297409 0.50176 -0.301763 0.514678 -0.214678 0.487406 -0.297409 0.514678 -0.214678 0.499678 -0.214678 0.499678 -0.214678 0.514678 -0.214678 0.494201 -0.159077 0.494201 -0.159077 0.514678 -0.214678 0.508913 -0.1561509 0.494201 -0.159077 0.508913 -0.1561509 0.477983 -0.105613 0.477983 -0.105613 0.508913 -0.1561509 0.491841 -0.099873 0.477983 -0.105613 0.491841 -0.099873 0.451646 -0.05633997 0.451646 -0.05633997 0.491841 -0.099873 0.464119 -0.04800695 0.451646 -0.05633997 0.464119 -0.04800695 0.416203 -0.013152 0.416203 -0.013152 0.464119 -0.04800695 0.42681 -0.002545952 0.416203 -0.013152 0.42681 -0.002545952 0.349026 0.03666996 0.349026 0.03666996 0.42681 -0.002545952 0.356097 0.04989898 0.349026 0.03666996 0.356097 0.04989898 0.270278 0.06484597 0.270278 0.06484597 0.356097 0.04989898 0.273205 0.07955795 0.270278 0.06484597 0.273205 0.07955795 0.186743 0.06894999 0.186743 0.06894999 0.273205 0.07955795 0.185272 0.08387798 0.186743 0.06894999 0.185272 0.08387798 0.099873 0.06248599 0.186743 0.06894999 0.099873 0.06248599 0.105613 0.04862797 0.105613 0.04862797 0.099873 0.06248599 0.02436 0.01722598 0.105613 0.04862797 0.02436 0.01722598 0.033876 0.005629956 0.033876 0.005629956 0.02436 0.01722598 -0.03476297 -0.04800695 0.033876 0.005629956 -0.03476297 -0.04800695 -0.022291 -0.05633997 -0.022291 -0.05633997 -0.03476297 -0.04800695 -0.07240396 -0.127592 -0.022291 -0.05633997 -0.07240396 -0.127592 -0.05804997 -0.131946 -0.05804997 -0.131946 -0.07240396 -0.127592 -0.08532196 -0.214678 0.08772897 0 0.100478 0.05676299 -0.1598049 0 -0.1598049 0 0.100478 0.05676299 -0.1598049 0.08835697 -0.1598049 0.08835697 0.100478 0.05676299 0.113409 0.1157 -0.1598049 0.08835697 0.113409 0.1157 -0.1598049 0.176715 -0.1598049 0.176715 0.113409 0.1157 0.125647 0.175357 -0.1598049 0.176715 0.125647 0.175357 0.136342 0.2339569 -0.1598049 0.176715 0.136342 0.2339569 -0.1598049 0.265072 -0.1598049 0.265072 0.136342 0.2339569 0.145114 0.291677 -0.1598049 0.265072 0.145114 0.291677 -0.1598049 0.353429 -0.1598049 0.353429 0.145114 0.291677 0.1520169 0.351795 -0.1598049 0.353429 0.1520169 0.351795 0.156279 0.412351 -0.1598049 0.353429 0.156279 0.412351 -0.1598049 0.441786 -0.1598049 0.441786 0.156279 0.412351 0.1576949 0.471239 -0.1598049 0.441786 0.1576949 0.471239 -0.1598049 0.530144 -0.1598049 0.530144 0.1576949 0.471239 0.156279 0.530127 -0.1598049 0.530144 0.156279 0.530127 0.1520169 0.590683 -0.1598049 0.530144 0.1520169 0.590683 -0.1598049 0.618501 -0.1598049 0.618501 0.1520169 0.590683 0.145114 0.6508 -0.1598049 0.618501 0.145114 0.6508 -0.1598049 0.706858 -0.1598049 0.706858 0.145114 0.6508 0.136342 0.70852 -0.1598049 0.706858 0.136342 0.70852 -0.1598049 0.765763 -0.1598049 0.765763 0.136342 0.70852 0.125647 0.767121 -0.1598049 0.765763 0.125647 0.767121 -0.1598049 0.824668 -0.1598049 0.824668 0.125647 0.767121 0.113409 0.826778 -0.1598049 0.824668 0.113409 0.826778 -0.1598049 0.883573 -0.1598049 0.883573 0.113409 0.826778 0.100478 0.885715 -0.1598049 0.883573 0.100478 0.885715 -0.1598049 0.942478 -0.1598049 0.942478 0.100478 0.885715 0.08772897 0.942478 0.12947 -0.182888 -0.155 -0.1884959 0.155 -0.210409 0.155 -0.210409 -0.155 -0.1884959 -0.155 -0.219911 0.155 -0.210409 -0.155 -0.219911 0.155 -0.240052 0.155 -0.240052 -0.155 -0.219911 -0.155 -0.251327 0.155 -0.240052 -0.155 -0.251327 0.155 -0.269695 0.155 -0.269695 -0.155 -0.251327 -0.155 -0.282743 0.155 -0.269695 -0.155 -0.282743 0.155 -0.299338 0.155 -0.299338 -0.155 -0.282743 -0.155 -0.314159 0.155 -0.299338 -0.155 -0.314159 0.155 -0.328981 0.155 0.299338 -0.155 0.314159 -0.155 0.282743 0.155 0.299338 -0.155 0.282743 0.155 0.269695 0.155 0.269695 -0.155 0.282743 -0.155 0.251327 0.155 0.269695 -0.155 0.251327 0.155 0.240052 0.155 0.240052 -0.155 0.251327 -0.155 0.219911 0.155 0.240052 -0.155 0.219911 0.155 0.210409 0.155 0.210409 -0.155 0.219911 -0.155 0.1884959 0.155 0.210409 -0.155 0.1884959 0.12947 0.182888 0.12947 0.182888 -0.155 0.1884959 -0.155 0.1570799 0.12947 0.182888 -0.155 0.1570799 0.103884 0.1570799 0.103884 -0.1570799 -0.155 -0.1570799 0.12947 -0.182888 0.12947 -0.182888 -0.155 -0.1570799 -0.155 -0.1884959 0.01405298 -10.22602 -0.07239496 -10.22602 0.02049297 -10.28855 0.02049297 -10.28855 -0.07239496 -10.22602 0.039918 -10.34975 0.039918 -10.34975 -0.07239496 -10.22602 0.07135397 -10.40439 0.07135397 -10.40439 -0.07239496 -10.22602 -0.07239496 -11.50428 0.07135397 -10.40439 -0.07239496 -11.50428 0.111311 -10.44894 0.111311 -10.44894 -0.07239496 -11.50428 0.160026 -10.48434 0.160026 -10.48434 -0.07239496 -11.50428 0.215773 -10.50919 0.215773 -10.50919 -0.07239496 -11.50428 0.274675 -10.52193 0.274675 -10.52193 -0.07239496 -11.50428 0.332742 -10.52318 0.332742 -10.52318 -0.07239496 -11.50428 0.651553 -11.50428 0.332742 -10.52318 0.651553 -11.50428 0.391392 -10.51357 0.391392 -10.51357 0.651553 -11.50428 0.448151 -10.49337 0.448151 -10.49337 0.651553 -11.50428 0.499607 -10.46371 0.499607 -10.46371 0.651553 -11.50428 0.543187 -10.42717 0.543187 -10.42717 0.651553 -11.50428 0.579325 -10.38345 0.579325 -10.38345 0.651553 -11.50428 0.606857 -10.33349 0.606857 -10.33349 0.651553 -11.50428 0.651553 -10.22602 0.606857 -10.33349 0.651553 -10.22602 0.623512 -10.27992 0.623512 -10.27992 0.651553 -10.22602 0.629053 -10.22602 0.651553 -11.50428 -0.07239496 -11.50428 0.651553 -12.78253 0.651553 -12.78253 -0.07239496 -11.50428 -0.07239496 -12.78253 0.651553 12.78253 -0.07239496 12.78253 0.651553 11.50428 0.651553 11.50428 -0.07239496 12.78253 -0.07239496 11.50428 0.651553 11.50428 -0.07239496 11.50428 0.651553 10.22602 0.651553 10.22602 -0.07239496 11.50428 -0.07239496 10.22602 0.651553 10.22602 -0.07239496 10.22602 0.332788 9.244959 0.332788 9.244959 -0.07239496 10.22602 0.274713 9.243679 0.274713 9.243679 -0.07239496 10.22602 0.2158049 9.23095 0.2158049 9.23095 -0.07239496 10.22602 0.160051 9.206105 0.160051 9.206105 -0.07239496 10.22602 0.111327 9.170701 0.111327 9.170701 -0.07239496 10.22602 0.07136499 9.126152 0.07136499 9.126152 -0.07239496 10.22602 -0.07239496 8.947772 0.07136499 9.126152 -0.07239496 8.947772 0.03992295 9.071509 0.03992295 9.071509 -0.07239496 8.947772 0.02049398 9.010305 0.02049398 9.010305 -0.07239496 8.947772 0.01405298 8.947772 0.01405298 8.947772 -0.07239496 8.947772 0.02049398 8.885239 0.02049398 8.885239 -0.07239496 8.947772 0.03992295 8.824035 0.03992295 8.824035 -0.07239496 8.947772 0.07136499 8.769392 0.07136499 8.769392 -0.07239496 8.947772 -0.07239496 7.669518 0.07136499 8.769392 -0.07239496 7.669518 0.111327 8.724843 0.111327 8.724843 -0.07239496 7.669518 0.160051 8.689439 0.160051 8.689439 -0.07239496 7.669518 0.2158049 8.664594 0.2158049 8.664594 -0.07239496 7.669518 0.274713 8.651865 0.274713 8.651865 -0.07239496 7.669518 0.332788 8.650584 0.332788 8.650584 -0.07239496 7.669518 0.651553 7.669518 0.332788 8.650584 0.651553 7.669518 0.39143 8.660233 0.39143 8.660233 0.651553 7.669518 0.448182 8.680438 0.448182 8.680438 0.651553 7.669518 0.499629 8.710103 0.499629 8.710103 0.651553 7.669518 0.543202 8.746639 0.543202 8.746639 0.651553 7.669518 0.579334 8.790361 0.579334 8.790361 0.651553 7.669518 0.606862 8.840313 0.606862 8.840313 0.651553 7.669518 0.651553 8.947772 0.606862 8.840313 0.651553 8.947772 0.623513 8.893883 0.623513 8.893883 0.651553 8.947772 0.629053 8.947772 0.629053 8.947772 0.651553 8.947772 0.623513 9.001661 0.623513 9.001661 0.651553 8.947772 0.606862 9.05523 0.606862 9.05523 0.651553 8.947772 0.651553 10.22602 0.606862 9.05523 0.651553 10.22602 0.579334 9.105182 0.579334 9.105182 0.651553 10.22602 0.543202 9.148904 0.543202 9.148904 0.651553 10.22602 0.499629 9.185441 0.499629 9.185441 0.651553 10.22602 0.448182 9.215106 0.448182 9.215106 0.651553 10.22602 0.39143 9.23531 0.39143 9.23531 0.651553 10.22602 0.332788 9.244959 0.651553 7.669518 -0.07239496 7.669518 0.651553 6.391265 0.651553 6.391265 -0.07239496 7.669518 -0.07239496 6.391265 0.651553 6.391265 -0.07239496 6.391265 0.651553 5.113012 0.651553 5.113012 -0.07239496 6.391265 -0.07239496 5.113012 0.651553 5.113012 -0.07239496 5.113012 0.651553 3.834759 0.651553 3.834759 -0.07239496 5.113012 -0.07239496 3.834759 0.651553 3.834759 -0.07239496 3.834759 0.332742 2.853666 0.332742 2.853666 -0.07239496 3.834759 0.274675 2.852408 0.274675 2.852408 -0.07239496 3.834759 0.215773 2.839674 0.215773 2.839674 -0.07239496 3.834759 0.160026 2.814824 0.160026 2.814824 -0.07239496 3.834759 0.111311 2.77942 0.111311 2.77942 -0.07239496 3.834759 0.07135397 2.734872 0.07135397 2.734872 -0.07239496 3.834759 -0.07239496 2.556506 0.07135397 2.734872 -0.07239496 2.556506 0.039918 2.680232 0.039918 2.680232 -0.07239496 2.556506 0.02049297 2.619033 0.02049297 2.619033 -0.07239496 2.556506 0.01405298 2.556506 0.332742 2.853666 0.391392 2.844054 0.651553 3.834759 0.651553 3.834759 0.391392 2.844054 0.448151 2.823854 0.651553 3.834759 0.448151 2.823854 0.499607 2.794191 0.499607 2.794191 0.543187 2.757653 0.651553 3.834759 0.651553 3.834759 0.543187 2.757653 0.579325 2.71393 0.651553 3.834759 0.579325 2.71393 0.606857 2.663974 0.651553 3.834759 0.606857 2.663974 0.651553 2.556506 0.651553 2.556506 0.606857 2.663974 0.623512 2.6104 0.651553 2.556506 0.623512 2.6104 0.629053 2.556506 0.128665 -0.01888895 0.109781 0 -0.130219 -0.01888895 -0.130219 -0.01888895 0.109781 0 -0.130219 0 -0.2 0.05888897 -0.2 0.03999996 -0.133336 0.05987697 -0.133336 0.05987697 -0.2 0.03999996 -0.195106 0.009097993 -0.133336 0.05987697 -0.195106 0.009097993 -0.180902 -0.01877897 -0.180902 -0.01877897 -0.158779 -0.04090195 -0.133336 0.05987697 -0.133336 0.05987697 -0.158779 -0.04090195 -0.1309019 -0.05510598 -0.133336 0.05987697 -0.1309019 -0.05510598 -0.1 -0.06 -0.133336 0.05987697 -0.1 -0.06 -0.06666398 0.05987697 -0.06666398 0.05987697 -0.1 -0.06 -0.06909799 -0.05510598 -0.06666398 0.05987697 -0.06909799 -0.05510598 -0.04122096 -0.04090195 -0.04122096 -0.04090195 -0.01909798 -0.01877897 -0.06666398 0.05987697 -0.06666398 0.05987697 -0.01909798 -0.01877897 -0.004893958 0.009097993 -0.06666398 0.05987697 -0.004893958 0.009097993 0 0.03999996 0 0.03999996 0 0.05888897 -0.06666398 0.05987697 0.130219 0 -0.109781 0 0.130219 -0.01888895 0.130219 -0.01888895 -0.109781 0 -0.128665 -0.01888895 -0.02698999 -10.55124 0 -10.55124 -0.03141599 -9.847827 -0.03141599 -9.847827 0 -10.55124 0 -9.144412 -0.03141599 -9.847827 0 -9.144412 -0.03141599 -8.440996 -0.03141599 -8.440996 0 -9.144412 0 -7.737579 -0.03141599 -8.440996 0 -7.737579 -0.03141599 -7.034163 -0.03141599 -7.034163 0 -7.737579 0 -6.330746 -0.03141599 -7.034163 0 -6.330746 -0.03141599 -5.62733 -0.03141599 -5.62733 0 -6.330746 0 -4.923913 -0.03141599 -5.62733 0 -4.923913 -0.03141599 -4.220498 -0.03141599 -4.220498 0 -4.923913 0 -3.517081 -0.03141599 -4.220498 0 -3.517081 -0.03141599 -2.813665 -0.03141599 -2.813665 0 -3.517081 0 -2.110249 -0.03141599 -2.813665 0 -2.110249 -0.03141599 -1.406832 -0.03141599 -1.406832 0 -2.110249 0 -0.703416 -0.03141599 -1.406832 0 -0.703416 -0.03141599 0 -0.03141599 0 0 -0.703416 0 0.703416 -0.03141599 0 0 0.703416 -0.03141599 1.406832 -0.03141599 1.406832 0 0.703416 0 2.110249 -0.03141599 1.406832 0 2.110249 -0.03141599 2.813665 -0.03141599 2.813665 0 2.110249 0 3.517081 -0.03141599 2.813665 0 3.517081 -0.02698999 3.517081 -0.02698999 3.517081 -0.05397897 3.517081 -0.03141599 2.813665 -0.03141599 2.813665 -0.05397897 3.517081 -0.06283199 2.813665 -0.03141599 2.813665 -0.06283199 2.813665 -0.03141599 1.406832 -0.03141599 1.406832 -0.06283199 2.813665 -0.06283199 1.406832 -0.03141599 1.406832 -0.06283199 1.406832 -0.03141599 0 -0.03141599 0 -0.06283199 1.406832 -0.06283199 0 -0.03141599 0 -0.06283199 0 -0.03141599 -1.406832 -0.03141599 -1.406832 -0.06283199 0 -0.06283199 -1.406832 -0.03141599 -1.406832 -0.06283199 -1.406832 -0.03141599 -2.813665 -0.03141599 -2.813665 -0.06283199 -1.406832 -0.06283199 -2.813665 -0.03141599 -2.813665 -0.06283199 -2.813665 -0.03141599 -4.220498 -0.03141599 -4.220498 -0.06283199 -2.813665 -0.06283199 -4.220498 -0.03141599 -4.220498 -0.06283199 -4.220498 -0.03141599 -5.62733 -0.03141599 -5.62733 -0.06283199 -4.220498 -0.06283199 -5.62733 -0.03141599 -5.62733 -0.06283199 -5.62733 -0.03141599 -7.034163 -0.03141599 -7.034163 -0.06283199 -5.62733 -0.06283199 -7.034163 -0.03141599 -7.034163 -0.06283199 -7.034163 -0.03141599 -8.440996 -0.03141599 -8.440996 -0.06283199 -7.034163 -0.06283199 -8.440996 -0.03141599 -8.440996 -0.06283199 -8.440996 -0.03141599 -9.847827 -0.03141599 -9.847827 -0.06283199 -8.440996 -0.06283199 -9.847827 -0.03141599 -9.847827 -0.06283199 -9.847827 -0.05397897 -10.55124 -0.05397897 -10.55124 -0.06283199 -9.847827 -0.08096897 -10.55124 -0.08096897 -10.55124 -0.06283199 -9.847827 -0.09424799 -9.847827 -0.08096897 -10.55124 -0.09424799 -9.847827 -0.107959 -10.55124 -0.107959 -10.55124 -0.09424799 -9.847827 -0.1256639 -9.847827 -0.107959 -10.55124 -0.1256639 -9.847827 -0.134948 -10.55124 -0.134948 -10.55124 -0.1256639 -9.847827 -0.134948 -9.144412 -0.134948 -9.144412 -0.1256639 -9.847827 -0.1256639 -8.440996 -0.134948 -9.144412 -0.1256639 -8.440996 -0.134948 -7.737579 -0.134948 -7.737579 -0.1256639 -8.440996 -0.1256639 -7.034163 -0.134948 -7.737579 -0.1256639 -7.034163 -0.134948 -6.330746 -0.134948 -6.330746 -0.1256639 -7.034163 -0.1256639 -5.62733 -0.134948 -6.330746 -0.1256639 -5.62733 -0.134948 -4.923913 -0.134948 -4.923913 -0.1256639 -5.62733 -0.1256639 -4.220498 -0.134948 -4.923913 -0.1256639 -4.220498 -0.134948 -3.517081 -0.134948 -3.517081 -0.1256639 -4.220498 -0.1256639 -2.813665 -0.134948 -3.517081 -0.1256639 -2.813665 -0.134948 -2.110249 -0.134948 -2.110249 -0.1256639 -2.813665 -0.1256639 -1.406832 -0.134948 -2.110249 -0.1256639 -1.406832 -0.134948 -0.703416 -0.134948 -0.703416 -0.1256639 -1.406832 -0.1256639 0 -0.134948 -0.703416 -0.1256639 0 -0.134948 0.703416 -0.134948 0.703416 -0.1256639 0 -0.1256639 1.406832 -0.134948 0.703416 -0.1256639 1.406832 -0.134948 2.110249 -0.134948 2.110249 -0.1256639 1.406832 -0.1256639 2.813665 -0.134948 2.110249 -0.1256639 2.813665 -0.134948 3.517081 -0.134948 3.517081 -0.1256639 2.813665 -0.107959 3.517081 -0.107959 3.517081 -0.1256639 2.813665 -0.09424799 2.813665 -0.107959 3.517081 -0.09424799 2.813665 -0.08096897 3.517081 -0.08096897 3.517081 -0.09424799 2.813665 -0.06283199 2.813665 -0.08096897 3.517081 -0.06283199 2.813665 -0.05397897 3.517081 -0.05397897 -10.55124 -0.02698999 -10.55124 -0.03141599 -9.847827 -0.1256639 -8.440996 -0.1256639 -9.847827 -0.09424799 -9.847827 -0.09424799 -9.847827 -0.06283199 -9.847827 -0.09424799 -8.440996 -0.09424799 -8.440996 -0.06283199 -9.847827 -0.06283199 -8.440996 -0.09424799 -8.440996 -0.06283199 -8.440996 -0.09424799 -7.034163 -0.09424799 -7.034163 -0.06283199 -8.440996 -0.06283199 -7.034163 -0.09424799 -7.034163 -0.06283199 -7.034163 -0.09424799 -5.62733 -0.09424799 -5.62733 -0.06283199 -7.034163 -0.06283199 -5.62733 -0.09424799 -5.62733 -0.06283199 -5.62733 -0.09424799 -4.220498 -0.09424799 -4.220498 -0.06283199 -5.62733 -0.06283199 -4.220498 -0.09424799 -4.220498 -0.06283199 -4.220498 -0.09424799 -2.813665 -0.09424799 -2.813665 -0.06283199 -4.220498 -0.06283199 -2.813665 -0.09424799 -2.813665 -0.06283199 -2.813665 -0.09424799 -1.406832 -0.09424799 -1.406832 -0.06283199 -2.813665 -0.06283199 -1.406832 -0.09424799 -1.406832 -0.06283199 -1.406832 -0.09424799 0 -0.09424799 0 -0.06283199 -1.406832 -0.06283199 0 -0.09424799 0 -0.06283199 0 -0.09424799 1.406832 -0.09424799 1.406832 -0.06283199 0 -0.06283199 1.406832 -0.09424799 1.406832 -0.06283199 1.406832 -0.09424799 2.813665 -0.09424799 2.813665 -0.06283199 1.406832 -0.06283199 2.813665 -0.1256639 -7.034163 -0.1256639 -8.440996 -0.09424799 -8.440996 -0.09424799 -8.440996 -0.1256639 -8.440996 -0.09424799 -9.847827 -0.1256639 -7.034163 -0.09424799 -8.440996 -0.09424799 -7.034163 -0.1256639 -5.62733 -0.1256639 -7.034163 -0.09424799 -7.034163 -0.1256639 -5.62733 -0.09424799 -7.034163 -0.09424799 -5.62733 -0.1256639 -4.220498 -0.1256639 -5.62733 -0.09424799 -5.62733 -0.1256639 -4.220498 -0.09424799 -5.62733 -0.09424799 -4.220498 -0.1256639 -2.813665 -0.1256639 -4.220498 -0.09424799 -4.220498 -0.1256639 -2.813665 -0.09424799 -4.220498 -0.09424799 -2.813665 -0.1256639 -1.406832 -0.1256639 -2.813665 -0.09424799 -2.813665 -0.1256639 -1.406832 -0.09424799 -2.813665 -0.09424799 -1.406832 -0.1256639 0 -0.1256639 -1.406832 -0.09424799 -1.406832 -0.1256639 0 -0.09424799 -1.406832 -0.09424799 0 -0.1256639 1.406832 -0.1256639 0 -0.09424799 0 -0.1256639 1.406832 -0.09424799 0 -0.09424799 1.406832 -0.1256639 2.813665 -0.1256639 1.406832 -0.09424799 1.406832 -0.1256639 2.813665 -0.09424799 1.406832 -0.09424799 2.813665 0.103884 0.1570799 -0.155 0.1570799 0.12947 0.131272 0.12947 0.131272 -0.155 0.1570799 -0.155 0.1256639 0.12947 0.131272 -0.155 0.1256639 0.155 0.10375 0.155 0.10375 -0.155 0.1256639 -0.155 0.09424799 0.155 0.10375 -0.155 0.09424799 0.155 0.07781296 0.155 0.07781296 -0.155 0.09424799 -0.155 0.06283199 0.155 0.07781296 -0.155 0.06283199 0.155 0.05187499 0.155 0.05187499 -0.155 0.06283199 -0.155 0.03141599 0.155 0.05187499 -0.155 0.03141599 0.155 0.02593797 0.155 0.02593797 -0.155 0.03141599 -0.155 0 0.155 0.02593797 -0.155 0 0.155 0 -4.397046 -4.429163 -3.048859 -4.191382 -4.412965 -4.408777 -4.412965 -4.408777 -3.048859 -4.191382 -4.43358 -4.393156 -4.43358 -4.393156 -3.048859 -4.191382 -4.457512 -4.383345 -4.457512 -4.383345 -3.048859 -4.191382 -4.48316 -4.38 -4.48316 -4.38 -3.048859 -4.191382 -7.128674 -3.55333 -4.48316 -4.38 -7.128674 -3.55333 -5.91746 -4.191382 -3.048859 -4.191382 -1.837646 -3.55333 -7.128674 -3.55333 -7.128674 -3.55333 -1.837646 -3.55333 -8.087245 -2.575942 -8.087245 -2.575942 -1.837646 -3.55333 -0.879075 -2.575942 -8.087245 -2.575942 -0.879075 -2.575942 -8.701631 -1.352554 -8.701631 -1.352554 -0.879075 -2.575942 -0.264689 -1.352554 -8.701631 -1.352554 -0.264689 -1.352554 -8.913161 0 -8.913161 0 -0.264689 -1.352554 -0.05315995 0 -8.913161 0 -0.05315995 0 -8.701631 1.352554 -8.701631 1.352554 -0.05315995 0 -0.264689 1.352554 -8.701631 1.352554 -0.264689 1.352554 -8.087245 2.575942 -8.087245 2.575942 -0.264689 1.352554 -0.879075 2.575942 -8.087245 2.575942 -0.879075 2.575942 -7.128674 3.55333 -7.128674 3.55333 -0.879075 2.575942 -1.837646 3.55333 -7.128674 3.55333 -1.837646 3.55333 -5.91746 4.191382 -5.91746 4.191382 -1.837646 3.55333 -4.497927 4.381096 -5.91746 4.191382 -4.497927 4.381096 -4.526174 4.389724 -4.497927 4.381096 -1.837646 3.55333 -4.468393 4.381096 -4.468393 4.381096 -1.837646 3.55333 -3.048859 4.191382 -4.468393 4.381096 -3.048859 4.191382 -4.440146 4.389724 -4.440146 4.389724 -3.048859 4.191382 -4.415652 4.406226 -4.415652 4.406226 -3.048859 4.191382 -4.397046 4.429163 -4.526174 4.389724 -4.550668 4.406226 -5.91746 4.191382 -5.91746 4.191382 -4.550668 4.406226 -4.569274 4.429163 -4.569274 -4.429163 -4.553355 -4.408777 -5.91746 -4.191382 -5.91746 -4.191382 -4.553355 -4.408777 -4.53274 -4.393156 -5.91746 -4.191382 -4.53274 -4.393156 -4.508808 -4.383345 -4.508808 -4.383345 -4.48316 -4.38 -5.91746 -4.191382 0.155 -0.07781296 -0.155 -0.09424799 0.155 -0.10375 0.155 -0.10375 -0.155 -0.09424799 -0.155 -0.1256639 0.155 -0.10375 -0.155 -0.1256639 0.12947 -0.131272 0.12947 -0.131272 -0.155 -0.1256639 -0.155 -0.1570799 0.12947 -0.131272 -0.155 -0.1570799 0.103884 -0.1570799 -0.155 -0.09424799 0.155 -0.07781296 -0.155 -0.06283199 -0.155 -0.06283199 0.155 -0.07781296 0.155 -0.05187499 -0.155 -0.06283199 0.155 -0.05187499 -0.155 -0.03141599 -0.155 -0.03141599 0.155 -0.05187499 0.155 -0.02593797 -0.155 -0.03141599 0.155 -0.02593797 -0.155 0 -0.155 0 0.155 -0.02593797 0.155 0 0.00989896 9.749608 0.00989896 11.13497 -0.08909499 9.986681 -0.08909499 9.986681 0.00989896 11.13497 -0.02620595 11.12489 -0.08909499 9.986681 -0.02620595 11.12489 -0.06238895 11.12212 -0.06238895 11.12212 -0.08909499 11.12254 -0.08909499 9.986681 -0.08909499 9.986681 -0.08909499 8.850824 0.00989896 9.749608 0.00989896 9.749608 -0.08909499 8.850824 0.00989896 8.364248 0.00989896 8.364248 -0.08909499 8.850824 -0.08909499 7.714966 0.00989896 8.364248 -0.08909499 7.714966 0.00989896 6.978886 0.00989896 6.978886 -0.08909499 7.714966 -0.08909499 6.412319 0.00989896 6.978886 -0.08909499 6.412319 0.00989896 5.593524 0.00989896 5.593524 -0.08909499 6.412319 -0.08909499 5.109672 0.00989896 5.593524 -0.08909499 5.109672 0.00989896 4.208163 0.00989896 4.208163 -0.08909499 5.109672 -0.08909499 3.807024 0.00989896 4.208163 -0.08909499 3.807024 0.00989896 2.822802 0.00989896 2.822802 -0.08909499 3.807024 -0.08909499 2.504377 0.00989896 2.822802 -0.08909499 2.504377 0.00989896 1.437441 0.00989896 1.437441 -0.08909499 2.504377 -0.08909499 1.20173 0.00989896 1.437441 -0.08909499 1.20173 0.00989896 0.05207997 0.00989896 0.05207997 -0.08909499 1.20173 -0.08909499 -0.100917 0.00989896 0.05207997 -0.08909499 -0.100917 0.00989896 -1.333281 0.00989896 -1.333281 -0.08909499 -0.100917 -0.08909499 -1.403565 0.00989896 -1.333281 -0.08909499 -1.403565 0.00989896 -2.718642 0.00989896 -2.718642 -0.08909499 -1.403565 -0.02620595 -2.708559 -0.02620595 -2.708559 -0.08909499 -1.403565 -0.06238895 -2.705794 -0.06238895 -2.705794 -0.08909499 -1.403565 -0.08909499 -2.706212 -0.08909499 11.321 -0.06238895 11.32142 -0.08909499 12.62365 -0.08909499 12.62365 -0.06238895 11.32142 -0.02620595 11.31865 -0.08909499 12.62365 -0.02620595 11.31865 0.00989896 11.30857 0.00989896 11.30857 0.00989896 12.69393 -0.08909499 12.62365 -0.08909499 12.62365 0.00989896 12.69393 -0.08909499 13.92629 -0.08909499 13.92629 0.00989896 12.69393 0.00989896 14.07929 -0.08909499 13.92629 0.00989896 14.07929 -0.08909499 15.22894 -0.08909499 -12.82548 0.00989896 -13.97513 0.00989896 -12.58977 -0.08909499 -12.82548 0.00989896 -12.58977 -0.08909499 -11.52283 -0.08909499 -11.52283 0.00989896 -12.58977 0.00989896 -11.20441 -0.08909499 -11.52283 0.00989896 -11.20441 -0.08909499 -10.22019 -0.08909499 -10.22019 0.00989896 -11.20441 0.00989896 -9.819048 -0.08909499 -10.22019 0.00989896 -9.819048 -0.08909499 -8.91754 -0.08909499 -8.91754 0.00989896 -9.819048 0.00989896 -8.433687 -0.08909499 -8.91754 0.00989896 -8.433687 -0.08909499 -7.614892 -0.08909499 -7.614892 0.00989896 -8.433687 0.00989896 -7.048326 -0.08909499 -7.614892 0.00989896 -7.048326 -0.08909499 -6.312245 -0.08909499 -6.312245 0.00989896 -7.048326 0.00989896 -5.662964 -0.08909499 -6.312245 0.00989896 -5.662964 -0.08909499 -5.176388 -0.08909499 -5.176388 0.00989896 -5.662964 0.00989896 -4.277603 -0.08909499 -5.176388 0.00989896 -4.277603 -0.08909499 -4.04053 -0.08909499 -4.04053 0.00989896 -4.277603 0.00989896 -2.892242 -0.08909499 -4.04053 0.00989896 -2.892242 -0.02620595 -2.902326 -0.02620595 -2.902326 -0.06238895 -2.905091 -0.08909499 -4.04053 -0.08909499 -4.04053 -0.06238895 -2.905091 -0.08909499 -2.904673 -0.128665 0 -0.109781 -0.01888895 0.130219 0 0.130219 0 -0.109781 -0.01888895 0.130219 -0.01888895 0 -0.05888897 0 -0.03999996 -0.06666398 -0.05987697 -0.06666398 -0.05987697 0 -0.03999996 -0.004893958 -0.009097993 -0.06666398 -0.05987697 -0.004893958 -0.009097993 -0.01909798 0.01877897 -0.01909798 0.01877897 -0.04122096 0.04090195 -0.06666398 -0.05987697 -0.06666398 -0.05987697 -0.04122096 0.04090195 -0.06909799 0.05510598 -0.06666398 -0.05987697 -0.06909799 0.05510598 -0.1 0.06 -0.06666398 -0.05987697 -0.1 0.06 -0.133336 -0.05987697 -0.133336 -0.05987697 -0.1 0.06 -0.1309019 0.05510598 -0.133336 -0.05987697 -0.1309019 0.05510598 -0.158779 0.04090195 -0.158779 0.04090195 -0.180902 0.01877897 -0.133336 -0.05987697 -0.133336 -0.05987697 -0.180902 0.01877897 -0.195106 -0.009097993 -0.133336 -0.05987697 -0.195106 -0.009097993 -0.2 -0.03999996 -0.2 -0.03999996 -0.2 -0.05888897 -0.133336 -0.05987697 -0.130219 -0.01888895 0.109781 -0.01888895 -0.130219 0 -0.130219 0 0.109781 -0.01888895 0.128665 0 -0.134948 4.862189 -0.134948 3.472992 -0.1256639 4.167591 -0.1256639 4.167591 -0.134948 3.472992 -0.107959 3.472992 -0.1256639 4.167591 -0.107959 3.472992 -0.09424799 4.167591 -0.09424799 4.167591 -0.107959 3.472992 -0.08096897 3.472992 -0.09424799 4.167591 -0.08096897 3.472992 -0.06283199 4.167591 -0.06283199 4.167591 -0.08096897 3.472992 -0.05397897 3.472992 -0.06283199 4.167591 -0.05397897 3.472992 -0.03141599 4.167591 -0.03141599 4.167591 -0.05397897 3.472992 -0.02698999 3.472992 -0.03141599 4.167591 -0.02698999 3.472992 0 3.472992 0 3.472992 0 4.862189 -0.03141599 4.167591 -0.03141599 4.167591 0 4.862189 -0.03141599 5.556788 -0.03141599 4.167591 -0.03141599 5.556788 -0.06283199 5.556788 -0.06283199 5.556788 -0.03141599 5.556788 -0.06283199 6.945985 -0.06283199 5.556788 -0.06283199 6.945985 -0.09424799 6.945985 -0.09424799 6.945985 -0.06283199 6.945985 -0.09424799 8.335182 -0.09424799 6.945985 -0.09424799 8.335182 -0.1256639 8.335182 -0.1256639 8.335182 -0.09424799 8.335182 -0.1256639 9.724379 -0.1256639 8.335182 -0.1256639 9.724379 -0.134948 9.029781 -0.134948 9.029781 -0.1256639 9.724379 -0.134948 10.41898 -0.134948 10.41898 -0.1256639 9.724379 -0.1256639 11.11358 -0.134948 10.41898 -0.1256639 11.11358 -0.134948 11.80817 -0.134948 11.80817 -0.1256639 11.11358 -0.1256639 12.50277 -0.134948 11.80817 -0.1256639 12.50277 -0.134948 13.19737 -0.134948 13.19737 -0.1256639 12.50277 -0.1256639 13.89197 -0.134948 13.19737 -0.1256639 13.89197 -0.134948 14.58657 -0.134948 -13.19737 -0.1256639 -13.89197 -0.1256639 -12.50277 -0.134948 -13.19737 -0.1256639 -12.50277 -0.134948 -11.80817 -0.134948 -11.80817 -0.1256639 -12.50277 -0.1256639 -11.11358 -0.134948 -11.80817 -0.1256639 -11.11358 -0.134948 -10.41898 -0.134948 -10.41898 -0.1256639 -11.11358 -0.107959 -10.41898 -0.107959 -10.41898 -0.1256639 -11.11358 -0.09424799 -11.11358 -0.107959 -10.41898 -0.09424799 -11.11358 -0.08096897 -10.41898 -0.08096897 -10.41898 -0.09424799 -11.11358 -0.06283199 -11.11358 -0.08096897 -10.41898 -0.06283199 -11.11358 -0.05397897 -10.41898 -0.05397897 -10.41898 -0.06283199 -11.11358 -0.03141599 -11.11358 -0.05397897 -10.41898 -0.03141599 -11.11358 -0.02698999 -10.41898 -0.02698999 -10.41898 -0.03141599 -11.11358 0 -10.41898 0 -10.41898 -0.03141599 -11.11358 0 -11.80817 0 -11.80817 -0.03141599 -11.11358 -0.03141599 -12.50277 0 -11.80817 -0.03141599 -12.50277 0 -13.19737 0 -13.19737 -0.03141599 -12.50277 -0.03141599 -13.89197 0 -13.19737 -0.03141599 -13.89197 0 -14.58657 0 13.19737 -0.03141599 13.89197 -0.03141599 12.50277 0 13.19737 -0.03141599 12.50277 0 11.80817 0 11.80817 -0.03141599 12.50277 -0.03141599 11.11358 0 11.80817 -0.03141599 11.11358 0 10.41898 0 10.41898 -0.03141599 11.11358 -0.03141599 9.724379 0 10.41898 -0.03141599 9.724379 0 9.029781 0 9.029781 -0.03141599 9.724379 -0.03141599 8.335182 0 9.029781 -0.03141599 8.335182 0 7.640583 0 7.640583 -0.03141599 8.335182 -0.03141599 6.945985 0 7.640583 -0.03141599 6.945985 0 6.251386 0 6.251386 -0.03141599 6.945985 -0.03141599 5.556788 0 6.251386 -0.03141599 5.556788 0 4.862189 -0.134948 9.029781 -0.134948 7.640583 -0.1256639 8.335182 -0.1256639 8.335182 -0.134948 7.640583 -0.1256639 6.945985 -0.1256639 8.335182 -0.1256639 6.945985 -0.09424799 6.945985 -0.09424799 6.945985 -0.1256639 6.945985 -0.09424799 5.556788 -0.09424799 6.945985 -0.09424799 5.556788 -0.06283199 5.556788 -0.06283199 5.556788 -0.09424799 5.556788 -0.06283199 4.167591 -0.06283199 5.556788 -0.06283199 4.167591 -0.03141599 4.167591 -0.134948 7.640583 -0.134948 6.251386 -0.1256639 6.945985 -0.1256639 6.945985 -0.134948 6.251386 -0.1256639 5.556788 -0.1256639 6.945985 -0.1256639 5.556788 -0.09424799 5.556788 -0.09424799 5.556788 -0.1256639 5.556788 -0.09424799 4.167591 -0.09424799 5.556788 -0.09424799 4.167591 -0.06283199 4.167591 -0.134948 6.251386 -0.134948 4.862189 -0.1256639 5.556788 -0.1256639 5.556788 -0.134948 4.862189 -0.1256639 4.167591 -0.1256639 5.556788 -0.1256639 4.167591 -0.09424799 4.167591 -0.03141599 13.89197 -0.06283199 13.89197 -0.03141599 12.50277 -0.03141599 12.50277 -0.06283199 13.89197 -0.06283199 12.50277 -0.03141599 12.50277 -0.06283199 12.50277 -0.03141599 11.11358 -0.03141599 11.11358 -0.06283199 12.50277 -0.06283199 11.11358 -0.03141599 11.11358 -0.06283199 11.11358 -0.03141599 9.724379 -0.03141599 9.724379 -0.06283199 11.11358 -0.06283199 9.724379 -0.03141599 9.724379 -0.06283199 9.724379 -0.03141599 8.335182 -0.03141599 8.335182 -0.06283199 9.724379 -0.06283199 8.335182 -0.03141599 8.335182 -0.06283199 8.335182 -0.03141599 6.945985 -0.03141599 6.945985 -0.06283199 8.335182 -0.06283199 6.945985 -0.03141599 6.945985 -0.06283199 6.945985 -0.03141599 5.556788 -0.06283199 13.89197 -0.09424799 13.89197 -0.06283199 12.50277 -0.06283199 12.50277 -0.09424799 13.89197 -0.09424799 12.50277 -0.06283199 12.50277 -0.09424799 12.50277 -0.06283199 11.11358 -0.06283199 11.11358 -0.09424799 12.50277 -0.09424799 11.11358 -0.06283199 11.11358 -0.09424799 11.11358 -0.06283199 9.724379 -0.06283199 9.724379 -0.09424799 11.11358 -0.09424799 9.724379 -0.06283199 9.724379 -0.09424799 9.724379 -0.06283199 8.335182 -0.06283199 8.335182 -0.09424799 9.724379 -0.09424799 8.335182 -0.06283199 8.335182 -0.09424799 8.335182 -0.06283199 6.945985 -0.06283199 -13.89197 -0.03141599 -13.89197 -0.06283199 -12.50277 -0.06283199 -12.50277 -0.03141599 -13.89197 -0.03141599 -12.50277 -0.06283199 -12.50277 -0.03141599 -12.50277 -0.06283199 -11.11358 -0.06283199 -11.11358 -0.03141599 -12.50277 -0.03141599 -11.11358 -0.09424799 13.89197 -0.1256639 13.89197 -0.09424799 12.50277 -0.09424799 12.50277 -0.1256639 13.89197 -0.1256639 12.50277 -0.09424799 12.50277 -0.1256639 12.50277 -0.09424799 11.11358 -0.09424799 11.11358 -0.1256639 12.50277 -0.1256639 11.11358 -0.09424799 11.11358 -0.1256639 11.11358 -0.09424799 9.724379 -0.09424799 9.724379 -0.1256639 11.11358 -0.1256639 9.724379 -0.09424799 9.724379 -0.1256639 9.724379 -0.09424799 8.335182 -0.09424799 -13.89197 -0.06283199 -13.89197 -0.09424799 -12.50277 -0.09424799 -12.50277 -0.06283199 -13.89197 -0.06283199 -12.50277 -0.09424799 -12.50277 -0.06283199 -12.50277 -0.09424799 -11.11358 -0.09424799 -11.11358 -0.06283199 -12.50277 -0.06283199 -11.11358 -0.1256639 -13.89197 -0.09424799 -13.89197 -0.1256639 -12.50277 -0.1256639 -12.50277 -0.09424799 -13.89197 -0.09424799 -12.50277 -0.1256639 -12.50277 -0.09424799 -12.50277 -0.1256639 -11.11358 -0.1256639 -11.11358 -0.09424799 -12.50277 -0.09424799 -11.11358 3.92565 -14.13717 5.53 -14.13717 3.390501 -13.19814 3.390501 -13.19814 5.53 -14.13717 5.53 -12.72345 3.390501 -13.19814 5.53 -12.72345 2.784818 -12.19904 2.784818 -12.19904 5.53 -12.72345 5.53 -11.30973 2.784818 -12.19904 5.53 -11.30973 2.122982 -11.12486 2.122982 -11.12486 5.53 -11.30973 1.967893 -10.91465 1.967893 -10.91465 5.53 -11.30973 1.870287 -10.81574 1.870287 -10.81574 5.53 -11.30973 1.761264 -10.74198 1.761264 -10.74198 5.53 -11.30973 1.6364 -10.69797 1.6364 -10.69797 5.53 -11.30973 5.53 -9.896018 1.6364 -10.69797 5.53 -9.896018 1.489642 -10.6814 1.489642 -10.6814 5.53 -9.896018 0.39 -10.60287 1.489642 -10.6814 0.39 -10.60287 0.424275 -10.63715 5.53 -8.4823 -5.53 -8.885734 5.53 -9.896018 5.53 -9.896018 -5.53 -8.885734 -5.53 -10.19859 5.53 -9.896018 -5.53 -10.19859 0.39 -10.60287 0.39 -10.60287 -5.53 -10.19859 -0.72616 -10.68152 0.39 -10.60287 -0.72616 -10.68152 0.355725 -10.63715 0.355725 -10.63715 -0.72616 -10.68152 0.32145 -10.67143 0.32145 -10.67143 -0.72616 -10.68152 0.287175 -10.70571 0.287175 -10.70571 -0.72616 -10.68152 -0.415848 -10.70678 -5.53 -8.885734 5.53 -8.4823 -5.53 -7.572875 -5.53 -7.572875 5.53 -8.4823 5.53 -7.068583 -5.53 -7.572875 5.53 -7.068583 -5.53 -6.260017 -5.53 -6.260017 5.53 -7.068583 5.53 -5.654867 -5.53 -6.260017 5.53 -5.654867 -5.53 -4.947158 -5.53 -4.947158 5.53 -5.654867 5.53 -4.24115 -5.53 -4.947158 5.53 -4.24115 -5.53 -3.6343 -5.53 -3.6343 5.53 -4.24115 -5.29 -3.6343 -5.29 -3.6343 5.53 -4.24115 -5.29 -3.567628 -5.29 -3.567628 5.53 -4.24115 -5.29 -3.500956 -5.29 -3.500956 5.53 -4.24115 5.53 -2.827433 -5.29 -3.500956 5.53 -2.827433 -5.29 -3.434283 -5.29 -3.434283 5.53 -2.827433 -5.53 -2.289522 -5.29 -3.434283 -5.53 -2.289522 -5.53 -3.434283 5.53 -2.827433 5.53 -1.413717 -5.53 -2.289522 -5.53 -2.289522 5.53 -1.413717 -5.53 -1.144761 -5.53 -1.144761 5.53 -1.413717 5.53 0 -5.53 -1.144761 5.53 0 -5.53 0 -5.53 -11.51145 -1.089715 -10.81538 -5.53 -10.19859 -5.53 -10.19859 -1.089715 -10.81538 -0.980681 -10.74163 -5.53 -10.19859 -0.980681 -10.74163 -0.857981 -10.69766 -5.53 -12.82431 -2.009129 -12.20621 -5.53 -11.51145 -5.53 -11.51145 -2.009129 -12.20621 -1.345536 -11.12857 -5.53 -11.51145 -1.345536 -11.12857 -1.187649 -10.91423 -2.009129 -12.20621 -5.53 -12.82431 -2.615417 -13.20641 -2.615417 -13.20641 -5.53 -12.82431 -5.53 -14.13717 -2.615417 -13.20641 -5.53 -14.13717 -3.145898 -14.13717 -1.187649 -10.91423 -1.089715 -10.81538 -5.53 -11.51145 -0.857981 -10.69766 -0.72616 -10.68152 -5.53 -10.19859 0.424275 -10.63715 0.45855 -10.67143 1.489642 -10.6814 1.489642 -10.6814 0.45855 -10.67143 0.492825 -10.70571 1.489642 -10.6814 0.492825 -10.70571 1.196314 -10.70571 -5.53 0 5.53 0 -5.53 1.312858 -5.53 1.312858 5.53 0 5.53 1.413717 -5.53 1.312858 5.53 1.413717 -5.53 2.625717 -5.53 2.625717 5.53 1.413717 5.53 2.827433 -5.53 2.625717 5.53 2.827433 0.39 3.534292 0.39 3.534292 5.53 2.827433 1.597808 3.621664 0.39 3.534292 1.597808 3.621664 0.424275 3.56857 0.424275 3.56857 1.597808 3.621664 0.45855 3.602848 0.45855 3.602848 1.597808 3.621664 0.492825 3.637126 0.492825 3.637126 1.597808 3.621664 1.196314 3.637126 5.53 4.24115 1.765587 3.675539 5.53 2.827433 5.53 2.827433 1.765587 3.675539 1.6833 3.641317 5.53 2.827433 1.6833 3.641317 1.597808 3.621664 5.53 5.654867 2.334597 4.391508 5.53 4.24115 5.53 4.24115 2.334597 4.391508 1.904293 3.778082 5.53 4.24115 1.904293 3.778082 1.765587 3.675539 2.334597 4.391508 5.53 5.654867 3.235938 5.871365 3.235938 5.871365 5.53 5.654867 5.53 7.068583 3.235938 5.871365 5.53 7.068583 3.995233 7.197818 3.995233 7.197818 5.53 7.068583 5.53 8.4823 3.995233 7.197818 5.53 8.4823 4.609321 8.53567 4.609321 8.53567 5.53 8.4823 4.610381 8.53848 4.610381 8.53848 5.53 8.4823 4.719914 8.847358 4.719914 8.847358 5.53 8.4823 4.71994 8.847465 4.71994 8.847465 5.53 8.4823 4.786865 9.059973 4.786865 9.059973 5.53 8.4823 5.53 9.896018 4.786865 9.059973 5.53 9.896018 4.960958 9.797615 4.960958 9.797615 5.53 9.896018 5.032433 10.60287 5.032433 10.60287 5.53 9.896018 5.53 11.30973 5.032433 10.60287 5.53 11.30973 4.965907 11.37849 4.965907 11.37849 5.53 11.30973 4.78684 12.14586 4.78684 12.14586 5.53 11.30973 5.53 12.72345 4.78684 12.14586 5.53 12.72345 4.719918 12.35839 4.719918 12.35839 5.53 12.72345 4.369628 13.24612 4.369628 13.24612 5.53 12.72345 5.53 14.13717 4.369628 13.24612 5.53 14.13717 3.92565 14.13717 -5.53 2.625717 0.39 3.534292 -0.648512 3.613508 -0.648512 3.613508 0.39 3.534292 0.355725 3.56857 -0.648512 3.613508 0.355725 3.56857 0.32145 3.602848 0.287175 3.637126 -0.416314 3.637126 0.32145 3.602848 0.32145 3.602848 -0.416314 3.637126 -0.648512 3.613508 -0.648512 3.613508 -0.840766 3.625632 -5.53 2.625717 -5.53 2.625717 -0.840766 3.625632 -5.53 3.938575 -5.53 3.938575 -0.840766 3.625632 -0.929676 3.650282 -5.53 3.938575 -0.929676 3.650282 -1.014754 3.691989 -1.014754 3.691989 -1.154836 3.80903 -5.53 3.938575 -5.53 3.938575 -1.154836 3.80903 -1.618495 4.496376 -5.53 3.938575 -1.618495 4.496376 -5.53 5.251433 -5.53 5.251433 -1.618495 4.496376 -2.530785 5.995916 -5.53 5.251433 -2.530785 5.995916 -5.53 6.564292 -5.53 6.564292 -2.530785 5.995916 -3.333171 7.425241 -5.53 6.564292 -3.333171 7.425241 -5.53 7.87715 -5.53 7.87715 -3.333171 7.425241 -3.669874 8.139781 -5.53 7.87715 -3.669874 8.139781 -3.939905 8.847361 -5.53 7.87715 -3.939905 8.847361 -5.53 9.190009 -5.53 9.190009 -3.939905 8.847361 -4.166151 9.714389 -5.53 9.190009 -4.166151 9.714389 -5.53 10.50287 -5.53 10.50287 -4.166151 9.714389 -5.29 10.50287 -5.29 10.50287 -4.166151 9.714389 -4.252433 10.60287 -5.29 10.50287 -4.252433 10.60287 -5.29 10.56954 -5.29 10.56954 -4.252433 10.60287 -5.29 10.63621 -5.29 10.63621 -4.252433 10.60287 -5.29 10.70288 -5.29 10.70288 -4.252433 10.60287 -4.166231 11.49093 -5.29 10.70288 -4.166231 11.49093 -5.53 10.70288 -5.53 10.70288 -4.166231 11.49093 -5.53 11.84764 -5.53 11.84764 -4.166231 11.49093 -3.939904 12.35839 -5.53 11.84764 -3.939904 12.35839 -5.53 12.99241 -5.53 12.99241 -3.939904 12.35839 -3.588078 13.24976 -5.53 12.99241 -3.588078 13.24976 -5.53 14.13717 -5.53 14.13717 -3.588078 13.24976 -3.145898 14.13717 -10.58646 2.1e-5 -10.58344 2.1e-5 -10.56034 0.007030963 -10.56034 0.007030963 -10.58344 2.1e-5 -10.25302 10e-6 -10.56034 0.007030963 -10.25302 10e-6 -10.2529 1.4e-5 -10.02812 0.01406198 -10.25267 0.01406198 -10.2529 1.4e-5 -10.2529 1.4e-5 -10.25267 0.01406198 -10.25278 0.01406198 -10.2529 1.4e-5 -10.25278 0.01406198 -10.56034 0.007030963 -10.56034 0.007030963 -10.25278 0.01406198 -10.58332 0.01406198 -10.56034 0.007030963 -10.58332 0.01406198 -10.58634 0.01406198 -12.14439 0.01406198 -11.08836 0.007030963 -10.58634 0.01406198 -10.58634 0.01406198 -11.08836 0.007030963 -10.82435 0.007030963 -10.58634 0.01406198 -10.82435 0.007030963 -10.56034 0.007030963 -10.56034 0.007030963 -10.82435 0.007030963 -10.58646 2.1e-5 -13.72844 0.01406198 -12.67241 0.007030963 -12.14439 0.01406198 -12.14439 0.01406198 -12.67241 0.007030963 -12.4084 0.007030963 -12.14439 0.01406198 -12.4084 0.007030963 -12.14439 0.007030963 -12.14439 0.007030963 -12.4084 0.007030963 -12.05565 0 -12.14439 0.007030963 -12.05565 0 -11.61638 0.007030963 -11.61638 0.007030963 -12.05565 0 -11.08836 0.007030963 -11.61638 0.007030963 -11.08836 0.007030963 -12.14439 0.01406198 -15.3125 0.01406198 -14.25646 0.007030963 -13.72844 0.01406198 -13.72844 0.01406198 -14.25646 0.007030963 -13.72844 0.007030963 -13.72844 0.01406198 -13.72844 0.007030963 -13.37643 0.007030963 -13.37643 0.007030963 -13.72844 0.007030963 -13.58075 0 -13.37643 0.007030963 -13.58075 0 -12.67241 0.007030963 -12.67241 0.007030963 -13.58075 0 -12.05565 0 -12.67241 0.007030963 -12.05565 0 -12.4084 0.007030963 -15.5765 0.01406198 -15.3125 0.007030963 -15.3125 0.01406198 -15.3125 0.01406198 -15.3125 0.007030963 -15.04849 0.007030963 -15.3125 0.01406198 -15.04849 0.007030963 -14.78448 0.007030963 -14.78448 0.007030963 -15.04849 0.007030963 -15.30848 1.2e-4 -14.78448 0.007030963 -15.30848 1.2e-4 -14.25646 0.007030963 -14.25646 0.007030963 -15.30848 1.2e-4 -13.58075 0 -14.25646 0.007030963 -13.58075 0 -13.72844 0.007030963 -16.10452 0.01406198 -15.84051 0.007030963 -15.5765 0.01406198 -15.5765 0.01406198 -15.84051 0.007030963 -15.5765 0.007030963 -15.5765 0.01406198 -15.5765 0.007030963 -15.3125 0.007030963 -15.3125 0.007030963 -15.5765 0.007030963 -15.30848 1.2e-4 -15.3125 0.007030963 -15.30848 1.2e-4 -15.04849 0.007030963 -16.23653 0.01406198 -16.10452 0.007030963 -16.10452 0.01406198 -16.10452 0.01406198 -16.10452 0.007030963 -15.97252 0.007030963 -16.10452 0.01406198 -15.97252 0.007030963 -15.84051 0.007030963 -15.84051 0.007030963 -15.97252 0.007030963 -16.05426 0 -15.84051 0.007030963 -16.05426 0 -15.5765 0.007030963 -15.5765 0.007030963 -16.05426 0 -15.30848 1.2e-4 -16.10452 0.007030963 -16.23653 0.01406198 -16.23653 0.007030963 -16.23653 0.007030963 -16.23653 0.01406198 -16.30253 0.01406198 -16.23653 0.007030963 -16.30253 0.01406198 -16.30253 0.007030963 -16.30253 0.007030963 -16.30253 0.01406198 -16.36853 0.007030963 -16.30253 0.007030963 -16.36853 0.007030963 -16.31244 0 -16.31244 0 -16.36853 0.007030963 -16.39809 0 -16.39809 0 -16.36853 0.007030963 -16.50053 0.007030963 -16.39809 0 -16.50053 0.007030963 -16.63254 0.007030963 -16.63254 0.007030963 -16.50053 0.007030963 -16.50053 0.01406198 -16.63254 0.007030963 -16.50053 0.01406198 -16.79637 0.01406198 -16.30253 0.01406198 -16.50053 0.01406198 -16.36853 0.007030963 -16.36853 0.007030963 -16.50053 0.01406198 -16.50053 0.007030963 -16.79637 0.01406198 -16.79584 0.01363897 -16.63254 0.007030963 -16.63254 0.007030963 -16.79584 0.01363897 -16.79518 0.01237297 -16.63254 0.007030963 -16.79518 0.01237297 -16.79499 0.01188296 -16.79499 0.01188296 -16.79464 0.01074099 -16.63254 0.007030963 -16.63254 0.007030963 -16.79464 0.01074099 -16.79453 0.01014399 -16.63254 0.007030963 -16.79453 0.01014399 -16.79445 0.009530961 -16.79445 0.009530961 -16.79427 2.8e-4 -16.63254 0.007030963 -16.63254 0.007030963 -16.79427 2.8e-4 -16.39809 0 -16.31244 0 -16.22465 0.001121997 -16.30253 0.007030963 -16.30253 0.007030963 -16.22465 0.001121997 -16.23653 0.007030963 -16.23653 0.007030963 -16.22465 0.001121997 -16.10452 0.007030963 -16.10452 0.007030963 -16.22465 0.001121997 -16.05426 0 -16.10452 0.007030963 -16.05426 0 -15.97252 0.007030963 -12.05565 0 -10.58646 2.1e-5 -11.08836 0.007030963 -11.08836 0.007030963 -10.58646 2.1e-5 -10.82435 0.007030963 -12.14439 0.01406198 -12.14439 0.007030963 -11.61638 0.007030963 -13.72844 0.01406198 -13.37643 0.007030963 -12.67241 0.007030963 -15.3125 0.01406198 -14.78448 0.007030963 -14.25646 0.007030963 -0.102403 2.44e-4 -0.1022289 0.00951898 -0.264406 0.007049977 -0.264406 0.007049977 -0.1022289 0.00951898 -0.102151 0.01013296 -0.264406 0.007049977 -0.102151 0.01013296 -0.102037 0.01072996 -0.102037 0.01072996 -0.101701 0.01187396 -0.264406 0.007049977 -0.264406 0.007049977 -0.101701 0.01187396 -0.101506 0.01236599 -0.264406 0.007049977 -0.101506 0.01236599 -0.100863 0.01365298 -0.100352 0.01409995 -0.396609 0.01409995 -0.100863 0.01365298 -0.100863 0.01365298 -0.396609 0.01409995 -0.264406 0.007049977 -0.264406 0.007049977 -0.396609 0.01409995 -0.396609 0.007049977 -0.396609 0.007049977 -0.396609 0.01409995 -0.528812 0.01409995 -0.396609 0.007049977 -0.528812 0.01409995 -0.528812 0.007049977 -0.528812 0.007049977 -0.528812 0.01409995 -0.661015 0.01409995 -0.528812 0.007049977 -0.661015 0.01409995 -0.661015 0.007049977 -0.661015 0.007049977 -0.661015 0.01409995 -0.793217 0.01409995 -0.661015 0.007049977 -0.793217 0.01409995 -0.793217 0.007049977 -0.793217 0.007049977 -0.793217 0.01409995 -0.859319 0.01409995 -0.793217 0.007049977 -0.859319 0.01409995 -0.859319 0.007049977 -0.859319 0.007049977 -0.859319 0.01409995 -0.92542 0.007049977 -0.859319 0.007049977 -0.92542 0.007049977 -0.928538 0 -0.928538 0 -0.92542 0.007049977 -1.057623 0.007049977 -0.928538 0 -1.057623 0.007049977 -1.189285 9.64e-4 -1.189285 9.64e-4 -1.057623 0.007049977 -1.322029 0.007049977 -1.189285 9.64e-4 -1.322029 0.007049977 -1.586435 0.007049977 -1.586435 0.007049977 -1.322029 0.007049977 -1.322029 0.01409995 -1.586435 0.007049977 -1.322029 0.01409995 -1.850841 0.007049977 -1.850841 0.007049977 -1.322029 0.01409995 -2.644058 0.01409995 -1.850841 0.007049977 -2.644058 0.01409995 -2.115247 0.007049977 -2.115247 0.007049977 -2.644058 0.01409995 -2.644058 0.007049977 -2.115247 0.007049977 -2.644058 0.007049977 -2.455306 0 -2.455306 0 -2.644058 0.007049977 -3.17287 0.007049977 -2.455306 0 -3.17287 0.007049977 -3.631908 1.14e-4 -3.631908 1.14e-4 -3.17287 0.007049977 -3.437276 0.007049977 -3.631908 1.14e-4 -3.437276 0.007049977 -3.701681 0.007049977 -3.701681 0.007049977 -3.437276 0.007049977 -3.701681 0.01409995 -3.701681 0.007049977 -3.701681 0.01409995 -4.230493 0.007049977 -4.230493 0.007049977 -3.701681 0.01409995 -4.721588 0.01409995 -4.230493 0.007049977 -4.721588 0.01409995 -4.721577 1.79e-4 -4.721577 1.79e-4 -4.721588 0.01409995 -5.288116 0.007049977 -4.721577 1.79e-4 -5.288116 0.007049977 -5.725952 1.72e-4 -5.725952 1.72e-4 -5.288116 0.007049977 -5.552522 0.007049977 -5.725952 1.72e-4 -5.552522 0.007049977 -5.816928 0.007049977 -5.816928 0.007049977 -5.552522 0.007049977 -5.816928 0.01409995 -5.816928 0.007049977 -5.816928 0.01409995 -6.345739 0.007049977 -6.345739 0.007049977 -5.816928 0.01409995 -6.686567 0.014099 -6.345739 0.007049977 -6.686567 0.014099 -6.686333 9e-6 -6.686333 9e-6 -6.686567 0.014099 -6.910895 0.014099 -0.859319 0.01409995 -1.057623 0.01409995 -0.92542 0.007049977 -0.92542 0.007049977 -1.057623 0.01409995 -1.057623 0.007049977 -1.057623 0.01409995 -1.322029 0.01409995 -1.057623 0.007049977 -1.057623 0.007049977 -1.322029 0.01409995 -1.322029 0.007049977 -2.644058 0.007049977 -2.644058 0.01409995 -3.17287 0.007049977 -3.17287 0.007049977 -2.644058 0.01409995 -3.701681 0.01409995 -3.17287 0.007049977 -3.701681 0.01409995 -3.437276 0.007049977 -4.721588 0.01409995 -5.816928 0.01409995 -5.288116 0.007049977 -5.288116 0.007049977 -5.816928 0.01409995 -5.552522 0.007049977 -6.686333 9e-6 -5.725952 1.72e-4 -6.345739 0.007049977 -6.345739 0.007049977 -5.725952 1.72e-4 -5.816928 0.007049977 -4.721577 1.79e-4 -3.631908 1.14e-4 -4.230493 0.007049977 -4.230493 0.007049977 -3.631908 1.14e-4 -3.701681 0.007049977 -2.115247 0.007049977 -2.455306 0 -1.850841 0.007049977 -1.850841 0.007049977 -2.455306 0 -1.189285 9.64e-4 -1.850841 0.007049977 -1.189285 9.64e-4 -1.586435 0.007049977 -0.928538 0 -0.791769 0 -0.859319 0.007049977 -0.859319 0.007049977 -0.791769 0 -0.793217 0.007049977 -0.791769 0 -0.66253 0.002644956 -0.793217 0.007049977 -0.793217 0.007049977 -0.66253 0.002644956 -0.661015 0.007049977 -0.66253 0.002644956 -0.53292 0.005800962 -0.661015 0.007049977 -0.661015 0.007049977 -0.53292 0.005800962 -0.528812 0.007049977 -0.528812 0.007049977 -0.53292 0.005800962 -0.396609 0.007049977 -0.396609 0.007049977 -0.53292 0.005800962 -0.38918 4.18e-4 -0.396609 0.007049977 -0.38918 4.18e-4 -0.264406 0.007049977 -0.264406 0.007049977 -0.38918 4.18e-4 -0.102403 2.44e-4 -7.587909 0.01300495 -7.142716 0.00682497 -6.689851 0.013004 -6.689851 0.013004 -7.142716 0.00682497 -6.878171 0.00682497 -6.689851 0.013004 -6.878171 0.00682497 -6.349081 0.00682497 -6.349081 0.00682497 -6.878171 0.00682497 -6.690085 0 -6.349081 0.00682497 -6.690085 0 -5.819991 0 -8.479608 0.01301699 -7.936351 0.00682497 -7.587909 0.01300495 -7.587909 0.01300495 -7.936351 0.00682497 -7.671806 0.00682497 -7.587909 0.01300495 -7.671806 0.00682497 -7.407261 0.00682497 -7.407261 0.00682497 -7.671806 0.00682497 -7.671806 0 -7.407261 0.00682497 -7.671806 0 -7.142716 0.00682497 -7.142716 0.00682497 -7.671806 0 -6.690085 0 -7.142716 0.00682497 -6.690085 0 -6.878171 0.00682497 -9.373578 0.01300495 -8.994532 0.00682497 -8.479608 0.01301699 -8.479608 0.01301699 -8.994532 0.00682497 -8.729987 0.00682497 -8.479608 0.01301699 -8.729987 0.00682497 -8.465441 0.00682497 -8.465441 0.00682497 -8.729987 0.00682497 -8.479607 0 -8.465441 0.00682497 -8.479607 0 -7.936351 0.00682497 -7.936351 0.00682497 -8.479607 0 -7.671806 0 -7.936351 0.00682497 -7.671806 0 -7.671806 0.00682497 -10.27385 0.013004 -9.788166 0.00682497 -9.373578 0.01300495 -9.373578 0.01300495 -9.788166 0.00682497 -9.523622 0.00682497 -9.373578 0.01300495 -9.523622 0.00682497 -9.259077 0.00682497 -9.259077 0.00682497 -9.523622 0.00682497 -9.259077 0 -9.259077 0.00682497 -9.259077 0 -8.994532 0.00682497 -8.994532 0.00682497 -9.259077 0 -8.479607 0 -8.994532 0.00682497 -8.479607 0 -8.729987 0.00682497 -11.03647 0.01317399 -10.5818 0.00682497 -10.27385 0.013004 -10.27385 0.013004 -10.5818 0.00682497 -10.05271 0.00682497 -10.27385 0.013004 -10.05271 0.00682497 -9.788166 0.00682497 -9.788166 0.00682497 -10.05271 0.00682497 -10.27362 0 -9.788166 0.00682497 -10.27362 0 -9.259077 0 -11.82456 0.01310497 -11.63998 0.00682497 -11.03647 0.01317399 -11.03647 0.01317399 -11.63998 0.00682497 -11.11089 0.00682497 -11.03647 0.01317399 -11.11089 0.00682497 -10.84635 0.00682497 -10.84635 0.00682497 -11.11089 0.00682497 -11.11089 0 -10.84635 0.00682497 -11.11089 0 -10.5818 0.00682497 -10.5818 0.00682497 -11.11089 0 -10.27362 0 -10.5818 0.00682497 -10.27362 0 -10.05271 0.00682497 -13.46284 0.01304095 -12.69816 0.00682497 -11.82456 0.01310497 -11.82456 0.01310497 -12.69816 0.00682497 -12.43362 0.00682497 -11.82456 0.01310497 -12.43362 0.00682497 -12.16907 0.00682497 -12.16907 0.00682497 -12.43362 0.00682497 -12.16907 0 -12.16907 0.00682497 -12.16907 0 -11.63998 0.00682497 -11.63998 0.00682497 -12.16907 0 -11.11089 0 -11.63998 0.00682497 -11.11089 0 -11.11089 0.00682497 -15.21723 0.01308995 -14.28543 0.00682497 -13.46284 0.01304095 -13.46284 0.01304095 -14.28543 0.00682497 -13.75634 0.00682497 -13.46284 0.01304095 -13.75634 0.00682497 -12.69816 0.00682497 -12.69816 0.00682497 -13.75634 0.00682497 -13.75634 0 -12.69816 0.00682497 -13.75634 0 -12.16907 0 -16.0437 0.01365095 -15.60816 0.00682497 -15.21723 0.01308995 -15.21723 0.01308995 -15.60816 0.00682497 -15.34361 0.00682497 -15.21723 0.01308995 -15.34361 0.00682497 -15.07907 0.00682497 -15.07907 0.00682497 -15.34361 0.00682497 -15.34361 0 -15.07907 0.00682497 -15.34361 0 -14.81452 0.00682497 -14.81452 0.00682497 -15.34361 0 -13.75634 0 -14.81452 0.00682497 -13.75634 0 -14.28543 0.00682497 -14.28543 0.00682497 -13.75634 0 -13.75634 0.00682497 -16.22464 0.01352399 -16.13725 0.00682497 -16.0437 0.01365095 -16.0437 0.01365095 -16.13725 0.00682497 -16.00498 0.00682497 -16.0437 0.01365095 -16.00498 0.00682497 -15.8727 0.00682497 -15.8727 0.00682497 -16.00498 0.00682497 -15.8727 0 -15.8727 0.00682497 -15.8727 0 -15.60816 0.00682497 -15.60816 0.00682497 -15.8727 0 -15.34361 0 -15.60816 0.00682497 -15.34361 0 -15.34361 0.00682497 -16.13725 0.00682497 -16.22464 0.01352399 -16.26952 0.00682497 -16.26952 0.00682497 -16.22464 0.01352399 -16.31825 0.01365095 -16.26952 0.00682497 -16.31825 0.01365095 -16.33566 0.00682497 -16.33566 0.00682497 -16.31825 0.01365095 -16.40854 0.01365095 -16.33566 0.00682497 -16.40854 0.01365095 -16.40179 0.00682497 -16.40179 0.00682497 -16.40854 0.01365095 -16.5982 0.010616 -16.40179 0.00682497 -16.5982 0.010616 -16.53407 0.00682497 -16.53407 0.00682497 -16.5982 0.010616 -16.66634 0.00682497 -16.53407 0.00682497 -16.66634 0.00682497 -16.53407 0 -16.53407 0 -16.66634 0.00682497 -16.82955 0.001028954 -16.82955 0.001028954 -16.66634 0.00682497 -16.8284 0.012757 -16.8284 0.012757 -16.66634 0.00682497 -16.5982 0.010616 -16.53407 0.00682497 -16.53407 0 -16.40179 0.00682497 -16.40179 0.00682497 -16.53407 0 -16.33566 0 -16.40179 0.00682497 -16.33566 0 -16.33566 0.00682497 -16.33566 0.00682497 -16.33566 0 -16.26952 0 -16.33566 0.00682497 -16.26952 0 -16.26952 0.00682497 -16.26952 0.00682497 -16.26952 0 -16.13725 0 -16.26952 0.00682497 -16.13725 0 -16.13725 0.00682497 -16.13725 0.00682497 -16.13725 0 -16.00498 0.00682497 -16.13725 0 -15.8727 0 -16.00498 0.00682497 -4.724191 0 -5.290901 0.00682497 -5.819991 0 -5.819991 0 -5.290901 0.00682497 -5.555446 0.00682497 -5.819991 0 -5.555446 0.00682497 -5.819991 0.00682497 -5.819991 0.00682497 -5.555446 0.00682497 -5.72502 0.01289296 -5.819991 0.00682497 -5.72502 0.01289296 -6.349081 0.00682497 -6.349081 0.00682497 -5.72502 0.01289296 -6.689851 0.013004 -3.70363 0 -4.23272 0.00682497 -4.724191 0 -4.724191 0 -4.23272 0.00682497 -4.72418 0.01297098 -4.724191 0 -4.72418 0.01297098 -5.290901 0.00682497 -5.290901 0.00682497 -4.72418 0.01297098 -5.72502 0.01289296 -5.290901 0.00682497 -5.72502 0.01289296 -5.555446 0.00682497 -2.64545 0 -3.174541 0.00682497 -3.70363 0 -3.70363 0 -3.174541 0.00682497 -3.439085 0.00682497 -3.70363 0 -3.439085 0.00682497 -3.70363 0.00682497 -3.70363 0.00682497 -3.439085 0.00682497 -3.643423 0.012914 -3.70363 0.00682497 -3.643423 0.012914 -4.23272 0.00682497 -4.23272 0.00682497 -3.643423 0.012914 -4.72418 0.01297098 -1.322725 0 -2.11636 0.00682497 -2.64545 0 -2.64545 0 -2.11636 0.00682497 -2.64545 0.00682497 -2.64545 0 -2.64545 0.00682497 -3.174541 0.00682497 -3.174541 0.00682497 -2.64545 0.00682497 -2.465064 0.01303297 -3.174541 0.00682497 -2.465064 0.01303297 -3.643423 0.012914 -1.05818 0 -1.322725 0.00682497 -1.322725 0 -1.322725 0 -1.322725 0.00682497 -1.58727 0.00682497 -1.322725 0 -1.58727 0.00682497 -1.851815 0.00682497 -1.851815 0.00682497 -1.58727 0.00682497 -1.194415 0.01266497 -1.851815 0.00682497 -1.194415 0.01266497 -2.465064 0.01303297 -0.859771 0 -0.925908 0.00682497 -1.05818 0 -1.05818 0 -0.925908 0.00682497 -1.05818 0.00682497 -1.05818 0 -1.05818 0.00682497 -1.322725 0.00682497 -1.322725 0.00682497 -1.05818 0.00682497 -1.194415 0.01266497 -1.322725 0.00682497 -1.194415 0.01266497 -1.58727 0.00682497 -0.925908 0.00682497 -0.859771 0 -0.859771 0.00682497 -0.859771 0.00682497 -0.859771 0 -0.793635 0 -0.859771 0.00682497 -0.793635 0 -0.793635 0.00682497 -0.793635 0.00682497 -0.793635 0 -0.661363 0 -0.793635 0.00682497 -0.661363 0 -0.661363 0.00682497 -0.661363 0.00682497 -0.661363 0 -0.52909 0 -0.661363 0.00682497 -0.52909 0 -0.52909 0.00682497 -0.52909 0.00682497 -0.52909 0 -0.396818 0 -0.52909 0.00682497 -0.396818 0 -0.396818 0.00682497 -0.396818 0.00682497 -0.396818 0 -0.264545 0.00682497 -0.396818 0.00682497 -0.264545 0.00682497 -0.405477 0.01365095 -0.405477 0.01365095 -0.264545 0.00682497 -0.101841 0.008977949 -0.101841 0.008977949 -0.264545 0.00682497 -0.396818 0 -0.396818 0.00682497 -0.405477 0.01365095 -0.52909 0.00682497 -0.52909 0.00682497 -0.405477 0.01365095 -0.53464 0.01365095 -0.52909 0.00682497 -0.53464 0.01365095 -0.662219 0.01132297 -0.791527 0.01221495 -0.793635 0.00682497 -0.662219 0.01132297 -0.662219 0.01132297 -0.793635 0.00682497 -0.661363 0.00682497 -0.662219 0.01132297 -0.661363 0.00682497 -0.52909 0.00682497 -0.793635 0.00682497 -0.791527 0.01221495 -0.859771 0.00682497 -0.859771 0.00682497 -0.791527 0.01221495 -0.928556 0.01365095 -0.859771 0.00682497 -0.928556 0.01365095 -0.925908 0.00682497 -0.925908 0.00682497 -0.928556 0.01365095 -1.05818 0.00682497 -0.928556 0.01365095 -1.194415 0.01266497 -1.05818 0.00682497 -15.60816 0.00682497 -16.0437 0.01365095 -15.8727 0.00682497 -14.28543 0.00682497 -15.21723 0.01308995 -14.81452 0.00682497 -14.81452 0.00682497 -15.21723 0.01308995 -15.07907 0.00682497 -12.16907 0 -12.43362 0.00682497 -12.69816 0.00682497 -11.63998 0.00682497 -11.82456 0.01310497 -12.16907 0.00682497 -10.5818 0.00682497 -11.03647 0.01317399 -10.84635 0.00682497 -9.259077 0 -9.523622 0.00682497 -9.788166 0.00682497 -8.994532 0.00682497 -9.373578 0.01300495 -9.259077 0.00682497 -7.936351 0.00682497 -8.479608 0.01301699 -8.465441 0.00682497 -7.142716 0.00682497 -7.587909 0.01300495 -7.407261 0.00682497 -5.819991 0 -5.819991 0.00682497 -6.349081 0.00682497 -3.70363 0 -3.70363 0.00682497 -4.23272 0.00682497 -3.174541 0.00682497 -3.643423 0.012914 -3.439085 0.00682497 -1.851815 0.00682497 -2.465064 0.01303297 -2.11636 0.00682497 -2.11636 0.00682497 -2.465064 0.01303297 -2.64545 0.00682497 -1.322725 0 -1.851815 0.00682497 -2.11636 0.00682497 0.351834 0.002193987 -0.351189 0.001127958 0.351604 0.001963973 0.351604 0.001963973 -0.351189 0.001127958 0.350949 9.84e-4 0.350949 9.84e-4 -0.351189 0.001127958 0.350786 4.93e-4 0.350786 4.93e-4 -0.351189 0.001127958 0.350731 0 -0.351834 0.002193987 -0.351604 0.001963973 0.351655 0.002193987 0.351655 0.002193987 -0.351604 0.001963973 -0.350949 9.84e-4 0.351655 0.002193987 -0.350949 9.84e-4 0.351834 0 0.351834 0 -0.350949 9.84e-4 -0.350786 4.93e-4 0.351834 0 -0.350786 4.93e-4 -0.350731 0 -0.70678 0.343352 -0.005938947 0.341962 -0.004214942 0.343352 -0.004214942 0.343352 -0.005938947 0.341962 -0.005438983 0.342154 -0.004214942 0.343352 -0.005438983 0.342154 -0.004837989 0.342565 -0.70678 -0.339251 -0.410201 0.05539196 -0.70678 0.343352 -0.70678 0.343352 -0.410201 0.05539196 -0.005938947 0.341962 -0.004837989 0.342565 -0.004658997 0.342713 -0.004214942 0.343352 -0.004214942 0.343352 -0.004658997 0.342713 -0.004361987 0.343037 -0.004214942 0.343352 -0.004361987 0.343037 -0.004269957 0.343196 0.410059 0.05561798 0.70678 0.34335 0.005953967 0.341963 0.005953967 0.341963 0.70678 0.34335 0.004214942 0.34335 0.005953967 0.341963 0.004214942 0.34335 0.005439996 0.342155 0.005439996 0.342155 0.004214942 0.34335 0.004836976 0.342562 0.004836976 0.342562 0.004214942 0.34335 0.004658997 0.34271 0.004658997 0.34271 0.004214942 0.34335 0.004361987 0.343035 0.004361987 0.343035 0.004214942 0.34335 0.004269957 0.343194 0.410059 0.05561798 0.706781 -0.339254 0.70678 0.34335 -0.350731 0.301593 -0.350786 0.3011 0.351834 0.301593 0.351834 0.301593 -0.350786 0.3011 -0.350949 0.300609 0.351834 0.301593 -0.350949 0.300609 0.351655 0.299399 0.351655 0.299399 -0.350949 0.300609 -0.351604 0.299629 0.351655 0.299399 -0.351604 0.299629 -0.351834 0.299399 0.350731 0.301593 -0.350997 0.302556 0.350786 0.3011 0.350786 0.3011 -0.350997 0.302556 -0.351655 0.299399 0.350786 0.3011 -0.351655 0.299399 0.350949 0.300609 0.350949 0.300609 -0.351655 0.299399 0.351604 0.299629 0.351604 0.299629 -0.351655 0.299399 0.351834 0.299399 21.19766 0.209345 21.27261 0.224703 20.31958 0.230653 20.31958 0.230653 21.27261 0.224703 21.27692 0.254251 20.31958 0.230653 21.27692 0.254251 20.31958 0.254656 20.31958 0.254656 21.27692 0.254251 20.31958 0.278659 20.31958 0.254656 20.31958 0.278659 18.88395 0.278659 18.88395 0.278659 20.31958 0.278659 18.88395 0.302661 18.88395 0.278659 18.88395 0.302661 18.12361 0.301151 18.12361 0.301151 18.88395 0.302661 19.05459 0.306326 19.05459 0.306326 18.88395 0.302661 20.31958 0.302661 19.05459 0.306326 20.31958 0.302661 19.97782 0.312725 19.97782 0.312725 20.31958 0.302661 20.70248 0.318006 20.70248 0.318006 20.31958 0.302661 21.16421 0.308802 20.70248 0.318006 21.16421 0.308802 21.11023 0.313967 21.27692 0.254251 21.28106 0.28389 20.31958 0.278659 20.31958 0.278659 21.28106 0.28389 21.20369 0.301812 20.31958 0.278659 21.20369 0.301812 20.31958 0.302661 20.31958 0.302661 21.20369 0.301812 21.16421 0.308802 21.11023 0.313967 21.03017 0.317127 20.70248 0.318006 20.70248 0.318006 21.03017 0.317127 20.92997 0.318379 18.88395 0.278659 18.12361 0.301151 17.44833 0.278659 17.44833 0.278659 18.12361 0.301151 17.17462 0.298299 17.44833 0.278659 17.17462 0.298299 16.73052 0.278659 16.73052 0.278659 17.17462 0.298299 16.19367 0.301909 16.73052 0.278659 16.19367 0.301909 16.01271 0.278659 16.01271 0.278659 16.19367 0.301909 16.01271 0.302661 16.01271 0.278659 16.01271 0.302661 15.2949 0.302661 15.2949 0.302661 16.01271 0.302661 15.17263 0.326706 15.2949 0.302661 15.17263 0.326706 14.57709 0.302661 14.57709 0.302661 15.17263 0.326706 14.57709 0.326707 14.57709 0.302661 14.57709 0.326707 13.85928 0.302661 13.85928 0.302661 14.57709 0.326707 13.85928 0.326707 13.85928 0.302661 13.85928 0.326707 13.14146 0.302661 13.14146 0.302661 13.85928 0.326707 13.14146 0.326707 13.14146 0.302661 13.14146 0.326707 13.09808 0.326707 13.09808 0.326707 13.14146 0.326707 13.85928 0.341451 13.09808 0.326707 13.85928 0.341451 14.13536 0.371021 14.13536 0.371021 13.85928 0.341451 14.57709 0.341451 14.13536 0.371021 14.57709 0.341451 15.17263 0.326706 15.17263 0.326706 14.57709 0.341451 14.57709 0.326707 16.19367 0.301909 15.17263 0.326706 16.01271 0.302661 13.14146 0.302661 13.09808 0.326707 12.42365 0.302661 12.42365 0.302661 13.09808 0.326707 12.07429 0.301881 12.42365 0.302661 12.07429 0.301881 12.42365 0.278659 12.42365 0.278659 12.07429 0.301881 11.70584 0.278659 12.42365 0.278659 11.70584 0.278659 12.42365 0.254656 12.42365 0.254656 11.70584 0.278659 11.70584 0.254656 12.42365 0.254656 11.70584 0.254656 12.42365 0.230653 12.42365 0.230653 11.70584 0.254656 11.70584 0.230653 12.42365 0.230653 11.70584 0.230653 12.38802 0.21346 12.38802 0.21346 11.70584 0.230653 11.58417 0.216096 11.58417 0.216096 11.70584 0.230653 10.27022 0.230653 11.58417 0.216096 10.27022 0.230653 10.60884 0.212642 10.60884 0.212642 10.27022 0.230653 9.727499 0.207424 9.727499 0.207424 10.27022 0.230653 8.834598 0.230653 9.727499 0.207424 8.834598 0.230653 8.834598 0.20665 8.834598 0.20665 8.834598 0.230653 7.912128 0.230653 8.834598 0.20665 7.912128 0.230653 7.912128 0.20665 7.912128 0.20665 7.912128 0.230653 7.073973 0.209182 7.912128 0.20665 7.073973 0.209182 7.117842 0.202897 12.07429 0.301881 11.09099 0.298303 11.70584 0.278659 11.70584 0.278659 11.09099 0.298303 10.27022 0.278659 11.70584 0.278659 10.27022 0.278659 11.70584 0.254656 11.70584 0.254656 10.27022 0.278659 10.27022 0.254656 11.70584 0.254656 10.27022 0.254656 11.70584 0.230653 11.70584 0.230653 10.27022 0.254656 10.27022 0.230653 11.09099 0.298303 10.1398 0.301185 10.27022 0.278659 10.27022 0.278659 10.1398 0.301185 8.834598 0.278659 10.27022 0.278659 8.834598 0.278659 10.27022 0.254656 10.27022 0.254656 8.834598 0.278659 8.834598 0.254656 10.27022 0.254656 8.834598 0.254656 10.27022 0.230653 10.27022 0.230653 8.834598 0.254656 8.834598 0.230653 10.1398 0.301185 9.206672 0.306383 8.834598 0.278659 8.834598 0.278659 9.206672 0.306383 8.834598 0.302661 8.834598 0.278659 8.834598 0.302661 7.912128 0.302661 7.912128 0.302661 8.834598 0.302661 8.28096 0.312815 7.912128 0.302661 8.28096 0.312815 7.551223 0.318096 9.206672 0.306383 8.28096 0.312815 8.834598 0.302661 7.326416 0.318294 7.229106 0.316847 7.551223 0.318096 7.551223 0.318096 7.229106 0.316847 7.153078 0.31347 7.551223 0.318096 7.153078 0.31347 7.912128 0.302661 7.912128 0.302661 7.153078 0.31347 7.102069 0.308172 7.912128 0.302661 7.102069 0.308172 7.064684 0.301309 7.912128 0.302661 7.064684 0.301309 7.912128 0.278659 7.912128 0.278659 7.064684 0.301309 6.98966 0.283891 7.912128 0.278659 6.98966 0.283891 6.992383 0.264215 7.912128 0.278659 6.992383 0.264215 7.912128 0.254656 7.912128 0.254656 6.992383 0.264215 6.995215 0.24443 7.912128 0.254656 6.995215 0.24443 7.912128 0.230653 7.912128 0.230653 6.995215 0.24443 6.996639 0.2246119 7.912128 0.230653 6.996639 0.2246119 7.073973 0.209182 7.912128 0.20665 7.117842 0.202897 7.696532 0.193547 7.696532 0.193547 7.117842 0.202897 7.180557 0.197926 7.696532 0.193547 7.180557 0.197926 7.473802 0.1930029 7.473802 0.1930029 7.180557 0.197926 7.265961 0.1948609 7.473802 0.1930029 7.265961 0.1948609 7.315145 0.19398 7.696532 0.193547 8.824526 0.201266 7.912128 0.20665 7.912128 0.20665 8.824526 0.201266 8.834598 0.20665 8.824526 0.201266 9.727499 0.207424 8.834598 0.20665 12.42365 0.230653 12.38802 0.21346 13.14146 0.20665 13.14146 0.20665 12.38802 0.21346 13.33362 0.18849 13.14146 0.20665 13.33362 0.18849 13.85928 0.20665 13.85928 0.20665 13.33362 0.18849 13.85928 0.182648 13.85928 0.20665 13.85928 0.182648 14.57709 0.182648 14.57709 0.182648 13.85928 0.182648 13.85928 0.174198 14.57709 0.182648 13.85928 0.174198 14.13536 0.158758 14.13536 0.158758 13.85928 0.174198 13.33362 0.18849 13.33362 0.18849 13.85928 0.174198 13.85928 0.182648 14.13536 0.158758 14.90762 0.187191 14.57709 0.182648 14.57709 0.182648 14.90762 0.187191 14.57709 0.20665 14.57709 0.182648 14.57709 0.20665 13.85928 0.20665 13.85928 0.20665 14.57709 0.20665 13.85928 0.230653 13.85928 0.20665 13.85928 0.230653 13.14146 0.230653 13.14146 0.230653 13.85928 0.230653 13.14146 0.254656 13.14146 0.230653 13.14146 0.254656 12.42365 0.254656 12.42365 0.254656 13.14146 0.254656 12.42365 0.278659 14.57709 0.20665 14.90762 0.187191 15.2949 0.20665 15.2949 0.20665 14.90762 0.187191 15.88269 0.21346 15.2949 0.20665 15.88269 0.21346 15.2949 0.230653 15.2949 0.230653 15.88269 0.21346 16.01271 0.230653 15.2949 0.230653 16.01271 0.230653 15.2949 0.254656 15.2949 0.254656 16.01271 0.230653 16.01271 0.254656 15.2949 0.254656 16.01271 0.254656 15.2949 0.278659 15.2949 0.278659 16.01271 0.254656 16.01271 0.278659 15.2949 0.278659 16.01271 0.278659 15.2949 0.302661 15.88269 0.21346 16.65772 0.216128 16.01271 0.230653 16.01271 0.230653 16.65772 0.216128 16.73052 0.230653 16.01271 0.230653 16.73052 0.230653 16.01271 0.254656 16.01271 0.254656 16.73052 0.230653 16.73052 0.254656 16.01271 0.254656 16.73052 0.254656 16.01271 0.278659 16.01271 0.278659 16.73052 0.254656 16.73052 0.278659 16.73052 0.230653 16.65772 0.216128 17.44833 0.230653 17.44833 0.230653 16.65772 0.216128 17.61106 0.212891 17.44833 0.230653 17.61106 0.212891 18.88395 0.230653 18.88395 0.230653 17.61106 0.212891 18.88395 0.20665 18.88395 0.230653 18.88395 0.20665 18.98958 0.2044669 18.98958 0.2044669 18.88395 0.20665 17.61106 0.212891 18.88395 0.230653 18.98958 0.2044669 20.31958 0.20665 20.31958 0.20665 18.98958 0.2044669 20.35197 0.194822 20.31958 0.20665 20.35197 0.194822 20.80249 0.193008 21.00915 0.194963 21.09326 0.198097 20.80249 0.193008 20.80249 0.193008 21.09326 0.198097 20.31958 0.20665 21.09326 0.198097 21.12674 0.200381 20.31958 0.20665 20.31958 0.20665 21.12674 0.200381 21.19766 0.209345 20.31958 0.20665 21.19766 0.209345 20.31958 0.230653 20.31958 0.20665 20.31958 0.230653 18.88395 0.230653 18.88395 0.230653 20.31958 0.230653 18.88395 0.254656 18.88395 0.230653 18.88395 0.254656 17.44833 0.254656 17.44833 0.254656 18.88395 0.254656 17.44833 0.278659 17.44833 0.254656 17.44833 0.278659 16.73052 0.278659 16.73052 0.254656 16.73052 0.230653 17.44833 0.230653 16.73052 0.254656 17.44833 0.230653 17.44833 0.254656 17.44833 0.254656 17.44833 0.230653 18.88395 0.230653 14.57709 0.20665 15.2949 0.20665 14.57709 0.230653 14.57709 0.230653 15.2949 0.20665 15.2949 0.230653 14.57709 0.230653 15.2949 0.230653 14.57709 0.254656 14.57709 0.254656 15.2949 0.230653 15.2949 0.254656 14.57709 0.254656 15.2949 0.254656 14.57709 0.278659 14.57709 0.278659 15.2949 0.254656 15.2949 0.278659 14.57709 0.278659 15.2949 0.278659 14.57709 0.302661 14.57709 0.302661 15.2949 0.278659 15.2949 0.302661 14.57709 0.20665 14.57709 0.230653 13.85928 0.230653 13.85928 0.230653 14.57709 0.230653 13.85928 0.254656 13.85928 0.230653 13.85928 0.254656 13.14146 0.254656 13.14146 0.254656 13.85928 0.254656 13.14146 0.278659 13.14146 0.254656 13.14146 0.278659 12.42365 0.278659 12.42365 0.278659 13.14146 0.278659 12.42365 0.302661 13.85928 0.254656 14.57709 0.230653 14.57709 0.254656 13.14146 0.20665 13.85928 0.20665 13.14146 0.230653 12.42365 0.254656 12.42365 0.230653 13.14146 0.230653 13.14146 0.230653 12.42365 0.230653 13.14146 0.20665 7.912128 0.254656 7.912128 0.230653 8.834598 0.230653 7.912128 0.254656 8.834598 0.230653 8.834598 0.254656 20.31958 0.230653 20.31958 0.254656 18.88395 0.254656 18.88395 0.254656 20.31958 0.254656 18.88395 0.278659 18.88395 0.254656 18.88395 0.278659 17.44833 0.278659 16.73052 0.278659 16.73052 0.254656 17.44833 0.254656 13.85928 0.254656 14.57709 0.254656 13.85928 0.278659 13.85928 0.278659 14.57709 0.254656 14.57709 0.278659 13.85928 0.278659 14.57709 0.278659 13.85928 0.302661 13.85928 0.302661 14.57709 0.278659 14.57709 0.302661 7.912128 0.278659 7.912128 0.254656 8.834598 0.254656 7.912128 0.278659 8.834598 0.254656 8.834598 0.278659 7.912128 0.278659 8.834598 0.278659 7.912128 0.302661 13.14146 0.302661 12.42365 0.302661 13.14146 0.278659 13.85928 0.302661 13.14146 0.302661 13.85928 0.278659 13.85928 0.278659 13.14146 0.302661 13.14146 0.278659 13.85928 0.278659 13.14146 0.278659 13.85928 0.254656 20.31958 0.302661 18.88395 0.302661 20.31958 0.278659 13.14146 0.326707 13.85928 0.326707 13.85928 0.341451 13.85928 0.341451 13.85928 0.326707 14.57709 0.326707 13.85928 0.341451 14.57709 0.326707 14.57709 0.341451 -0.70192 0.344482 -0.421365 0.165244 0 0.343355 0 0.343355 -0.421365 0.165244 -0.184078 -0.06538796 0 0.343355 -0.184078 -0.06538796 0 -0.339261 2.00196 0 2.68099 0 1.869395 1.03731 1.869395 1.03731 2.68099 0 2.68099 1.413717 1.869395 1.03731 2.68099 1.413717 1.557582 2.061091 1.557582 2.061091 2.68099 1.413717 2.68099 2.827433 1.557582 2.061091 2.68099 2.827433 1.127744 3.044358 1.127744 3.044358 2.68099 2.827433 0.622121 3.995461 0.622121 3.995461 2.68099 2.827433 2.68099 4.24115 0.622121 3.995461 2.68099 4.24115 0.07514297 4.928329 0.07514297 4.928329 2.68099 4.24115 2.68099 5.654867 0.07514297 4.928329 2.68099 5.654867 -0.480666 5.853453 -0.480666 5.853453 2.68099 5.654867 -0.9108 6.580745 -0.9108 6.580745 2.68099 5.654867 2.68099 7.068583 -0.9108 6.580745 2.68099 7.068583 -1.063256 6.80206 -1.063256 6.80206 2.68099 7.068583 -1.154886 6.895034 -1.154886 6.895034 2.68099 7.068583 -1.264844 6.961884 -1.264844 6.961884 2.68099 7.068583 -1.389824 6.995303 -1.389824 6.995303 2.68099 7.068583 -1.530125 7.00274 -1.530125 7.00274 2.68099 7.068583 -2.64901 7.068583 -1.530125 7.00274 -2.64901 7.068583 -2.614732 7.034308 2.68099 8.4823 -0.897253 7.578487 2.68099 7.068583 2.68099 7.068583 -0.897253 7.578487 -1.048462 7.353436 2.68099 7.068583 -1.048462 7.353436 -1.138362 7.256231 2.68099 9.896018 0.08175295 9.219765 2.68099 8.4823 2.68099 8.4823 0.08175295 9.219765 -0.472319 8.297748 2.68099 8.4823 -0.472319 8.297748 -0.897253 7.578487 2.68099 11.30973 1.130535 11.09848 2.68099 9.896018 2.68099 9.896018 1.130535 11.09848 0.626839 10.15006 2.68099 9.896018 0.626839 10.15006 0.08175295 9.219765 1.130535 11.09848 2.68099 11.30973 1.558645 12.07889 1.558645 12.07889 2.68099 11.30973 2.68099 12.72345 1.558645 12.07889 2.68099 12.72345 1.869396 13.09986 1.869396 13.09986 2.68099 12.72345 2.68099 14.13717 1.869396 13.09986 2.68099 14.13717 2.00196 14.13717 -1.138362 7.256231 -1.247081 7.183233 2.68099 7.068583 2.68099 7.068583 -1.247081 7.183233 -1.371911 7.144682 2.68099 7.068583 -1.371911 7.144682 -1.51711 7.134261 -1.861387 7.172521 -2.580457 7.137136 -1.51711 7.134261 -1.51711 7.134261 -2.580457 7.137136 -2.614732 7.102859 -1.51711 7.134261 -2.614732 7.102859 2.68099 7.068583 2.68099 7.068583 -2.614732 7.102859 -2.64901 7.068583 -2.580457 7.137136 -1.861387 7.172521 -2.546185 7.171418 -2.546185 7.171418 -1.861387 7.172521 -2.543991 7.172521 -2.546185 7.171418 -2.543991 7.172521 -2.545955 7.171648 -2.545955 7.171648 -2.543991 7.172521 -2.544975 7.172303 -2.544975 7.172303 -2.543991 7.172521 -2.544484 7.172466 -2.614732 7.034308 -2.580457 7.000031 -1.530125 7.00274 -1.530125 7.00274 -2.580457 7.000031 -1.861375 6.964646 -1.861375 6.964646 -2.580457 7.000031 -2.546185 6.965749 -1.861375 6.964646 -2.546185 6.965749 -2.543991 6.964646 -2.543991 6.964646 -2.546185 6.965749 -2.545955 6.965519 -2.543991 6.964646 -2.545955 6.965519 -2.544975 6.964864 -2.544975 6.964864 -2.544484 6.964701 -2.543991 6.964646 2.00196 -14.13717 2.68099 -14.13717 1.869385 -13.09986 1.869385 -13.09986 2.68099 -14.13717 2.68099 -12.74345 1.869385 -13.09986 2.68099 -12.74345 1.611222 -12.22202 1.611222 -12.22202 2.68099 -12.74345 2.68099 -11.34974 1.611222 -12.22202 2.68099 -11.34974 1.187544 -11.21605 1.187544 -11.21605 2.68099 -11.34974 0.68027 -10.24508 0.68027 -10.24508 2.68099 -11.34974 2.68099 -9.956023 0.68027 -10.24508 2.68099 -9.956023 0.126547 -9.294509 0.126547 -9.294509 2.68099 -9.956023 2.68099 -8.562307 0.126547 -9.294509 2.68099 -8.562307 -0.439563 -8.352746 -0.439563 -8.352746 2.68099 -8.562307 2.68099 -7.168591 -0.439563 -8.352746 2.68099 -7.168591 -0.886616 -7.595915 -0.886616 -7.595915 2.68099 -7.168591 -1.041033 -7.362962 -1.041033 -7.362962 2.68099 -7.168591 -1.131139 -7.26276 -1.131139 -7.26276 2.68099 -7.168591 -1.240326 -7.186515 -1.240326 -7.186515 2.68099 -7.168591 2.42099 -7.168591 -1.240326 -7.186515 2.42099 -7.168591 -1.36681 -7.145585 -1.36681 -7.145585 2.42099 -7.168591 -1.512789 -7.134232 -1.512789 -7.134232 2.42099 -7.168591 2.42099 -7.10192 -1.512789 -7.134232 2.42099 -7.10192 -2.614732 -7.102859 -2.614732 -7.102859 2.42099 -7.10192 2.42099 -7.035247 -2.614732 -7.102859 2.42099 -7.035247 -2.64901 -7.068583 -2.64901 -7.068583 2.42099 -7.035247 -2.614732 -7.034308 -2.614732 -7.034308 2.42099 -7.035247 -1.520193 -7.00288 -2.614732 -7.034308 -1.520193 -7.00288 -2.580457 -7.000031 -2.580457 -7.000031 -1.520193 -7.00288 -1.861386 -6.964643 -2.580457 -7.000031 -1.861386 -6.964643 -2.546185 -6.965749 -2.546185 -6.965749 -1.861386 -6.964643 -2.543991 -6.964646 -2.546185 -6.965749 -2.543991 -6.964646 -2.545955 -6.965519 -2.545955 -6.965519 -2.543991 -6.964646 -2.544975 -6.964864 -2.544975 -6.964864 -2.543991 -6.964646 -2.544484 -6.964701 -1.520193 -7.00288 2.42099 -7.035247 -1.376143 -6.993199 -1.376143 -6.993199 2.42099 -7.035247 2.42099 -6.968575 -1.376143 -6.993199 2.42099 -6.968575 -1.251284 -6.955903 -1.251284 -6.955903 2.42099 -6.968575 2.68099 -6.968575 -1.251284 -6.955903 2.68099 -6.968575 -1.142238 -6.884346 -1.142238 -6.884346 2.68099 -6.968575 -1.051941 -6.788119 -1.051941 -6.788119 2.68099 -6.968575 -0.900431 -6.563875 -0.900431 -6.563875 2.68099 -6.968575 -0.473577 -5.841532 -0.473577 -5.841532 2.68099 -6.968575 2.68099 -5.57486 -0.473577 -5.841532 2.68099 -5.57486 0.08084797 -4.918882 0.08084797 -4.918882 2.68099 -5.57486 2.68099 -4.181145 0.08084797 -4.918882 2.68099 -4.181145 0.626249 -3.988154 0.626249 -3.988154 2.68099 -4.181145 1.130252 -3.039261 1.130252 -3.039261 2.68099 -4.181145 2.68099 -2.78743 1.130252 -3.039261 2.68099 -2.78743 1.558622 -2.058333 1.558622 -2.058333 2.68099 -2.78743 2.68099 -1.393715 1.558622 -2.058333 2.68099 -1.393715 1.869393 -1.03731 1.869393 -1.03731 2.68099 -1.393715 2.68099 0 1.869393 -1.03731 2.68099 0 2.00196 0 -2.614732 -7.102859 -2.580457 -7.137136 -1.512789 -7.134232 -1.512789 -7.134232 -2.580457 -7.137136 -1.861387 -7.17252 -1.861387 -7.17252 -2.580457 -7.137136 -2.546185 -7.171418 -1.861387 -7.17252 -2.546185 -7.171418 -2.543991 -7.172521 -2.543991 -7.172521 -2.546185 -7.171418 -2.545955 -7.171648 -2.543991 -7.172521 -2.545955 -7.171648 -2.544975 -7.172303 -2.544975 -7.172303 -2.544484 -7.172466 -2.543991 -7.172521 -0.01888895 0.1402789 -0.01888895 -0.119721 0 0.1402789 0 0.1402789 -0.01888895 -0.119721 0 -0.1386049 0.1 0.1196089 0.03333598 0.120597 0.1 0.10072 0.1 0.10072 0.03333598 0.120597 0.095106 0.06981796 0.095106 0.06981796 0.03333598 0.120597 0.08090198 0.04194098 0.08090198 0.04194098 0.03333598 0.120597 0.058779 0.01981794 0.058779 0.01981794 0.03333598 0.120597 0.03090196 0.005613982 0.03090196 0.005613982 0.03333598 0.120597 0 7.2e-4 0 7.2e-4 0.03333598 0.120597 -0.03333598 0.120597 0 7.2e-4 -0.03333598 0.120597 -0.03090196 0.005613982 -0.03090196 0.005613982 -0.03333598 0.120597 -0.058779 0.01981794 -0.058779 0.01981794 -0.03333598 0.120597 -0.08090198 0.04194098 -0.08090198 0.04194098 -0.03333598 0.120597 -0.095106 0.06981796 -0.095106 0.06981796 -0.03333598 0.120597 -0.1 0.10072 -0.1 0.10072 -0.03333598 0.120597 -0.1 0.1196089 0 -0.1386049 0.01888895 -0.119721 0 0.1402789 0 0.1402789 0.01888895 -0.119721 0.01888895 0.1402789 -0.06363999 -2.811725 0.007070958 -2.811725 -0.06363999 -1.405863 -0.06363999 -1.405863 0.007070958 -2.811725 0.007070958 -1.405863 -0.06363999 -1.405863 0.007070958 -1.405863 -0.06363999 0 -0.06363999 0 0.007070958 -1.405863 0.007070958 0 -0.06363999 0 0.007070958 0 -0.06363999 1.405863 -0.06363999 1.405863 0.007070958 0 0.007070958 1.405863 -0.06363999 1.405863 0.007070958 1.405863 -0.06363999 2.811725 -0.06363999 2.811725 0.007070958 1.405863 0.007070958 2.811725 -0.06363999 2.811725 0.007070958 2.811725 -0.06363999 4.217588 -0.06363999 4.217588 0.007070958 2.811725 0.007070958 4.217588 -0.06363999 4.217588 0.007070958 4.217588 -0.06363999 5.623451 -0.06363999 5.623451 0.007070958 4.217588 0.007070958 5.623451 -0.06363999 5.623451 0.007070958 5.623451 -0.06363999 7.029314 -0.06363999 7.029314 0.007070958 5.623451 0.007070958 7.029314 -0.06363999 7.029314 0.007070958 7.029314 -0.06363999 8.435176 -0.06363999 8.435176 0.007070958 7.029314 0.007070958 8.435176 -0.06363999 8.435176 0.007070958 8.435176 -0.06363999 9.841039 -0.06363999 9.841039 0.007070958 8.435176 0.007070958 9.841039 -0.06363999 9.841039 0.007070958 9.841039 -0.06363999 11.2469 -0.06363999 11.2469 0.007070958 9.841039 0.007070958 11.2469 0.007070958 -9.745429 0.007070958 -8.358689 -0.03693395 -9.741168 -0.03693395 -9.741168 0.007070958 -8.358689 -0.06363999 -9.741587 -0.06363999 -9.741587 0.007070958 -8.358689 -0.06363999 -8.355614 -0.06363999 -8.355614 0.007070958 -8.358689 0.007070958 -6.971948 -0.06363999 -8.355614 0.007070958 -6.971948 -0.06363999 -6.969642 -0.06363999 -6.969642 0.007070958 -6.971948 0.007070958 -5.585207 -0.06363999 -6.969642 0.007070958 -5.585207 -0.06363999 -5.58367 -0.06363999 -5.58367 0.007070958 -5.585207 0.007070958 -4.198466 -0.06363999 -5.58367 0.007070958 -4.198466 -0.06363999 -4.197698 -0.06363999 -4.197698 0.007070958 -4.198466 0.007070958 -2.811725 -0.06363999 -4.197698 0.007070958 -2.811725 -0.06363999 -2.811725 -0.06363999 11.2469 0.007070958 11.2469 -0.06363999 12.63287 -0.06363999 12.63287 0.007070958 11.2469 0.007070958 12.63364 -0.06363999 12.63287 0.007070958 12.63364 -0.06363999 14.01885 -0.06363999 14.01885 0.007070958 12.63364 0.007070958 14.02038 -0.06363999 14.01885 0.007070958 14.02038 -0.06363999 15.40482 -0.06363999 15.40482 0.007070958 14.02038 0.007070958 15.40712 -0.06363999 -12.71244 0.007070958 -12.71013 -0.06363999 -11.32646 -0.06363999 -11.32646 0.007070958 -12.71013 0.007070958 -11.32339 -0.06363999 -11.32646 0.007070958 -11.32339 -0.06363999 -9.940492 -0.06363999 -9.940492 0.007070958 -11.32339 -0.03693395 -9.940911 -0.03693395 -9.940911 0.007070958 -11.32339 0.007070958 -9.93665 -0.155 -0.314159 0.123884 -0.314159 -0.155 -0.282743 -0.155 -0.282743 0.123884 -0.314159 0.155 -0.282624 -0.155 -0.282743 0.155 -0.282624 -0.155 -0.251327 -0.155 -0.251327 0.155 -0.282624 0.155 -0.251238 -0.155 -0.251327 0.155 -0.251238 -0.155 -0.219911 -0.155 -0.219911 0.155 -0.251238 0.155 -0.219852 -0.155 -0.219911 0.155 -0.219852 -0.155 -0.1884959 -0.155 -0.1884959 0.155 -0.219852 0.155 -0.188466 -0.155 -0.1884959 0.155 -0.188466 -0.155 -0.1570799 -0.155 -0.1570799 0.155 -0.188466 0.155 -0.1570799 -0.155 -0.1570799 0.155 -0.1570799 0.155 -0.125694 -0.155 -0.1570799 0.155 -0.125694 -0.155 -0.1256639 -0.155 -0.1256639 0.155 -0.125694 0.155 -0.09430795 -0.155 -0.1256639 0.155 -0.09430795 -0.155 -0.09424799 -0.155 -0.09424799 0.155 -0.09430795 0.155 -0.062922 -0.155 -0.09424799 0.155 -0.062922 -0.155 -0.06283199 -0.155 -0.06283199 0.155 -0.062922 0.155 -0.03153598 -0.155 -0.06283199 0.155 -0.03153598 -0.155 -0.03141599 -0.155 -0.03141599 0.155 -0.03153598 0.123884 0 -0.155 -0.03141599 0.123884 0 -0.155 0 1.447259 8.711475 0.09506899 8.952379 1.297871 8.497832 1.297871 8.497832 0.09506899 8.952379 0.08084899 8.924543 1.297871 8.497832 0.08084899 8.924543 0 8.703394 0 8.703394 0.08084899 8.924543 0.05872994 8.902458 0 8.703394 0.05872994 8.902458 0.030873 8.888279 0.030873 8.888279 0 8.883395 0 8.703394 0 8.703394 0 8.883395 -0.030873 8.888279 0 8.703394 -0.030873 8.888279 -0.05872994 8.902458 -0.05872994 8.902458 -0.08084899 8.924543 0 8.703394 0 8.703394 -0.08084899 8.924543 -1.297871 8.497832 -1.297871 8.497832 -0.08084899 8.924543 -0.09506899 8.952379 -1.297871 8.497832 -0.09506899 8.952379 -1.447259 8.711475 -1.297871 8.497832 -1.447259 8.711475 -2.468698 7.901265 -2.468698 7.901265 -1.447259 8.711475 -2.661579 8.069695 -2.468698 7.901265 -2.661579 8.069695 -3.397871 6.972092 -3.397871 6.972092 -2.661579 8.069695 -3.622348 7.088176 -3.397871 6.972092 -3.622348 7.088176 -3.994437 5.801265 -3.994437 5.801265 -3.622348 7.088176 -4.238039 5.860423 -3.994437 5.801265 -4.238039 5.860423 -4.2 4.503394 -4.2 4.503394 -4.238039 5.860423 -4.45 4.503394 -4.2 4.503394 -4.45 4.503394 -4.232202 3.128268 -4.2 4.503394 -4.232202 3.128268 -3.994437 3.205523 -3.994437 3.205523 -4.232202 3.128268 -3.600126 1.88775 -3.994437 3.205523 -3.600126 1.88775 -3.397871 2.034696 -3.397871 2.034696 -3.600126 1.88775 -2.615644 0.903268 -3.397871 2.034696 -2.615644 0.903268 -2.468698 1.105523 -2.468698 1.105523 -2.615644 0.903268 -1.375126 0.271192 -2.468698 1.105523 -1.375126 0.271192 -1.297871 0.508957 -1.297871 0.508957 -1.375126 0.271192 0 0.05339395 -1.297871 0.508957 0 0.05339395 0 0.303394 0 0.303394 0 0.05339395 1.297871 0.508957 1.297871 0.508957 0 0.05339395 1.375126 0.271192 1.297871 0.508957 1.375126 0.271192 2.468698 1.105523 2.468698 1.105523 1.375126 0.271192 2.615644 0.903268 2.468698 1.105523 2.615644 0.903268 3.397871 2.034696 3.397871 2.034696 2.615644 0.903268 3.600126 1.88775 3.397871 2.034696 3.600126 1.88775 3.994437 3.205523 3.994437 3.205523 3.600126 1.88775 4.232202 3.128268 3.994437 3.205523 4.232202 3.128268 4.2 4.503394 4.2 4.503394 4.232202 3.128268 4.45 4.503394 4.2 4.503394 4.45 4.503394 4.238039 5.860423 4.2 4.503394 4.238039 5.860423 3.994437 5.801265 3.994437 5.801265 4.238039 5.860423 3.622348 7.088176 3.994437 5.801265 3.622348 7.088176 3.397871 6.972092 3.397871 6.972092 3.622348 7.088176 2.661579 8.069695 3.397871 6.972092 2.661579 8.069695 2.468698 7.901265 2.468698 7.901265 2.661579 8.069695 1.447259 8.711475 2.468698 7.901265 1.447259 8.711475 1.297871 8.497832 -0.01499998 0 0.01499998 0 -0.01499998 1.319469 -0.01499998 1.319469 0.01499998 0 0.01499998 1.319469 -0.01499998 1.319469 0.01499998 1.319469 -0.01499998 2.638938 -0.01499998 2.638938 0.01499998 1.319469 0.01499998 2.638938 -0.01499998 2.638938 0.01499998 2.638938 -0.01499998 3.958407 -0.01499998 3.958407 0.01499998 2.638938 0.01499998 3.958407 -0.01499998 3.958407 0.01499998 3.958407 -0.01499998 5.277875 -0.01499998 5.277875 0.01499998 3.958407 0.01499998 5.277875 -0.01499998 5.277875 0.01499998 5.277875 -0.01499998 6.597344 -0.01499998 6.597344 0.01499998 5.277875 0.01499998 6.597344 -0.01499998 6.597344 0.01499998 6.597344 -0.01499998 7.916813 -0.01499998 7.916813 0.01499998 6.597344 0.01499998 7.916813 -0.01499998 7.916813 0.01499998 7.916813 -0.01499998 9.236283 -0.01499998 9.236283 0.01499998 7.916813 0.01499998 9.236283 -0.01499998 9.236283 0.01499998 9.236283 -0.01499998 10.55575 -0.01499998 10.55575 0.01499998 9.236283 0.01499998 10.55575 -0.01499998 10.55575 0.01499998 10.55575 -0.01499998 11.87522 -0.01499998 11.87522 0.01499998 10.55575 0.01499998 11.87522 -0.01499998 11.87522 0.01499998 11.87522 -0.01499998 13.19469 -0.01499998 13.19469 0.01499998 11.87522 0.01499998 13.19469 -0.01499998 -13.19469 0.01499998 -13.19469 -0.01499998 -11.87522 -0.01499998 -11.87522 0.01499998 -13.19469 0.01499998 -11.87522 -0.01499998 -11.87522 0.01499998 -11.87522 -0.01499998 -10.55575 -0.01499998 -10.55575 0.01499998 -11.87522 0.01499998 -10.55575 -0.01499998 -10.55575 0.01499998 -10.55575 -0.01499998 -9.236283 -0.01499998 -9.236283 0.01499998 -10.55575 0.01499998 -9.236283 -0.01499998 -9.236283 0.01499998 -9.236283 -0.01499998 -7.916813 -0.01499998 -7.916813 0.01499998 -9.236283 0.01499998 -7.916813 -0.01499998 -7.916813 0.01499998 -7.916813 -0.01499998 -6.597344 -0.01499998 -6.597344 0.01499998 -7.916813 0.01499998 -6.597344 -0.01499998 -6.597344 0.01499998 -6.597344 -0.01499998 -5.277875 -0.01499998 -5.277875 0.01499998 -6.597344 0.01499998 -5.277875 -0.01499998 -5.277875 0.01499998 -5.277875 -0.01499998 -3.958407 -0.01499998 -3.958407 0.01499998 -5.277875 0.01499998 -3.958407 -0.01499998 -3.958407 0.01499998 -3.958407 -0.01499998 -2.638938 -0.01499998 -2.638938 0.01499998 -3.958407 0.01499998 -2.638938 -0.01499998 -2.638938 0.01499998 -2.638938 -0.01499998 -1.319469 -0.01499998 -1.319469 0.01499998 -2.638938 0.01499998 -1.319469 -0.01499998 -1.319469 0.01499998 -1.319469 -0.01499998 0 -0.01499998 0 0.01499998 -1.319469 0.01499998 0 3.011088 7.898151 3.397871 7.022698 3.897115 6.803999 3.897115 6.803999 3.397871 7.022698 3.994437 5.851871 3.897115 6.803999 3.994437 5.851871 4.401664 5.489602 4.401664 5.489602 3.994437 5.851871 4.2 4.554 4.401664 5.489602 4.2 4.554 4.475348 4.083622 4.475348 4.083622 4.2 4.554 3.994437 3.256129 4.475348 4.083622 3.994437 3.256129 4.110954 2.723685 4.110954 2.723685 3.994437 3.256129 3.397871 2.085302 4.110954 2.723685 3.397871 2.085302 3.344151 1.542912 3.344151 1.542912 3.397871 2.085302 2.468698 1.156129 3.344151 1.542912 2.468698 1.156129 2.25 0.656885 2.25 0.656885 2.468698 1.156129 1.297871 0.559563 2.25 0.656885 1.297871 0.559563 0.935602 0.152336 0.935602 0.152336 1.297871 0.559563 0 0.354 0.935602 0.152336 0 0.354 -0.470379 0.07865196 -0.470379 0.07865196 0 0.354 -1.297871 0.559563 -0.470379 0.07865196 -1.297871 0.559563 -1.830315 0.443046 -1.830315 0.443046 -1.297871 0.559563 -2.468698 1.156129 -1.830315 0.443046 -2.468698 1.156129 -3.011088 1.209849 -3.011088 1.209849 -2.468698 1.156129 -3.397871 2.085302 -3.011088 1.209849 -3.397871 2.085302 -3.897115 2.304 -3.897115 2.304 -3.397871 2.085302 -3.994437 3.256129 -3.897115 2.304 -3.994437 3.256129 -4.401664 3.618398 -4.401664 3.618398 -3.994437 3.256129 -4.2 4.554 -4.401664 3.618398 -4.2 4.554 -4.475348 5.024379 -4.475348 5.024379 -4.2 4.554 -3.994437 5.851871 -4.475348 5.024379 -3.994437 5.851871 -4.110954 6.384315 -4.110954 6.384315 -3.994437 5.851871 -3.397871 7.022698 -4.110954 6.384315 -3.397871 7.022698 -3.344151 7.565088 -3.344151 7.565088 -3.397871 7.022698 -2.468698 7.951871 -3.344151 7.565088 -2.468698 7.951871 -2.25 8.451115 -2.25 8.451115 -2.468698 7.951871 -1.297871 8.548438 -2.25 8.451115 -1.297871 8.548438 -0.935602 8.955665 -0.935602 8.955665 -1.297871 8.548438 0 8.754 -0.935602 8.955665 0 8.754 0.470379 9.029349 0.470379 9.029349 0 8.754 1.297871 8.548438 0.470379 9.029349 1.297871 8.548438 1.830315 8.664955 1.830315 8.664955 1.297871 8.548438 2.468698 7.951871 1.830315 8.664955 2.468698 7.951871 3.011088 7.898151 3.011088 7.898151 2.468698 7.951871 3.397871 7.022698 -34.105 0 34.105 0 -34.105 1.413717 -34.105 1.413717 34.105 0 34.105 1.413717 -34.105 1.413717 34.105 1.413717 -34.105 2.827433 -34.105 2.827433 34.105 1.413717 34.105 2.827433 -34.105 2.827433 34.105 2.827433 -34.105 4.24115 -34.105 4.24115 34.105 2.827433 34.105 4.24115 -34.105 4.24115 34.105 4.24115 -34.105 5.654867 -34.105 5.654867 34.105 4.24115 34.105 5.654867 -34.105 5.654867 34.105 5.654867 -34.105 7.068583 -34.105 7.068583 34.105 5.654867 34.105 7.068583 -34.105 7.068583 34.105 7.068583 -34.105 8.4823 -34.105 8.4823 34.105 7.068583 34.105 8.4823 -34.105 8.4823 34.105 8.4823 -34.105 9.896018 -34.105 9.896018 34.105 8.4823 34.105 9.896018 -34.105 9.896018 34.105 9.896018 -34.105 11.30973 -34.105 11.30973 34.105 9.896018 34.105 11.30973 -34.105 11.30973 34.105 11.30973 -34.105 12.72345 -34.105 12.72345 34.105 11.30973 34.105 12.72345 -34.105 12.72345 34.105 12.72345 -34.105 14.13717 -34.105 14.13717 34.105 12.72345 34.105 14.13717 -34.105 -14.13717 34.105 -14.13717 -34.105 -12.72345 -34.105 -12.72345 34.105 -14.13717 34.105 -12.72345 -34.105 -12.72345 34.105 -12.72345 -34.105 -11.30973 -34.105 -11.30973 34.105 -12.72345 34.105 -11.30973 -34.105 -11.30973 34.105 -11.30973 -34.105 -9.896018 -34.105 -9.896018 34.105 -11.30973 34.105 -9.896018 -34.105 -9.896018 34.105 -9.896018 -34.105 -8.4823 -34.105 -8.4823 34.105 -9.896018 34.105 -8.4823 -34.105 -8.4823 34.105 -8.4823 -34.105 -7.068583 -34.105 -7.068583 34.105 -8.4823 34.105 -7.068583 -34.105 -7.068583 34.105 -7.068583 -34.105 -5.654867 -34.105 -5.654867 34.105 -7.068583 34.105 -5.654867 -34.105 -5.654867 34.105 -5.654867 -34.105 -4.24115 -34.105 -4.24115 34.105 -5.654867 34.105 -4.24115 -34.105 -4.24115 34.105 -4.24115 -34.105 -2.827433 -34.105 -2.827433 34.105 -4.24115 34.105 -2.827433 -34.105 -2.827433 34.105 -2.827433 -34.105 -1.413717 -34.105 -1.413717 34.105 -2.827433 34.105 -1.413717 -34.105 -1.413717 34.105 -1.413717 -34.105 0 -34.105 0 34.105 -1.413717 34.105 0 0.152336 0.935602 0.559563 1.297871 0.656885 2.25 0.656885 2.25 0.559563 1.297871 1.156129 2.468698 0.656885 2.25 1.156129 2.468698 1.542912 3.344151 1.542912 3.344151 1.156129 2.468698 2.085302 3.397871 1.542912 3.344151 2.085302 3.397871 2.723685 4.110954 2.723685 4.110954 2.085302 3.397871 3.256129 3.994437 2.723685 4.110954 3.256129 3.994437 4.083622 4.475348 4.083622 4.475348 3.256129 3.994437 4.554 4.2 4.083622 4.475348 4.554 4.2 5.489602 4.401664 5.489602 4.401664 4.554 4.2 5.851871 3.994437 5.489602 4.401664 5.851871 3.994437 6.803999 3.897115 6.803999 3.897115 5.851871 3.994437 7.022698 3.397871 6.803999 3.897115 7.022698 3.397871 7.898151 3.011088 7.898151 3.011088 7.022698 3.397871 7.951871 2.468698 7.898151 3.011088 7.951871 2.468698 8.664955 1.830315 8.664955 1.830315 7.951871 2.468698 8.548438 1.297871 8.664955 1.830315 8.548438 1.297871 9.029349 0.470379 9.029349 0.470379 8.548438 1.297871 8.754 0 9.029349 0.470379 8.754 0 8.955665 -0.935602 8.955665 -0.935602 8.754 0 8.548438 -1.297871 8.955665 -0.935602 8.548438 -1.297871 8.451115 -2.25 8.451115 -2.25 8.548438 -1.297871 7.951871 -2.468698 8.451115 -2.25 7.951871 -2.468698 7.565088 -3.344151 7.565088 -3.344151 7.951871 -2.468698 7.022698 -3.397871 7.565088 -3.344151 7.022698 -3.397871 6.384315 -4.110954 6.384315 -4.110954 7.022698 -3.397871 5.851871 -3.994437 6.384315 -4.110954 5.851871 -3.994437 5.024379 -4.475348 5.024379 -4.475348 5.851871 -3.994437 4.554 -4.2 5.024379 -4.475348 4.554 -4.2 3.618398 -4.401664 3.618398 -4.401664 4.554 -4.2 3.256129 -3.994437 3.618398 -4.401664 3.256129 -3.994437 2.304 -3.897115 2.304 -3.897115 3.256129 -3.994437 2.085302 -3.397871 2.304 -3.897115 2.085302 -3.397871 1.209849 -3.011088 1.209849 -3.011088 2.085302 -3.397871 1.156129 -2.468698 1.209849 -3.011088 1.156129 -2.468698 0.443046 -1.830315 0.443046 -1.830315 1.156129 -2.468698 0.559563 -1.297871 0.443046 -1.830315 0.559563 -1.297871 0.07865196 -0.470379 0.07865196 -0.470379 0.559563 -1.297871 0.354 0 0.07865196 -0.470379 0.354 0 0.152336 0.935602 0.152336 0.935602 0.354 0 0.559563 1.297871 16.48023 10e-7 16.5312 0.412638 15.90375 0 15.90375 0 16.5312 0.412638 15.29136 0.412638 15.90375 0 15.29136 0.412638 14.13196 0 14.13196 0 15.29136 0.412638 14.05151 0.412638 14.13196 0 14.05151 0.412638 12.81167 0.412638 12.81167 0.412638 14.05151 0.412638 12.81167 0.825278 12.81167 0.412638 12.81167 0.825278 11.57182 0.825278 11.57182 0.825278 12.81167 0.825278 11.57182 1.23792 11.57182 0.825278 11.57182 1.23792 10.33198 1.23792 10.33198 1.23792 11.57182 1.23792 10.33198 1.650559 10.33198 1.23792 10.33198 1.650559 9.092138 1.650559 9.092138 1.650559 10.33198 1.650559 9.092138 2.47584 9.092138 1.650559 9.092138 2.47584 7.852293 2.47584 7.852293 2.47584 9.092138 2.47584 7.852293 3.30112 7.852293 2.47584 7.852293 3.30112 6.61245 3.30112 6.61245 3.30112 7.852293 3.30112 6.61245 4.1264 6.61245 3.30112 6.61245 4.1264 5.510375 4.1264 5.510375 4.1264 6.61245 4.1264 5.510375 4.951681 5.510375 4.1264 5.510375 4.951681 4.4083 4.951681 4.4083 4.951681 5.510375 4.951681 4.4083 5.776961 4.4083 4.951681 4.4083 5.776961 3.306225 5.776961 3.306225 5.776961 4.4083 5.776961 3.306225 6.602241 3.306225 5.776961 3.306225 6.602241 2.20415 6.602241 2.20415 6.602241 3.306225 6.602241 2.20415 7.427521 2.20415 6.602241 2.20415 7.427521 1.102075 7.427521 1.102075 7.427521 2.20415 7.427521 1.102075 8.252803 1.102075 7.427521 1.102075 8.252803 0 7.427521 0 7.427521 1.102075 8.252803 0 8.665442 0 8.665442 1.102075 8.252803 1.102075 9.078084 0 8.665442 1.102075 9.078084 0 9.903362 0 9.903362 1.102075 9.078084 1.763319 9.903362 1.763319 9.903362 1.102075 9.078084 2.20415 9.078084 1.763319 9.903362 2.20415 9.078084 3.526642 9.903362 3.526642 9.903362 2.20415 9.078084 3.306225 9.078084 3.526642 9.903362 3.306225 9.078084 4.4083 9.078084 4.4083 9.078084 3.306225 9.078084 4.4083 8.252803 4.4083 9.078084 4.4083 8.252803 5.510375 8.252803 5.510375 8.252803 4.4083 8.252803 5.510375 7.427521 5.510375 8.252803 5.510375 7.427521 6.61245 7.427521 6.61245 7.427521 5.510375 7.427521 6.61245 6.602241 6.61245 7.427521 6.61245 6.602241 7.852293 6.602241 7.852293 6.602241 6.61245 6.602241 7.852293 5.776961 7.852293 6.602241 7.852293 5.776961 9.092138 5.776961 9.092138 5.776961 7.852293 5.776961 9.092138 4.951681 9.092138 5.776961 9.092138 4.951681 10.33198 4.951681 10.33198 4.951681 9.092138 4.951681 10.33198 4.1264 10.33198 4.951681 10.33198 4.1264 11.57182 4.1264 11.57182 4.1264 10.33198 4.1264 11.57182 3.30112 11.57182 4.1264 11.57182 3.30112 12.81167 3.30112 12.81167 3.30112 11.57182 3.30112 12.81167 2.47584 12.81167 3.30112 12.81167 2.47584 14.05151 2.47584 14.05151 2.47584 12.81167 2.47584 14.05151 1.650559 14.05151 2.47584 14.05151 1.650559 15.29136 1.650559 15.29136 1.650559 14.05151 1.650559 15.29136 1.23792 15.29136 1.650559 15.29136 1.23792 16.5312 1.23792 16.5312 1.23792 15.29136 1.23792 16.5312 0.825278 16.5312 1.23792 16.5312 0.825278 17.6332 1.23792 17.6332 1.23792 16.5312 0.825278 17.6332 0 17.6332 0 16.5312 0.825278 16.5312 0.412638 17.6332 0 16.5312 0.412638 17.05672 -2e-6 17.05672 -2e-6 16.5312 0.412638 16.48023 10e-7 16.5312 1.23792 17.6332 1.23792 16.5312 1.650559 16.5312 1.650559 17.6332 1.23792 17.6332 2.47584 16.5312 1.650559 17.6332 2.47584 16.5312 2.47584 16.5312 2.47584 17.6332 2.47584 16.5312 3.30112 16.5312 2.47584 16.5312 3.30112 15.29136 3.30112 15.29136 3.30112 16.5312 3.30112 15.29136 4.1264 15.29136 3.30112 15.29136 4.1264 14.05151 4.1264 14.05151 4.1264 15.29136 4.1264 14.05151 4.951681 14.05151 4.1264 14.05151 4.951681 12.81167 4.951681 12.81167 4.951681 14.05151 4.951681 12.81167 5.776961 12.81167 4.951681 12.81167 5.776961 11.57182 5.776961 11.57182 5.776961 12.81167 5.776961 11.57182 6.602241 11.57182 5.776961 11.57182 6.602241 10.33198 6.602241 10.33198 6.602241 11.57182 6.602241 10.33198 7.427521 10.33198 6.602241 10.33198 7.427521 9.092138 7.427521 9.092138 7.427521 10.33198 7.427521 9.092138 8.252803 9.092138 7.427521 9.092138 8.252803 7.852293 8.252803 7.852293 8.252803 9.092138 8.252803 7.852293 9.078084 7.852293 8.252803 7.852293 9.078084 6.61245 9.078084 6.61245 9.078084 7.852293 9.078084 7.053281 9.903363 6.61245 9.078084 7.053281 9.903363 5.289959 9.903362 16.5312 3.30112 17.6332 2.47584 16.5312 4.1264 16.5312 4.1264 17.6332 2.47584 17.6332 4.951681 16.5312 4.1264 17.6332 4.951681 16.5312 4.951681 16.5312 4.951681 17.6332 4.951681 16.5312 5.776961 16.5312 4.951681 16.5312 5.776961 15.29136 5.776961 15.29136 5.776961 16.5312 5.776961 15.29136 6.602241 15.29136 5.776961 15.29136 6.602241 14.05151 6.602241 14.05151 6.602241 15.29136 6.602241 14.05151 7.427521 14.05151 6.602241 14.05151 7.427521 12.81167 7.427521 12.81167 7.427521 14.05151 7.427521 12.81167 8.252803 12.81167 7.427521 12.81167 8.252803 11.57182 8.252803 11.57182 8.252803 12.81167 8.252803 11.57182 9.078084 11.57182 8.252803 11.57182 9.078084 10.33198 9.078084 10.33198 9.078084 11.57182 9.078084 10.57992 9.903363 10.33198 9.078084 10.57992 9.903363 9.092138 9.078084 9.092138 9.078084 10.57992 9.903363 8.8166 9.903361 9.092138 9.078084 8.8166 9.903361 7.852293 9.078084 7.852293 9.078084 8.8166 9.903361 7.053281 9.903363 17.6332 4.951681 17.6332 6.189601 16.5312 5.776961 16.5312 5.776961 17.6332 6.189601 16.5312 6.602241 16.5312 5.776961 16.5312 6.602241 15.29136 6.602241 15.29136 6.602241 16.5312 6.602241 15.29136 7.427521 15.29136 6.602241 15.29136 7.427521 14.05151 7.427521 14.05151 7.427521 15.29136 7.427521 14.05151 8.252803 14.05151 7.427521 14.05151 8.252803 12.81167 8.252803 12.81167 8.252803 14.05151 8.252803 12.81167 9.078084 12.81167 8.252803 12.81167 9.078084 11.57182 9.078084 11.57182 9.078084 12.81167 9.078084 12.34324 9.903362 11.57182 9.078084 12.34324 9.903362 10.57992 9.903363 17.6332 6.189601 17.6332 7.427521 16.5312 6.602241 16.5312 6.602241 17.6332 7.427521 16.5312 7.427521 16.5312 6.602241 16.5312 7.427521 15.29136 7.427521 15.29136 7.427521 16.5312 7.427521 15.29136 8.252803 15.29136 7.427521 15.29136 8.252803 14.05151 8.252803 14.05151 8.252803 15.29136 8.252803 14.05151 9.078084 14.05151 8.252803 14.05151 9.078084 12.81167 9.078084 12.81167 9.078084 14.05151 9.078084 14.10656 9.903361 12.81167 9.078084 14.10656 9.903361 12.34324 9.903362 16.5312 7.427521 17.6332 7.427521 16.5312 8.252803 16.5312 8.252803 17.6332 7.427521 17.6332 8.665442 16.5312 8.252803 17.6332 8.665442 16.5312 9.078084 16.5312 9.078084 17.6332 8.665442 17.6332 9.284402 16.5312 9.078084 17.6332 9.284402 17.6332 9.903362 17.6332 9.903362 15.86988 9.903365 16.5312 9.078084 16.5312 9.078084 15.86988 9.903365 15.29136 9.078084 16.5312 9.078084 15.29136 9.078084 16.5312 8.252803 16.5312 8.252803 15.29136 9.078084 15.29136 8.252803 16.5312 8.252803 15.29136 8.252803 16.5312 7.427521 15.86988 9.903365 14.10656 9.903361 15.29136 9.078084 15.29136 9.078084 14.10656 9.903361 14.05151 9.078084 15.29136 9.078084 14.05151 9.078084 15.29136 8.252803 3.526642 9.903362 4.4083 9.078084 5.289959 9.903362 5.289959 9.903362 4.4083 9.078084 5.510375 9.078084 5.289959 9.903362 5.510375 9.078084 6.61245 9.078084 6.61245 9.078084 5.510375 9.078084 6.61245 8.252803 6.61245 9.078084 6.61245 8.252803 7.852293 8.252803 7.852293 8.252803 6.61245 8.252803 7.852293 7.427521 7.852293 8.252803 7.852293 7.427521 9.092138 7.427521 9.092138 7.427521 7.852293 7.427521 9.092138 6.602241 9.092138 7.427521 9.092138 6.602241 10.33198 6.602241 10.33198 6.602241 9.092138 6.602241 10.33198 5.776961 10.33198 6.602241 10.33198 5.776961 11.57182 5.776961 11.57182 5.776961 10.33198 5.776961 11.57182 4.951681 11.57182 5.776961 11.57182 4.951681 12.81167 4.951681 12.81167 4.951681 11.57182 4.951681 12.81167 4.1264 12.81167 4.951681 12.81167 4.1264 14.05151 4.1264 14.05151 4.1264 12.81167 4.1264 14.05151 3.30112 14.05151 4.1264 14.05151 3.30112 15.29136 3.30112 15.29136 3.30112 14.05151 3.30112 15.29136 2.47584 15.29136 3.30112 15.29136 2.47584 16.5312 2.47584 16.5312 2.47584 15.29136 2.47584 16.5312 1.650559 1.102075 7.427521 0 7.427521 1.102075 6.602241 1.102075 6.602241 0 7.427521 0 6.189601 1.102075 6.602241 0 6.189601 1.102075 5.776961 1.102075 5.776961 0 6.189601 0 4.951681 1.102075 5.776961 0 4.951681 1.102075 4.951681 1.102075 4.951681 0 4.951681 1.102075 4.1264 1.102075 4.951681 1.102075 4.1264 2.20415 4.1264 2.20415 4.1264 1.102075 4.1264 2.20415 3.30112 2.20415 4.1264 2.20415 3.30112 3.306225 3.30112 3.306225 3.30112 2.20415 3.30112 3.306225 2.47584 3.306225 3.30112 3.306225 2.47584 4.4083 2.47584 4.4083 2.47584 3.306225 2.47584 4.4083 1.650559 4.4083 2.47584 4.4083 1.650559 5.510375 1.650559 5.510375 1.650559 4.4083 1.650559 5.510375 1.23792 5.510375 1.650559 5.510375 1.23792 6.61245 1.23792 6.61245 1.23792 5.510375 1.23792 6.61245 0.825278 6.61245 1.23792 6.61245 0.825278 7.852293 0.825278 7.852293 0.825278 6.61245 0.825278 7.852293 0.412638 7.852293 0.825278 7.852293 0.412638 9.092138 0.412638 9.092138 0.412638 7.852293 0.412638 8.8166 -10e-7 9.092138 0.412638 8.8166 -10e-7 10.58839 10e-7 0 4.951681 0 3.713761 1.102075 4.1264 1.102075 4.1264 0 3.713761 1.102075 3.30112 1.102075 4.1264 1.102075 3.30112 2.20415 3.30112 2.20415 3.30112 1.102075 3.30112 2.20415 2.47584 2.20415 3.30112 2.20415 2.47584 3.306225 2.47584 3.306225 2.47584 2.20415 2.47584 3.306225 1.650559 3.306225 2.47584 3.306225 1.650559 4.4083 1.650559 4.4083 1.650559 3.306225 1.650559 4.4083 1.23792 4.4083 1.650559 4.4083 1.23792 5.510375 1.23792 5.510375 1.23792 4.4083 1.23792 5.510375 0.825278 5.510375 1.23792 5.510375 0.825278 6.61245 0.825278 6.61245 0.825278 5.510375 0.825278 6.61245 0.412638 6.61245 0.825278 6.61245 0.412638 7.852293 0.412638 7.852293 0.412638 6.61245 0.412638 7.05328 0 7.852293 0.412638 7.05328 0 8.8166 -10e-7 0 3.713761 0 2.47584 1.102075 3.30112 1.102075 3.30112 0 2.47584 1.102075 2.47584 1.102075 3.30112 1.102075 2.47584 2.20415 2.47584 2.20415 2.47584 1.102075 2.47584 2.20415 1.650559 2.20415 2.47584 2.20415 1.650559 3.306225 1.650559 3.306225 1.650559 2.20415 1.650559 3.306225 1.23792 3.306225 1.650559 3.306225 1.23792 4.4083 1.23792 4.4083 1.23792 3.306225 1.23792 4.4083 0.825278 4.4083 1.23792 4.4083 0.825278 5.510375 0.825278 5.510375 0.825278 4.4083 0.825278 5.510375 0.412638 5.510375 0.825278 5.510375 0.412638 6.61245 0.412638 6.61245 0.412638 5.510375 0.412638 5.289958 0 6.61245 0.412638 5.289958 0 7.05328 0 1.102075 2.47584 0 2.47584 1.102075 1.650559 1.102075 1.650559 0 2.47584 0 1.23792 1.102075 1.650559 0 1.23792 1.102075 1.23792 1.102075 1.23792 0 1.23792 1.102075 0.825278 1.102075 1.23792 1.102075 0.825278 2.20415 0.825278 2.20415 0.825278 1.102075 0.825278 2.20415 0.412638 2.20415 0.825278 2.20415 0.412638 3.306225 0.412638 3.306225 0.412638 2.20415 0.412638 3.526639 0 3.306225 0.412638 3.526639 0 4.4083 0.412638 4.4083 0.412638 3.526639 0 5.289958 0 4.4083 0.412638 5.289958 0 5.510375 0.412638 0 1.23792 0 0 1.102075 0.825278 1.102075 0.825278 0 0 1.102075 0.412638 1.102075 0.825278 1.102075 0.412638 2.20415 0.412638 2.20415 0.412638 1.102075 0.412638 1.763318 0 2.20415 0.412638 1.763318 0 3.526639 0 0 0 1.763318 0 1.102075 0.412638 12.36017 0 11.57182 0.412638 10.58839 10e-7 10.58839 10e-7 11.57182 0.412638 10.33198 0.412638 10.58839 10e-7 10.33198 0.412638 9.092138 0.412638 9.092138 0.412638 10.33198 0.412638 9.092138 0.825278 9.092138 0.412638 9.092138 0.825278 7.852293 0.825278 7.852293 0.825278 9.092138 0.825278 7.852293 1.23792 7.852293 0.825278 7.852293 1.23792 6.61245 1.23792 6.61245 1.23792 7.852293 1.23792 6.61245 1.650559 6.61245 1.23792 6.61245 1.650559 5.510375 1.650559 5.510375 1.650559 6.61245 1.650559 5.510375 2.47584 5.510375 1.650559 5.510375 2.47584 4.4083 2.47584 4.4083 2.47584 5.510375 2.47584 4.4083 3.30112 4.4083 2.47584 4.4083 3.30112 3.306225 3.30112 3.306225 3.30112 4.4083 3.30112 3.306225 4.1264 3.306225 3.30112 3.306225 4.1264 2.20415 4.1264 2.20415 4.1264 3.306225 4.1264 2.20415 4.951681 2.20415 4.1264 2.20415 4.951681 1.102075 4.951681 1.102075 4.951681 2.20415 4.951681 1.102075 5.776961 11.57182 0.412638 12.36017 0 12.81167 0.412638 12.81167 0.412638 12.36017 0 14.13196 0 15.29136 0.412638 16.5312 0.412638 15.29136 0.825278 15.29136 0.825278 16.5312 0.412638 16.5312 0.825278 15.29136 0.825278 16.5312 0.825278 15.29136 1.23792 14.05151 0.412638 15.29136 0.412638 14.05151 0.825278 14.05151 0.825278 15.29136 0.412638 15.29136 0.825278 14.05151 0.825278 15.29136 0.825278 14.05151 1.23792 14.05151 1.23792 15.29136 0.825278 15.29136 1.23792 14.05151 1.23792 15.29136 1.23792 14.05151 1.650559 12.81167 0.412638 11.57182 0.825278 11.57182 0.412638 11.57182 0.412638 11.57182 0.825278 10.33198 0.825278 11.57182 0.412638 10.33198 0.825278 10.33198 0.412638 10.33198 0.412638 10.33198 0.825278 9.092138 0.825278 5.510375 0.412638 4.4083 0.825278 4.4083 0.412638 4.4083 0.412638 4.4083 0.825278 3.306225 0.825278 4.4083 0.412638 3.306225 0.825278 3.306225 0.412638 3.306225 0.412638 3.306225 0.825278 2.20415 0.825278 16.5312 1.23792 16.5312 1.650559 15.29136 1.650559 15.29136 1.650559 16.5312 1.650559 15.29136 2.47584 15.29136 1.650559 15.29136 2.47584 14.05151 2.47584 14.05151 2.47584 15.29136 2.47584 14.05151 3.30112 14.05151 2.47584 14.05151 3.30112 12.81167 3.30112 12.81167 3.30112 14.05151 3.30112 12.81167 4.1264 12.81167 3.30112 12.81167 4.1264 11.57182 4.1264 11.57182 4.1264 12.81167 4.1264 11.57182 4.951681 11.57182 4.1264 11.57182 4.951681 10.33198 4.951681 10.33198 4.951681 11.57182 4.951681 10.33198 5.776961 10.33198 4.951681 10.33198 5.776961 9.092138 5.776961 9.092138 5.776961 10.33198 5.776961 9.092138 6.602241 9.092138 5.776961 9.092138 6.602241 7.852293 6.602241 7.852293 6.602241 9.092138 6.602241 7.852293 7.427521 7.852293 6.602241 7.852293 7.427521 6.61245 7.427521 6.61245 7.427521 7.852293 7.427521 6.61245 8.252803 6.61245 7.427521 6.61245 8.252803 5.510375 8.252803 5.510375 8.252803 6.61245 8.252803 5.510375 9.078084 5.510375 8.252803 5.510375 9.078084 4.4083 9.078084 14.05151 1.650559 12.81167 1.650559 14.05151 1.23792 14.05151 1.23792 12.81167 1.650559 12.81167 1.23792 14.05151 1.23792 12.81167 1.23792 14.05151 0.825278 14.05151 0.825278 12.81167 1.23792 12.81167 0.825278 14.05151 0.825278 12.81167 0.825278 14.05151 0.412638 12.81167 1.650559 11.57182 1.650559 12.81167 1.23792 12.81167 1.23792 11.57182 1.650559 11.57182 1.23792 12.81167 1.23792 11.57182 1.23792 12.81167 0.825278 14.05151 1.650559 12.81167 2.47584 12.81167 1.650559 12.81167 1.650559 12.81167 2.47584 11.57182 2.47584 12.81167 1.650559 11.57182 2.47584 11.57182 1.650559 11.57182 1.650559 11.57182 2.47584 10.33198 2.47584 11.57182 1.650559 10.33198 2.47584 10.33198 1.650559 10.33198 1.650559 10.33198 2.47584 9.092138 2.47584 11.57182 1.650559 10.33198 1.650559 11.57182 1.23792 9.092138 1.650559 7.852293 1.650559 9.092138 1.23792 9.092138 1.23792 7.852293 1.650559 7.852293 1.23792 9.092138 1.23792 7.852293 1.23792 9.092138 0.825278 7.852293 1.23792 7.852293 1.650559 6.61245 1.650559 6.61245 1.650559 7.852293 1.650559 6.61245 2.47584 6.61245 1.650559 6.61245 2.47584 5.510375 2.47584 5.510375 2.47584 6.61245 2.47584 5.510375 3.30112 5.510375 2.47584 5.510375 3.30112 4.4083 3.30112 4.4083 3.30112 5.510375 3.30112 4.4083 4.1264 4.4083 3.30112 4.4083 4.1264 3.306225 4.1264 3.306225 4.1264 4.4083 4.1264 3.306225 4.951681 3.306225 4.1264 3.306225 4.951681 2.20415 4.951681 2.20415 4.951681 3.306225 4.951681 2.20415 5.776961 2.20415 4.951681 2.20415 5.776961 1.102075 5.776961 1.102075 5.776961 2.20415 5.776961 1.102075 6.602241 6.61245 2.47584 7.852293 1.650559 7.852293 2.47584 7.852293 2.47584 7.852293 1.650559 9.092138 1.650559 2.20415 1.650559 1.102075 1.650559 2.20415 1.23792 2.20415 1.23792 1.102075 1.650559 1.102075 1.23792 2.20415 1.23792 1.102075 1.23792 2.20415 0.825278 1.102075 1.650559 2.20415 1.650559 1.102075 2.47584 2.20415 1.650559 2.20415 1.23792 3.306225 1.23792 3.306225 1.23792 2.20415 1.23792 3.306225 0.825278 3.306225 1.23792 3.306225 0.825278 4.4083 0.825278 3.306225 0.825278 2.20415 1.23792 2.20415 0.825278 9.092138 1.650559 9.092138 1.23792 10.33198 1.23792 10.33198 1.23792 9.092138 1.23792 10.33198 0.825278 10.33198 1.23792 10.33198 0.825278 11.57182 0.825278 10.33198 0.825278 9.092138 1.23792 9.092138 0.825278 11.57182 2.47584 12.81167 2.47584 11.57182 3.30112 10.33198 2.47584 11.57182 2.47584 10.33198 3.30112 10.33198 3.30112 11.57182 2.47584 11.57182 3.30112 10.33198 3.30112 11.57182 3.30112 10.33198 4.1264 9.092138 2.47584 10.33198 2.47584 9.092138 3.30112 9.092138 3.30112 10.33198 2.47584 10.33198 3.30112 9.092138 3.30112 10.33198 3.30112 9.092138 4.1264 9.092138 4.1264 10.33198 3.30112 10.33198 4.1264 9.092138 4.1264 10.33198 4.1264 9.092138 4.951681 9.092138 2.47584 9.092138 3.30112 7.852293 3.30112 7.852293 3.30112 9.092138 3.30112 7.852293 4.1264 7.852293 3.30112 7.852293 4.1264 6.61245 4.1264 6.61245 4.1264 7.852293 4.1264 6.61245 4.951681 6.61245 4.1264 6.61245 4.951681 5.510375 4.951681 5.510375 4.951681 6.61245 4.951681 5.510375 5.776961 5.510375 4.951681 5.510375 5.776961 4.4083 5.776961 4.4083 5.776961 5.510375 5.776961 4.4083 6.602241 4.4083 5.776961 4.4083 6.602241 3.306225 6.602241 3.306225 6.602241 4.4083 6.602241 3.306225 7.427521 3.306225 6.602241 3.306225 7.427521 2.20415 7.427521 2.20415 7.427521 3.306225 7.427521 2.20415 8.252803 2.20415 7.427521 2.20415 8.252803 1.102075 8.252803 1.102075 8.252803 2.20415 8.252803 1.102075 9.078084 7.852293 4.1264 9.092138 3.30112 9.092138 4.1264 6.61245 2.47584 7.852293 2.47584 6.61245 3.30112 6.61245 2.47584 6.61245 3.30112 5.510375 3.30112 5.510375 3.30112 6.61245 3.30112 5.510375 4.1264 5.510375 3.30112 5.510375 4.1264 4.4083 4.1264 4.4083 4.1264 5.510375 4.1264 4.4083 4.951681 4.4083 4.1264 4.4083 4.951681 3.306225 4.951681 3.306225 4.951681 4.4083 4.951681 3.306225 5.776961 3.306225 4.951681 3.306225 5.776961 2.20415 5.776961 2.20415 5.776961 3.306225 5.776961 2.20415 6.602241 2.20415 5.776961 2.20415 6.602241 1.102075 6.602241 1.102075 6.602241 2.20415 6.602241 1.102075 7.427521 15.29136 5.776961 14.05151 5.776961 15.29136 4.951681 15.29136 4.951681 14.05151 5.776961 14.05151 4.951681 15.29136 4.951681 14.05151 4.951681 15.29136 4.1264 14.05151 4.951681 14.05151 5.776961 12.81167 5.776961 12.81167 5.776961 14.05151 5.776961 12.81167 6.602241 12.81167 5.776961 12.81167 6.602241 11.57182 6.602241 11.57182 6.602241 12.81167 6.602241 11.57182 7.427521 11.57182 6.602241 11.57182 7.427521 10.33198 7.427521 10.33198 7.427521 11.57182 7.427521 10.33198 8.252803 10.33198 7.427521 10.33198 8.252803 9.092138 8.252803 9.092138 8.252803 10.33198 8.252803 9.092138 9.078084 9.092138 8.252803 9.092138 9.078084 7.852293 9.078084 12.81167 6.602241 14.05151 5.776961 14.05151 6.602241 14.05151 6.602241 14.05151 5.776961 15.29136 5.776961 7.852293 5.776961 6.61245 5.776961 7.852293 4.951681 7.852293 4.951681 6.61245 5.776961 6.61245 4.951681 7.852293 4.951681 6.61245 4.951681 7.852293 4.1264 6.61245 4.951681 6.61245 5.776961 5.510375 5.776961 5.510375 5.776961 6.61245 5.776961 5.510375 6.602241 5.510375 5.776961 5.510375 6.602241 4.4083 6.602241 4.4083 6.602241 5.510375 6.602241 4.4083 7.427521 4.4083 6.602241 4.4083 7.427521 3.306225 7.427521 3.306225 7.427521 4.4083 7.427521 3.306225 8.252803 3.306225 7.427521 3.306225 8.252803 2.20415 8.252803 2.20415 8.252803 3.306225 8.252803 2.20415 9.078084 2.20415 8.252803 2.20415 9.078084 1.102075 9.078084 5.510375 6.602241 6.61245 5.776961 6.61245 6.602241 6.61245 6.602241 6.61245 5.776961 7.852293 5.776961 9.092138 4.1264 9.092138 4.951681 7.852293 4.951681 7.852293 4.951681 9.092138 4.951681 7.852293 5.776961 9.092138 4.1264 7.852293 4.951681 7.852293 4.1264 16.5312 4.1264 16.5312 4.951681 15.29136 4.951681 15.29136 4.951681 16.5312 4.951681 15.29136 5.776961 16.5312 4.1264 15.29136 4.951681 15.29136 4.1264 11.57182 7.427521 12.81167 6.602241 12.81167 7.427521 12.81167 7.427521 12.81167 6.602241 14.05151 6.602241 4.4083 7.427521 5.510375 6.602241 5.510375 7.427521 5.510375 7.427521 5.510375 6.602241 6.61245 6.602241 11.57182 7.427521 12.81167 7.427521 11.57182 8.252803 11.57182 7.427521 11.57182 8.252803 10.33198 8.252803 10.33198 8.252803 11.57182 8.252803 10.33198 9.078084 10.33198 8.252803 10.33198 9.078084 9.092138 9.078084 4.4083 7.427521 5.510375 7.427521 4.4083 8.252803 4.4083 7.427521 4.4083 8.252803 3.306225 8.252803 3.306225 8.252803 4.4083 8.252803 3.306225 9.078084 3.306225 8.252803 3.306225 9.078084 2.20415 9.078084 16.5312 3.30112 16.5312 4.1264 15.29136 4.1264 19.39652 9.903365 17.6332 9.903362 18.73528 9.284401 18.73528 9.284401 17.6332 9.903362 17.6332 9.284402 18.73528 9.284401 17.6332 9.284402 17.6332 8.665442 17.6332 7.427521 18.73528 7.427521 17.6332 8.665442 17.6332 8.665442 18.73528 7.427521 18.73528 8.665442 17.6332 8.665442 18.73528 8.665442 18.73528 9.284401 18.73528 9.284401 18.73528 8.665442 19.83735 9.284401 18.73528 9.284401 19.83735 9.284401 19.39652 9.903365 19.39652 9.903365 19.83735 9.284401 21.15984 9.903361 21.15984 9.903361 19.83735 9.284401 20.93943 9.284401 21.15984 9.903361 20.93943 9.284401 22.0415 9.284401 22.0415 9.284401 20.93943 9.284401 20.93943 8.665442 22.0415 9.284401 20.93943 8.665442 22.0415 8.665442 22.0415 8.665442 20.93943 8.665442 22.0415 7.427521 22.0415 8.665442 22.0415 7.427521 23.14357 7.427521 23.14357 7.427521 22.0415 7.427521 23.14357 6.189601 23.14357 7.427521 23.14357 6.189601 24.24565 6.189601 24.24565 6.189601 23.14357 6.189601 24.24565 4.951681 24.24565 6.189601 24.24565 4.951681 25.48549 4.951681 25.48549 4.951681 24.24565 4.951681 25.48549 3.713748 25.48549 4.951681 25.48549 3.713748 26.72533 3.713749 26.72533 3.713749 25.48549 3.713748 26.72533 2.47584 26.72533 3.713749 26.72533 2.47584 27.96516 2.47584 27.96516 2.47584 26.72533 2.47584 27.96516 1.856868 27.96516 2.47584 27.96516 1.856868 29.205 1.856868 29.205 1.856868 27.96516 1.856868 29.205 1.23792 29.205 1.856868 29.205 1.23792 30.44484 1.23792 30.44484 1.23792 29.205 1.23792 29.97644 0 30.44484 1.23792 29.97644 0 31.73976 0 18.73528 7.427521 17.6332 7.427521 18.73528 6.189601 18.73528 6.189601 17.6332 7.427521 17.6332 6.189601 18.73528 6.189601 17.6332 6.189601 18.73528 4.951681 18.73528 4.951681 17.6332 6.189601 17.6332 4.951681 18.73528 4.951681 17.6332 4.951681 18.73528 3.713739 18.73528 3.713739 17.6332 4.951681 17.6332 2.47584 18.73528 3.713739 17.6332 2.47584 18.73528 2.47584 18.73528 2.47584 17.6332 2.47584 18.73528 1.856868 18.73528 2.47584 18.73528 1.856868 19.83735 1.856868 19.83735 1.856868 18.73528 1.856868 19.83735 1.23792 19.83735 1.856868 19.83735 1.23792 20.93943 1.23792 20.93943 1.23792 19.83735 1.23792 21.13444 0 20.93943 1.23792 21.13444 0 22.0415 1.23792 22.0415 1.23792 21.13444 0 22.90622 0 22.0415 1.23792 22.90622 0 23.14357 1.23792 23.14357 1.23792 22.90622 0 24.24565 1.23792 23.14357 1.23792 24.24565 1.23792 23.14357 1.856868 23.14357 1.856868 24.24565 1.23792 24.24565 1.856868 23.14357 1.856868 24.24565 1.856868 23.14357 2.47584 23.14357 2.47584 24.24565 1.856868 24.24565 2.47584 23.14357 2.47584 24.24565 2.47584 23.14357 3.713745 23.14357 3.713745 24.24565 2.47584 24.24565 3.713746 23.14357 3.713745 24.24565 3.713746 23.14357 4.951681 23.14357 4.951681 24.24565 3.713746 24.24565 4.951681 23.14357 4.951681 24.24565 4.951681 23.14357 6.189601 17.6332 2.47584 17.6332 1.23792 18.73528 1.856868 18.73528 1.856868 17.6332 1.23792 18.73528 1.23792 18.73528 1.856868 18.73528 1.23792 19.83735 1.23792 19.83735 1.23792 18.73528 1.23792 19.36265 0 19.83735 1.23792 19.36265 0 21.13444 0 17.6332 0 18.20968 -2e-6 17.6332 1.23792 17.6332 1.23792 18.20968 -2e-6 18.73528 1.23792 18.20968 -2e-6 18.78617 10e-7 18.73528 1.23792 18.73528 1.23792 18.78617 10e-7 19.36265 0 22.90622 0 24.67801 10e-7 24.24565 1.23792 24.24565 1.23792 24.67801 10e-7 25.48549 1.23792 24.24565 1.23792 25.48549 1.23792 24.24565 1.856868 24.24565 1.856868 25.48549 1.23792 25.48549 1.856868 24.24565 1.856868 25.48549 1.856868 24.24565 2.47584 24.24565 2.47584 25.48549 1.856868 25.48549 2.47584 24.24565 2.47584 25.48549 2.47584 24.24565 3.713746 24.24565 3.713746 25.48549 2.47584 25.48549 3.713748 24.24565 3.713746 25.48549 3.713748 24.24565 4.951681 24.67801 10e-7 26.4498 -10e-7 25.48549 1.23792 25.48549 1.23792 26.4498 -10e-7 26.72533 1.23792 25.48549 1.23792 26.72533 1.23792 25.48549 1.856868 25.48549 1.856868 26.72533 1.23792 26.72533 1.856868 25.48549 1.856868 26.72533 1.856868 25.48549 2.47584 25.48549 2.47584 26.72533 1.856868 26.72533 2.47584 25.48549 2.47584 26.72533 2.47584 25.48549 3.713748 26.4498 -10e-7 28.21312 0 26.72533 1.23792 26.72533 1.23792 28.21312 0 27.96516 1.23792 26.72533 1.23792 27.96516 1.23792 26.72533 1.856868 26.72533 1.856868 27.96516 1.23792 27.96516 1.856868 26.72533 1.856868 27.96516 1.856868 26.72533 2.47584 27.96516 1.23792 28.21312 0 29.205 1.23792 29.205 1.23792 28.21312 0 29.97644 0 33.50308 0 32.92452 1.23792 31.73976 0 31.73976 0 32.92452 1.23792 31.68468 1.23792 31.73976 0 31.68468 1.23792 30.44484 1.23792 30.44484 1.23792 31.68468 1.23792 30.44484 1.856868 30.44484 1.23792 30.44484 1.856868 29.205 1.856868 29.205 1.856868 30.44484 1.856868 29.205 2.47584 29.205 1.856868 29.205 2.47584 27.96516 2.47584 27.96516 2.47584 29.205 2.47584 27.96516 3.713751 27.96516 2.47584 27.96516 3.713751 26.72533 3.713749 26.72533 3.713749 27.96516 3.713751 26.72533 4.951681 26.72533 3.713749 26.72533 4.951681 25.48549 4.951681 25.48549 4.951681 26.72533 4.951681 25.48549 6.189601 25.48549 4.951681 25.48549 6.189601 24.24565 6.189601 24.24565 6.189601 25.48549 6.189601 24.24565 7.427521 24.24565 6.189601 24.24565 7.427521 23.14357 7.427521 23.14357 7.427521 24.24565 7.427521 23.14357 8.665442 23.14357 7.427521 23.14357 8.665442 22.0415 8.665442 22.0415 8.665442 23.14357 8.665442 23.14357 9.284401 22.0415 8.665442 23.14357 9.284401 22.0415 9.284401 22.0415 9.284401 23.14357 9.284401 22.92316 9.903362 22.0415 9.284401 22.92316 9.903362 21.15984 9.903361 32.92452 1.23792 33.50308 0 34.16436 1.23792 34.16436 1.23792 33.50308 0 35.2664 0 34.16436 1.23792 35.2664 0 35.2664 1.23792 34.16436 1.23792 35.2664 1.23792 34.16436 1.856868 34.16436 1.856868 35.2664 1.23792 35.2664 2.47584 34.16436 1.856868 35.2664 2.47584 34.16436 2.47584 34.16436 2.47584 35.2664 2.47584 34.16436 3.713759 34.16436 2.47584 34.16436 3.713759 32.92452 3.713758 32.92452 3.713758 34.16436 3.713759 32.92452 4.951681 32.92452 3.713758 32.92452 4.951681 31.68468 4.951681 31.68468 4.951681 32.92452 4.951681 31.68468 6.189601 31.68468 4.951681 31.68468 6.189601 30.44484 6.189601 30.44484 6.189601 31.68468 6.189601 30.44484 7.427521 30.44484 6.189601 30.44484 7.427521 29.205 7.427521 29.205 7.427521 30.44484 7.427521 29.205 8.665442 29.205 7.427521 29.205 8.665442 27.96516 8.665442 27.96516 8.665442 29.205 8.665442 29.205 9.284401 27.96516 8.665442 29.205 9.284401 27.96516 9.284401 27.96516 9.284401 29.205 9.284401 28.21312 9.903363 27.96516 9.284401 28.21312 9.903363 26.4498 9.903361 35.2664 2.47584 35.2664 3.713761 34.16436 3.713759 34.16436 3.713759 35.2664 3.713761 34.16436 4.951681 34.16436 3.713759 34.16436 4.951681 32.92452 4.951681 32.92452 4.951681 34.16436 4.951681 32.92452 6.189601 32.92452 4.951681 32.92452 6.189601 31.68468 6.189601 31.68468 6.189601 32.92452 6.189601 31.68468 7.427521 31.68468 6.189601 31.68468 7.427521 30.44484 7.427521 30.44484 7.427521 31.68468 7.427521 30.44484 8.665442 30.44484 7.427521 30.44484 8.665442 29.205 8.665442 29.205 8.665442 30.44484 8.665442 30.44484 9.284401 29.205 8.665442 30.44484 9.284401 29.205 9.284401 29.205 9.284401 30.44484 9.284401 29.97644 9.903362 29.205 9.284401 29.97644 9.903362 28.21312 9.903363 35.2664 3.713761 35.2664 4.951681 34.16436 4.951681 34.16436 4.951681 35.2664 4.951681 34.16436 6.189601 34.16436 4.951681 34.16436 6.189601 32.92452 6.189601 32.92452 6.189601 34.16436 6.189601 32.92452 7.427521 32.92452 6.189601 32.92452 7.427521 31.68468 7.427521 31.68468 7.427521 32.92452 7.427521 31.68468 8.665442 31.68468 7.427521 31.68468 8.665442 30.44484 8.665442 30.44484 8.665442 31.68468 8.665442 31.68468 9.284401 30.44484 8.665442 31.68468 9.284401 30.44484 9.284401 30.44484 9.284401 31.68468 9.284401 31.73976 9.903362 30.44484 9.284401 31.73976 9.903362 29.97644 9.903362 35.2664 4.951681 35.2664 6.189601 34.16436 6.189601 34.16436 6.189601 35.2664 6.189601 34.16436 7.427521 34.16436 6.189601 34.16436 7.427521 32.92452 7.427521 32.92452 7.427521 34.16436 7.427521 32.92452 8.665442 32.92452 7.427521 32.92452 8.665442 31.68468 8.665442 31.68468 8.665442 32.92452 8.665442 32.92452 9.284401 31.68468 8.665442 32.92452 9.284401 31.68468 9.284401 31.68468 9.284401 32.92452 9.284401 31.73976 9.903362 35.2664 6.189601 35.2664 7.427521 34.16436 7.427521 34.16436 7.427521 35.2664 7.427521 34.16436 8.665442 34.16436 7.427521 34.16436 8.665442 32.92452 8.665442 32.92452 8.665442 34.16436 8.665442 34.16436 9.284401 32.92452 8.665442 34.16436 9.284401 32.92452 9.284401 32.92452 9.284401 34.16436 9.284401 33.50308 9.903362 32.92452 9.284401 33.50308 9.903362 31.73976 9.903362 35.2664 7.427521 35.2664 8.665442 34.16436 8.665442 34.16436 8.665442 35.2664 8.665442 34.16436 9.284401 35.2664 8.665442 35.2664 9.903362 34.16436 9.284401 34.16436 9.284401 35.2664 9.903362 33.50308 9.903362 24.68648 9.903363 25.48549 9.284401 26.4498 9.903361 26.4498 9.903361 25.48549 9.284401 26.72533 9.284401 26.4498 9.903361 26.72533 9.284401 27.96516 9.284401 27.96516 9.284401 26.72533 9.284401 26.72533 8.665442 27.96516 9.284401 26.72533 8.665442 27.96516 8.665442 27.96516 8.665442 26.72533 8.665442 27.96516 7.427521 27.96516 8.665442 27.96516 7.427521 29.205 7.427521 29.205 7.427521 27.96516 7.427521 29.205 6.189601 29.205 7.427521 29.205 6.189601 30.44484 6.189601 30.44484 6.189601 29.205 6.189601 30.44484 4.951681 30.44484 6.189601 30.44484 4.951681 31.68468 4.951681 31.68468 4.951681 30.44484 4.951681 31.68468 3.713756 31.68468 4.951681 31.68468 3.713756 32.92452 3.713758 32.92452 3.713758 31.68468 3.713756 32.92452 2.47584 32.92452 3.713758 32.92452 2.47584 34.16436 2.47584 34.16436 2.47584 32.92452 2.47584 34.16436 1.856868 25.48549 9.284401 24.68648 9.903363 24.24565 9.284401 24.24565 9.284401 24.68648 9.903363 22.92316 9.903362 24.24565 9.284401 22.92316 9.903362 23.14357 9.284401 20.93943 9.284401 19.83735 9.284401 19.83735 8.665442 19.83735 8.665442 19.83735 9.284401 18.73528 8.665442 19.83735 8.665442 18.73528 8.665442 19.83735 7.427521 19.83735 7.427521 18.73528 8.665442 18.73528 7.427521 19.83735 7.427521 18.73528 7.427521 19.83735 6.189601 19.83735 6.189601 18.73528 7.427521 18.73528 6.189601 19.83735 6.189601 18.73528 6.189601 19.83735 4.951681 19.83735 4.951681 18.73528 6.189601 18.73528 4.951681 19.83735 4.951681 18.73528 4.951681 19.83735 3.71374 19.83735 3.71374 18.73528 4.951681 18.73528 3.713739 19.83735 3.71374 18.73528 3.713739 19.83735 2.47584 19.83735 2.47584 18.73528 3.713739 18.73528 2.47584 19.83735 2.47584 18.73528 2.47584 19.83735 1.856868 23.14357 9.284401 23.14357 8.665442 24.24565 9.284401 24.24565 9.284401 23.14357 8.665442 24.24565 8.665442 24.24565 9.284401 24.24565 8.665442 25.48549 9.284401 25.48549 9.284401 24.24565 8.665442 25.48549 8.665442 25.48549 9.284401 25.48549 8.665442 26.72533 9.284401 26.72533 9.284401 25.48549 8.665442 26.72533 8.665442 20.93943 9.284401 19.83735 8.665442 20.93943 8.665442 20.93943 8.665442 19.83735 8.665442 20.93943 7.427521 20.93943 8.665442 20.93943 7.427521 22.0415 7.427521 22.0415 7.427521 20.93943 7.427521 22.0415 6.189601 22.0415 7.427521 22.0415 6.189601 23.14357 6.189601 23.14357 6.189601 22.0415 6.189601 23.14357 4.951681 20.93943 7.427521 19.83735 8.665442 19.83735 7.427521 23.14357 8.665442 24.24565 7.427521 24.24565 8.665442 24.24565 8.665442 24.24565 7.427521 25.48549 7.427521 24.24565 8.665442 25.48549 7.427521 25.48549 8.665442 25.48549 8.665442 25.48549 7.427521 26.72533 7.427521 25.48549 8.665442 26.72533 7.427521 26.72533 8.665442 26.72533 8.665442 26.72533 7.427521 27.96516 7.427521 20.93943 7.427521 19.83735 7.427521 20.93943 6.189601 20.93943 6.189601 19.83735 7.427521 19.83735 6.189601 20.93943 6.189601 19.83735 6.189601 20.93943 4.951681 20.93943 4.951681 19.83735 6.189601 19.83735 4.951681 20.93943 4.951681 19.83735 4.951681 20.93943 3.713742 20.93943 3.713742 19.83735 4.951681 19.83735 3.71374 20.93943 3.713742 19.83735 3.71374 20.93943 2.47584 20.93943 2.47584 19.83735 3.71374 19.83735 2.47584 20.93943 2.47584 19.83735 2.47584 20.93943 1.856868 20.93943 1.856868 19.83735 2.47584 19.83735 1.856868 20.93943 1.856868 19.83735 1.856868 20.93943 1.23792 24.24565 7.427521 25.48549 6.189601 25.48549 7.427521 25.48549 7.427521 25.48549 6.189601 26.72533 6.189601 25.48549 7.427521 26.72533 6.189601 26.72533 7.427521 26.72533 7.427521 26.72533 6.189601 27.96516 6.189601 26.72533 7.427521 27.96516 6.189601 27.96516 7.427521 27.96516 7.427521 27.96516 6.189601 29.205 6.189601 20.93943 7.427521 20.93943 6.189601 22.0415 6.189601 22.0415 6.189601 20.93943 6.189601 22.0415 4.951681 22.0415 6.189601 22.0415 4.951681 23.14357 4.951681 23.14357 4.951681 22.0415 4.951681 23.14357 3.713745 22.0415 4.951681 20.93943 6.189601 20.93943 4.951681 25.48549 6.189601 26.72533 4.951681 26.72533 6.189601 26.72533 6.189601 26.72533 4.951681 27.96516 4.951681 26.72533 6.189601 27.96516 4.951681 27.96516 6.189601 27.96516 6.189601 27.96516 4.951681 29.205 4.951681 27.96516 6.189601 29.205 4.951681 29.205 6.189601 29.205 6.189601 29.205 4.951681 30.44484 4.951681 22.0415 4.951681 20.93943 4.951681 22.0415 3.713743 22.0415 3.713743 20.93943 4.951681 20.93943 3.713742 22.0415 3.713743 20.93943 3.713742 22.0415 2.47584 22.0415 2.47584 20.93943 3.713742 20.93943 2.47584 22.0415 2.47584 20.93943 2.47584 22.0415 1.856868 22.0415 1.856868 20.93943 2.47584 20.93943 1.856868 22.0415 1.856868 20.93943 1.856868 22.0415 1.23792 22.0415 1.23792 20.93943 1.856868 20.93943 1.23792 26.72533 4.951681 27.96516 3.713751 27.96516 4.951681 27.96516 4.951681 27.96516 3.713751 29.205 3.713753 27.96516 4.951681 29.205 3.713753 29.205 4.951681 29.205 4.951681 29.205 3.713753 30.44484 3.713754 29.205 4.951681 30.44484 3.713754 30.44484 4.951681 30.44484 4.951681 30.44484 3.713754 31.68468 3.713756 23.14357 2.47584 23.14357 3.713745 22.0415 3.713743 22.0415 3.713743 23.14357 3.713745 22.0415 4.951681 23.14357 2.47584 22.0415 3.713743 22.0415 2.47584 27.96516 3.713751 29.205 2.47584 29.205 3.713753 29.205 3.713753 29.205 2.47584 30.44484 2.47584 29.205 3.713753 30.44484 2.47584 30.44484 3.713754 30.44484 3.713754 30.44484 2.47584 31.68468 2.47584 30.44484 3.713754 31.68468 2.47584 31.68468 3.713756 31.68468 3.713756 31.68468 2.47584 32.92452 2.47584 23.14357 2.47584 22.0415 2.47584 23.14357 1.856868 23.14357 1.856868 22.0415 2.47584 22.0415 1.856868 23.14357 1.856868 22.0415 1.856868 23.14357 1.23792 23.14357 1.23792 22.0415 1.856868 22.0415 1.23792 29.205 1.23792 27.96516 1.856868 27.96516 1.23792 30.44484 2.47584 29.205 2.47584 30.44484 1.856868 31.68468 2.47584 30.44484 2.47584 31.68468 1.856868 31.68468 1.856868 30.44484 2.47584 30.44484 1.856868 31.68468 1.856868 30.44484 1.856868 31.68468 1.23792 32.92452 2.47584 31.68468 2.47584 32.92452 1.856868 32.92452 1.856868 31.68468 2.47584 31.68468 1.856868 32.92452 1.856868 31.68468 1.856868 32.92452 1.23792 32.92452 1.23792 31.68468 1.856868 31.68468 1.23792 34.16436 1.23792 34.16436 1.856868 32.92452 1.856868 32.92452 1.856868 34.16436 1.856868 32.92452 2.47584 34.16436 1.23792 32.92452 1.856868 32.92452 1.23792 -0.01499998 0 0.01499998 0 -0.01499998 1.319469 -0.01499998 1.319469 0.01499998 0 0.01499998 1.319469 -0.01499998 1.319469 0.01499998 1.319469 -0.01499998 2.638938 -0.01499998 2.638938 0.01499998 1.319469 0.01499998 2.638938 -0.01499998 2.638938 0.01499998 2.638938 -0.01499998 3.958407 -0.01499998 3.958407 0.01499998 2.638938 0.01499998 3.958407 -0.01499998 3.958407 0.01499998 3.958407 -0.01499998 5.277875 -0.01499998 5.277875 0.01499998 3.958407 0.01499998 5.277875 -0.01499998 5.277875 0.01499998 5.277875 -0.01499998 6.597344 -0.01499998 6.597344 0.01499998 5.277875 0.01499998 6.597344 -0.01499998 6.597344 0.01499998 6.597344 -0.01499998 7.916813 -0.01499998 7.916813 0.01499998 6.597344 0.01499998 7.916813 -0.01499998 7.916813 0.01499998 7.916813 -0.01499998 9.236283 -0.01499998 9.236283 0.01499998 7.916813 0.01499998 9.236283 -0.01499998 9.236283 0.01499998 9.236283 -0.01499998 10.55575 -0.01499998 10.55575 0.01499998 9.236283 0.01499998 10.55575 -0.01499998 10.55575 0.01499998 10.55575 -0.01499998 11.87522 -0.01499998 11.87522 0.01499998 10.55575 0.01499998 11.87522 -0.01499998 11.87522 0.01499998 11.87522 -0.01499998 13.19469 -0.01499998 13.19469 0.01499998 11.87522 0.01499998 13.19469 -0.01499998 -13.19469 0.01499998 -13.19469 -0.01499998 -11.87522 -0.01499998 -11.87522 0.01499998 -13.19469 0.01499998 -11.87522 -0.01499998 -11.87522 0.01499998 -11.87522 -0.01499998 -10.55575 -0.01499998 -10.55575 0.01499998 -11.87522 0.01499998 -10.55575 -0.01499998 -10.55575 0.01499998 -10.55575 -0.01499998 -9.236283 -0.01499998 -9.236283 0.01499998 -10.55575 0.01499998 -9.236283 -0.01499998 -9.236283 0.01499998 -9.236283 -0.01499998 -7.916813 -0.01499998 -7.916813 0.01499998 -9.236283 0.01499998 -7.916813 -0.01499998 -7.916813 0.01499998 -7.916813 -0.01499998 -6.597344 -0.01499998 -6.597344 0.01499998 -7.916813 0.01499998 -6.597344 -0.01499998 -6.597344 0.01499998 -6.597344 -0.01499998 -5.277875 -0.01499998 -5.277875 0.01499998 -6.597344 0.01499998 -5.277875 -0.01499998 -5.277875 0.01499998 -5.277875 -0.01499998 -3.958407 -0.01499998 -3.958407 0.01499998 -5.277875 0.01499998 -3.958407 -0.01499998 -3.958407 0.01499998 -3.958407 -0.01499998 -2.638938 -0.01499998 -2.638938 0.01499998 -3.958407 0.01499998 -2.638938 -0.01499998 -2.638938 0.01499998 -2.638938 -0.01499998 -1.319469 -0.01499998 -1.319469 0.01499998 -2.638938 0.01499998 -1.319469 -0.01499998 -1.319469 0.01499998 -1.319469 -0.01499998 0 -0.01499998 0 0.01499998 -1.319469 0.01499998 0 -0.125 0 0.125 0 -0.125 1.413717 -0.125 1.413717 0.125 0 0.125 1.413717 -0.125 1.413717 0.125 1.413717 -0.125 2.827433 -0.125 2.827433 0.125 1.413717 0.125 2.827433 -0.125 2.827433 0.125 2.827433 -0.125 4.24115 -0.125 4.24115 0.125 2.827433 0.125 4.24115 -0.125 4.24115 0.125 4.24115 -0.125 5.654867 -0.125 5.654867 0.125 4.24115 0.125 5.654867 -0.125 5.654867 0.125 5.654867 -0.125 7.068583 -0.125 7.068583 0.125 5.654867 0.125 7.068583 -0.125 7.068583 0.125 7.068583 -0.125 8.4823 -0.125 8.4823 0.125 7.068583 0.125 8.4823 -0.125 8.4823 0.125 8.4823 -0.125 9.896018 -0.125 9.896018 0.125 8.4823 0.125 9.896018 -0.125 9.896018 0.125 9.896018 -0.125 11.30973 -0.125 11.30973 0.125 9.896018 0.125 11.30973 -0.125 11.30973 0.125 11.30973 -0.125 12.72345 -0.125 12.72345 0.125 11.30973 0.125 12.72345 -0.125 12.72345 0.125 12.72345 -0.125 14.13717 -0.125 14.13717 0.125 12.72345 0.125 14.13717 0.125 -14.13717 0.125 -12.72345 -0.125 -14.13717 -0.125 -14.13717 0.125 -12.72345 -0.125 -12.71666 -0.125 -12.71666 0.125 -12.72345 0.125 -11.30973 -0.125 -12.71666 0.125 -11.30973 -0.125 -11.29616 -0.125 -11.29616 0.125 -11.30973 0.125 -9.896018 -0.125 -11.29616 0.125 -9.896018 -0.125 -9.875654 -0.125 -9.875654 0.125 -9.896018 0.125 -8.4823 -0.125 -9.875654 0.125 -8.4823 -0.125 -8.455148 -0.125 -8.455148 0.125 -8.4823 -0.125 -7.99296 -0.125 -7.99296 0.125 -8.4823 0.125 -7.068583 -0.125 -7.99296 0.125 -7.068583 -0.125 -7.530772 -0.125 -7.530772 0.125 -7.068583 -0.125 -7.068583 -0.125 -7.068583 0.125 -7.068583 -0.125 -6.606396 -0.125 -6.606396 0.125 -7.068583 -0.125 -6.144208 -0.125 -6.144208 0.125 -7.068583 0.125 -5.654867 -0.125 -6.144208 0.125 -5.654867 -0.125 -5.68202 -0.125 -5.68202 0.125 -5.654867 -0.125 -4.261515 -0.125 -4.261515 0.125 -5.654867 0.125 -4.24115 -0.125 -4.261515 0.125 -4.24115 -0.125 -2.84101 -0.125 -2.84101 0.125 -4.24115 0.125 -2.827433 -0.125 -2.84101 0.125 -2.827433 -0.125 -1.420505 -0.125 -1.420505 0.125 -2.827433 0.125 -1.413717 -0.125 -1.420505 0.125 -1.413717 -0.125 0 -0.125 0 0.125 -1.413717 0.125 0 -5.944577 -4.279754 -4.554 -4.5 -4.554 -4.2 -4.554 -4.2 -4.554 -4.5 -3.163424 -4.279755 -4.554 -4.2 -3.163424 -4.279755 -3.256129 -3.994437 -3.256129 -3.994437 -3.163424 -4.279755 -1.908967 -3.640577 -3.256129 -3.994437 -1.908967 -3.640577 -2.085302 -3.397871 -2.085302 -3.397871 -1.908967 -3.640577 -0.913424 -2.645034 -2.085302 -3.397871 -0.913424 -2.645034 -1.156129 -2.468698 -1.156129 -2.468698 -0.913424 -2.645034 -0.274246 -1.390577 -1.156129 -2.468698 -0.274246 -1.390577 -0.559563 -1.297871 -0.559563 -1.297871 -0.274246 -1.390577 -0.05399996 -10e-7 -0.559563 -1.297871 -0.05399996 -10e-7 -0.354 0 -0.354 0 -0.05399996 -10e-7 -0.559563 1.297871 -0.559563 1.297871 -0.05399996 -10e-7 -0.274246 1.390576 -0.559563 1.297871 -0.274246 1.390576 -1.156129 2.468698 -1.156129 2.468698 -0.274246 1.390576 -0.913423 2.645033 -1.156129 2.468698 -0.913423 2.645033 -2.085302 3.397871 -2.085302 3.397871 -0.913423 2.645033 -1.908966 3.640576 -2.085302 3.397871 -1.908966 3.640576 -3.256129 3.994437 -3.256129 3.994437 -1.908966 3.640576 -3.163423 4.279754 -3.256129 3.994437 -3.163423 4.279754 -4.554 4.2 -4.554 4.2 -3.163423 4.279754 -4.553999 4.5 -4.554 4.2 -4.553999 4.5 -5.944576 4.279755 -4.554 4.2 -5.944576 4.279755 -5.851871 3.994437 -5.851871 3.994437 -5.944576 4.279755 -7.199033 3.640577 -5.851871 3.994437 -7.199033 3.640577 -7.022698 3.397871 -7.022698 3.397871 -7.199033 3.640577 -8.194577 2.645034 -7.022698 3.397871 -8.194577 2.645034 -7.951871 2.468698 -7.951871 2.468698 -8.194577 2.645034 -8.833755 1.390577 -7.951871 2.468698 -8.833755 1.390577 -8.548438 1.297871 -8.548438 1.297871 -8.833755 1.390577 -9.054 10e-7 -8.548438 1.297871 -9.054 10e-7 -8.754 0 -8.754 0 -9.054 10e-7 -8.548438 -1.297871 -8.548438 -1.297871 -9.054 10e-7 -8.833755 -1.390576 -8.548438 -1.297871 -8.833755 -1.390576 -7.951871 -2.468698 -7.951871 -2.468698 -8.833755 -1.390576 -8.194578 -2.645033 -7.951871 -2.468698 -8.194578 -2.645033 -7.022698 -3.397871 -7.022698 -3.397871 -8.194578 -2.645033 -7.199034 -3.640576 -7.022698 -3.397871 -7.199034 -3.640576 -5.851871 -3.994437 -5.851871 -3.994437 -7.199034 -3.640576 -5.944577 -4.279754 -5.851871 -3.994437 -5.944577 -4.279754 -4.554 -4.2 0.335189 -1.699593 10.79681 -1.699593 0.06599998 0 0.06599998 0 10.79681 -1.699593 11.066 0 0.06599998 0 11.066 0 0.335189 1.699593 0.335189 1.699593 11.066 0 10.79681 1.699593 0.335189 1.699593 10.79681 1.699593 1.116407 3.232819 1.116407 3.232819 10.79681 1.699593 10.01559 3.232819 1.116407 3.232819 10.01559 3.232819 2.333181 4.449594 2.333181 4.449594 10.01559 3.232819 8.798819 4.449594 2.333181 4.449594 8.798819 4.449594 3.866406 5.230811 3.866406 5.230811 8.798819 4.449594 7.265594 5.230811 3.866406 5.230811 7.265594 5.230811 5.566 5.5 10.79681 -1.699593 0.335189 -1.699593 10.01559 -3.232819 10.01559 -3.232819 0.335189 -1.699593 1.116407 -3.232819 10.01559 -3.232819 1.116407 -3.232819 8.798819 -4.449594 8.798819 -4.449594 1.116407 -3.232819 2.333181 -4.449594 8.798819 -4.449594 2.333181 -4.449594 7.265594 -5.230811 7.265594 -5.230811 2.333181 -4.449594 3.866406 -5.230811 7.265594 -5.230811 3.866406 -5.230811 5.566 -5.5 0.1899999 0 -0.1899999 0 0.1899999 -1.727876 0.1899999 -1.727876 -0.1899999 0 -0.1899999 -1.727876 0.1899999 -1.727876 -0.1899999 -1.727876 0.1899999 -3.455752 0.1899999 -3.455752 -0.1899999 -1.727876 -0.1899999 -3.455752 0.1899999 -3.455752 -0.1899999 -3.455752 0.1899999 -5.183628 0.1899999 -5.183628 -0.1899999 -3.455752 -0.1899999 -5.183628 0.1899999 -5.183628 -0.1899999 -5.183628 0.1899999 -6.911504 0.1899999 -6.911504 -0.1899999 -5.183628 -0.1899999 -6.911504 0.1899999 -6.911504 -0.1899999 -6.911504 0.1899999 -8.639381 0.1899999 -8.639381 -0.1899999 -6.911504 -0.1899999 -8.639381 0.1899999 -8.639381 -0.1899999 -8.639381 0.1899999 -10.36726 0.1899999 -10.36726 -0.1899999 -8.639381 -0.1899999 -10.36726 0.1899999 -10.36726 -0.1899999 -10.36726 0.1899999 -12.09513 0.1899999 -12.09513 -0.1899999 -10.36726 -0.1899999 -12.09513 0.1899999 -12.09513 -0.1899999 -12.09513 -0.1899999 -13.82301 -0.1899999 -15.55088 0.1899999 -15.55088 -0.1899999 -13.82301 -0.1899999 -13.82301 0.1899999 -15.55088 0.1899999 -13.82301 -0.1899999 -13.82301 0.1899999 -13.82301 0.1899999 -12.09513 -0.1899999 -17.27876 0.1899999 -17.27876 -0.1899999 -15.55088 -0.1899999 -15.55088 0.1899999 -17.27876 0.1899999 -15.55088 -0.29 -18.22124 0.29 -18.22124 -0.29 -16.39911 -0.29 -16.39911 0.29 -18.22124 0.29 -16.39911 -0.29 -16.39911 0.29 -16.39911 -0.29 -14.57699 -0.29 -14.57699 0.29 -16.39911 0.29 -14.57699 -0.29 -14.57699 0.29 -14.57699 -0.29 -12.75487 -0.29 -12.75487 0.29 -14.57699 0.29 -12.75487 -0.29 -12.75487 0.29 -12.75487 -0.29 -10.93274 -0.29 -10.93274 0.29 -12.75487 0.29 -10.93274 -0.29 -10.93274 0.29 -10.93274 -0.29 -9.110619 -0.29 -9.110619 0.29 -10.93274 0.29 -9.110619 -0.29 -9.110619 0.29 -9.110619 -0.29 -7.288495 -0.29 -7.288495 0.29 -9.110619 0.29 -7.288495 -0.29 -7.288495 0.29 -7.288495 -0.29 -5.466371 -0.29 -5.466371 0.29 -7.288495 0.29 -5.466371 -0.29 -5.466371 0.29 -5.466371 -0.29 -3.644248 -0.29 -3.644248 0.29 -5.466371 0.29 -3.644248 -0.29 -3.644248 0.29 -3.644248 -0.29 -1.822124 -0.29 -1.822124 0.29 -3.644248 0.29 -1.822124 -0.29 -1.822124 0.29 -1.822124 -0.29 0 -0.29 0 0.29 -1.822124 0.29 0 -0.1899999 0 0.1899999 0 -0.1899999 1.727876 -0.1899999 1.727876 0.1899999 0 0.1899999 1.727876 -0.1899999 1.727876 0.1899999 1.727876 -0.1899999 3.455752 -0.1899999 3.455752 0.1899999 1.727876 0.1899999 3.455752 -0.1899999 3.455752 0.1899999 3.455752 -0.1899999 5.183628 -0.1899999 5.183628 0.1899999 3.455752 0.1899999 5.183628 -0.1899999 5.183628 0.1899999 5.183628 -0.1899999 6.911504 -0.1899999 6.911504 0.1899999 5.183628 0.1899999 6.911504 -0.1899999 6.911504 0.1899999 6.911504 -0.1899999 8.639381 -0.1899999 8.639381 0.1899999 6.911504 0.1899999 8.639381 -0.1899999 8.639381 0.1899999 8.639381 -0.1899999 10.36726 -0.1899999 10.36726 0.1899999 8.639381 0.1899999 10.36726 -0.1899999 10.36726 0.1899999 10.36726 -0.1899999 12.09513 -0.1899999 12.09513 0.1899999 10.36726 0.1899999 12.09513 -0.1899999 12.09513 0.1899999 12.09513 -0.1899999 13.82301 -0.1899999 13.82301 0.1899999 12.09513 0.1899999 13.82301 -0.1899999 13.82301 0.1899999 13.82301 -0.1899999 15.55088 -0.1899999 15.55088 0.1899999 13.82301 0.1899999 15.55088 -0.1899999 15.55088 0.1899999 15.55088 -0.1899999 17.27876 -0.1899999 17.27876 0.1899999 15.55088 0.1899999 17.27876 0.07499998 0.09913796 -0.07499998 0.09913796 0.07499998 0 0.07499998 0 -0.07499998 0.09913796 -0.07499998 0 0.14 9.210624 0.29 9.210624 -0.29 10.93274 -0.29 10.93274 0.29 9.210624 0.29 11.01275 -0.29 10.93274 0.29 11.01275 -0.29 12.75487 -0.29 12.75487 0.29 11.01275 0.29 12.81487 -0.29 12.75487 0.29 12.81487 -0.29 14.57699 -0.29 14.57699 0.29 12.81487 0.29 14.61699 -0.29 14.57699 0.29 14.61699 -0.29 16.39911 -0.29 16.39911 0.29 14.61699 0.29 16.41912 -0.29 16.39911 0.29 16.41912 -0.29 18.22124 -0.29 18.22124 0.29 16.41912 0.29 18.22124 0.14 9.210624 -0.29 10.93274 0.120777 9.208731 0.120777 9.208731 -0.29 10.93274 -0.29 9.110619 0.120777 9.208731 -0.29 9.110619 0.101731 9.203011 0.101731 9.203011 -0.29 9.110619 0.08421999 9.193587 0.08421999 9.193587 -0.29 9.110619 0.06928896 9.181331 0.06928896 9.181331 -0.29 9.110619 0.05703496 9.166399 0.05703496 9.166399 -0.29 9.110619 0.04761195 9.148888 0.04761195 9.148888 -0.29 9.110619 0.041893 9.129842 0.041893 9.129842 -0.29 9.110619 0.03999996 9.110619 0.03999996 9.110619 -0.29 9.110619 0.041893 9.091396 0.041893 9.091396 -0.29 9.110619 0.04761195 9.07235 0.04761195 9.07235 -0.29 9.110619 0.05703496 9.054839 0.05703496 9.054839 -0.29 9.110619 0.06928896 9.039907 0.06928896 9.039907 -0.29 9.110619 0.08421999 9.027651 0.08421999 9.027651 -0.29 9.110619 0.101731 9.018227 0.101731 9.018227 -0.29 9.110619 0.120777 9.012506 0.120777 9.012506 -0.29 9.110619 -0.29 7.288495 0.120777 9.012506 -0.29 7.288495 0.14 9.010614 0.14 9.010614 -0.29 7.288495 0.29 9.010614 0.29 9.010614 -0.29 7.288495 0.29 7.208491 0.29 7.208491 -0.29 7.288495 -0.29 5.466371 0.29 7.208491 -0.29 5.466371 0.29 5.406368 0.29 5.406368 -0.29 5.466371 -0.29 3.644248 0.29 5.406368 -0.29 3.644248 0.29 3.604245 0.29 3.604245 -0.29 3.644248 -0.29 1.822124 0.29 3.604245 -0.29 1.822124 0.29 1.802123 0.29 1.802123 -0.29 1.822124 -0.29 0 0.29 1.802123 -0.29 0 0.29 0 11.39188 1.773697 11.3696 4.31e-4 11.6696 4.31e-4 11.6696 4.31e-4 11.3696 4.31e-4 11.10041 -1.699162 11.6696 4.31e-4 11.10041 -1.699162 11.38573 -1.791867 11.38573 -1.791867 11.10041 -1.699162 10.31919 -3.232388 11.38573 -1.791867 10.31919 -3.232388 10.5619 -3.408723 10.5619 -3.408723 10.31919 -3.232388 9.102419 -4.449162 10.5619 -3.408723 9.102419 -4.449162 9.278755 -4.691867 9.278755 -4.691867 9.102419 -4.449162 7.569193 -5.23038 9.278755 -4.691867 7.569193 -5.23038 7.661899 -5.515697 7.661899 -5.515697 7.569193 -5.23038 5.8696 -5.499569 7.661899 -5.515697 5.8696 -5.499569 5.8696 -5.799569 5.8696 -5.799569 5.8696 -5.499569 4.077302 -5.515697 4.077302 -5.515697 5.8696 -5.499569 4.170007 -5.23038 4.077302 -5.515697 4.170007 -5.23038 2.460446 -4.691867 2.460446 -4.691867 4.170007 -5.23038 2.636781 -4.449162 2.460446 -4.691867 2.636781 -4.449162 1.177301 -3.408723 1.177301 -3.408723 2.636781 -4.449162 1.420007 -3.232388 1.177301 -3.408723 1.420007 -3.232388 0.353472 -1.791867 0.353472 -1.791867 1.420007 -3.232388 0.638789 -1.699162 0.353472 -1.791867 0.638789 -1.699162 0.06959998 4.31e-4 0.06959998 4.31e-4 0.638789 -1.699162 0.3696 4.31e-4 0.06959998 4.31e-4 0.3696 4.31e-4 0.347324 1.773697 0.347324 1.773697 0.3696 4.31e-4 0.638789 1.700025 0.347324 1.773697 0.638789 1.700025 1.153901 3.377142 1.153901 3.377142 0.638789 1.700025 1.420007 3.23325 1.153901 3.377142 1.420007 3.23325 2.412085 4.65721 2.412085 4.65721 1.420007 3.23325 2.636781 4.450025 2.412085 4.65721 2.636781 4.450025 4.001386 5.491313 4.001386 5.491313 2.636781 4.450025 4.170007 5.231242 4.001386 5.491313 4.170007 5.231242 5.7696 5.799569 5.7696 5.799569 4.170007 5.231242 5.7696 5.700431 5.7696 5.700431 4.170007 5.231242 5.8696 5.500431 5.7696 5.700431 5.8696 5.500431 5.9696 5.700431 5.9696 5.700431 5.8696 5.500431 7.569193 5.231242 5.9696 5.700431 7.569193 5.231242 5.9696 5.799569 5.9696 5.799569 7.569193 5.231242 7.737814 5.491313 7.737814 5.491313 7.569193 5.231242 9.102419 4.450025 7.737814 5.491313 9.102419 4.450025 9.327116 4.65721 9.327116 4.65721 9.102419 4.450025 10.31919 3.23325 9.327116 4.65721 10.31919 3.23325 10.5853 3.377142 10.5853 3.377142 10.31919 3.23325 11.10041 1.700025 10.5853 3.377142 11.10041 1.700025 11.39188 1.773697 11.39188 1.773697 11.10041 1.700025 11.3696 4.31e-4 -0.2515 0.1 -0.2515 -0.1 -0.1015 0.1 -0.1015 0.1 -0.2515 -0.1 -0.1015 -0.1 -0.1015 0.1 -0.1015 -0.1 -0.070598 -0.095106 -0.070598 -0.095106 -0.04272097 -0.08090198 -0.1015 0.1 -0.1015 0.1 -0.04272097 -0.08090198 -0.02059799 -0.058779 -0.1015 0.1 -0.02059799 -0.058779 -0.006393969 -0.03090196 -0.006393969 -0.03090196 -0.00149995 0 -0.1015 0.1 -0.1015 0.1 -0.00149995 0 -0.006393969 0.03090196 -0.1015 0.1 -0.006393969 0.03090196 -0.02059799 0.058779 -0.02059799 0.058779 -0.04272097 0.08090198 -0.1015 0.1 -0.1015 0.1 -0.04272097 0.08090198 -0.070598 0.095106 0.04883795 0.314159 -0.0503 0.314159 0.04886996 0.29481 0.04886996 0.29481 -0.0503 0.314159 -0.0503 0.282743 0.04886996 0.29481 -0.0503 0.282743 0.04896396 0.274889 0.04896396 0.274889 -0.0503 0.282743 -0.0503 0.251327 0.04896396 0.274889 -0.0503 0.251327 0.049106 0.254968 0.049106 0.254968 -0.0503 0.251327 0.04926896 0.235619 0.04926896 0.235619 -0.0503 0.251327 -0.0503 0.219911 0.04926896 0.235619 -0.0503 0.219911 0.04943096 0.216271 0.04943096 0.216271 -0.0503 0.219911 0.04957395 0.19635 0.04957395 0.19635 -0.0503 0.219911 -0.0503 0.1884959 0.04957395 0.19635 -0.0503 0.1884959 0.049667 0.176429 0.049667 0.176429 -0.0503 0.1884959 -0.0503 0.1570799 0.049667 0.176429 -0.0503 0.1570799 0.04969996 0.1570799 0.04969996 0.1570799 -0.0503 0.1570799 0.049667 0.137731 0.049667 0.137731 -0.0503 0.1570799 -0.0503 0.1256639 0.049667 0.137731 -0.0503 0.1256639 0.04957395 0.1178089 0.04957395 0.1178089 -0.0503 0.1256639 -0.0503 0.09424799 0.04957395 0.1178089 -0.0503 0.09424799 0.04943096 0.09788799 0.04943096 0.09788799 -0.0503 0.09424799 0.04926896 0.07853996 0.04926896 0.07853996 -0.0503 0.09424799 -0.0503 0.06283199 0.04926896 0.07853996 -0.0503 0.06283199 0.049106 0.05919098 0.049106 0.05919098 -0.0503 0.06283199 0.04896396 0.03926998 0.04896396 0.03926998 -0.0503 0.06283199 -0.0503 0.03141599 0.04896396 0.03926998 -0.0503 0.03141599 0.04886996 0.01934897 0.04886996 0.01934897 -0.0503 0.03141599 -0.0503 0 0.04886996 0.01934897 -0.0503 0 0.04883795 0 0 0.04956895 -0.15 0.04956895 0 -0.04956895 0 -0.04956895 -0.15 0.04956895 -0.15 -0.04956895</float_array>
          <technique_common>
            <accessor source="#stitch_result_stitchFBXASC032allMesh_003-mesh-map-0-array" count="15732" stride="2">
              <param name="S" type="float"/>
              <param name="T" type="float"/>
            </accessor>
          </technique_common>
        </source>
        <vertices id="stitch_result_stitchFBXASC032allMesh_003-mesh-vertices">
          <input semantic="POSITION" source="#stitch_result_stitchFBXASC032allMesh_003-mesh-positions"/>
        </vertices>
        <triangles material="MaterialFBXASC032FBXASC03528-material" count="5244">
          <input semantic="VERTEX" source="#stitch_result_stitchFBXASC032allMesh_003-mesh-vertices" offset="0"/>
          <input semantic="NORMAL" source="#stitch_result_stitchFBXASC032allMesh_003-mesh-normals" offset="1"/>
          <input semantic="TEXCOORD" source="#stitch_result_stitchFBXASC032allMesh_003-mesh-map-0" offset="2" set="0"/>
          <p>0 0 0 1 0 1 21 0 2 21 1 3 1 1 4 2 1 5 21 0 6 2 0 7 3 0 8 4 2 9 17 2 10 3 2 11 3 0 12 17 0 13 18 0 14 3 0 15 18 0 16 19 0 17 4 3 18 5 3 19 17 3 20 17 0 21 5 0 22 6 0 23 17 4 24 6 4 25 7 4 26 7 5 27 8 5 28 17 5 29 17 6 30 8 6 31 9 6 32 17 0 33 9 0 34 16 0 35 16 0 36 9 0 37 15 0 38 15 0 39 9 0 40 14 0 41 14 7 42 9 7 43 13 7 44 13 8 45 9 8 46 10 8 47 13 9 48 10 9 49 11 9 50 11 0 51 12 0 52 13 0 53 19 0 54 20 0 55 3 0 56 3 10 57 20 10 58 21 10 59 45 11 60 22 12 61 10 13 62 10 14 63 22 15 64 23 16 65 10 14 66 23 16 67 11 17 68 11 17 69 23 16 70 24 18 71 11 17 72 24 18 73 25 19 74 11 17 75 25 19 76 12 20 77 12 20 78 25 19 79 26 21 80 12 20 81 26 21 82 27 22 83 27 22 84 28 23 85 12 20 86 12 20 87 28 23 88 29 24 89 10 13 90 9 25 91 45 11 92 45 11 93 9 25 94 44 26 95 44 26 96 9 25 97 8 27 98 44 26 99 8 27 100 43 28 101 43 28 102 8 27 103 7 29 104 43 28 105 7 29 106 42 30 107 42 30 108 7 29 109 6 31 110 42 30 111 6 31 112 41 32 113 41 32 114 6 31 115 5 33 116 41 32 117 5 33 118 40 34 119 40 34 120 5 33 121 4 35 122 40 34 123 4 35 124 39 36 125 39 36 126 4 35 127 3 37 128 39 36 129 3 37 130 38 38 131 38 38 132 3 37 133 2 39 134 38 38 135 2 39 136 37 40 137 37 40 138 2 39 139 36 41 140 36 41 141 2 39 142 1 42 143 36 41 144 1 42 145 35 43 146 35 43 147 1 42 148 34 44 149 34 44 150 1 42 151 0 45 152 34 46 153 0 47 154 33 48 155 33 48 156 0 47 157 32 49 158 32 49 159 0 47 160 31 50 161 31 50 162 0 47 163 30 51 164 46 52 165 47 53 166 52 54 167 52 54 168 47 53 169 48 55 170 52 54 171 48 55 172 51 56 173 51 56 174 48 55 175 49 57 176 51 56 177 49 57 178 50 58 179 46 59 180 52 59 181 79 59 182 79 60 183 52 60 184 51 60 185 79 61 186 51 61 187 50 61 188 50 62 189 53 62 190 79 62 191 79 63 192 53 63 193 54 63 194 79 64 195 54 64 196 78 64 197 78 65 198 54 65 199 77 65 200 77 66 201 54 66 202 55 66 203 77 67 204 55 67 205 76 67 206 76 68 207 55 68 208 56 68 209 76 69 210 56 69 211 57 69 212 57 70 213 58 70 214 76 70 215 76 71 216 58 71 217 59 71 218 76 72 219 59 72 220 75 72 221 75 73 222 59 73 223 74 73 224 74 74 225 59 74 226 73 74 227 73 75 228 59 75 229 72 75 230 72 76 231 59 76 232 71 76 233 71 77 234 59 77 235 70 77 236 70 78 237 59 78 238 69 78 239 69 79 240 59 79 241 68 79 242 68 80 243 59 80 244 60 80 245 68 81 246 60 81 247 61 81 248 61 82 249 62 82 250 68 82 251 68 83 252 62 83 253 63 83 254 68 84 255 63 84 256 64 84 257 64 85 258 65 85 259 68 85 260 68 86 261 65 86 262 67 86 263 67 87 264 65 87 265 66 87 266 49 88 267 48 89 268 96 90 269 96 90 270 48 89 271 80 91 272 96 90 273 80 91 274 123 92 275 123 92 276 80 91 277 81 93 278 123 92 279 81 93 280 139 94 281 139 94 282 81 93 283 82 95 284 139 94 285 82 95 286 155 96 287 155 96 288 82 95 289 95 97 290 155 96 291 95 97 292 208 98 293 208 98 294 95 97 295 185 99 296 208 98 297 185 99 298 184 100 299 184 100 300 185 99 301 84 101 302 184 100 303 84 101 304 187 102 305 187 102 306 84 101 307 85 103 308 187 102 309 85 103 310 188 104 311 188 104 312 85 103 313 201 105 314 188 104 315 201 105 316 189 106 317 189 106 318 201 105 319 202 107 320 189 106 321 202 107 322 190 108 323 190 108 324 202 107 325 203 109 326 190 108 327 203 109 328 191 110 329 191 110 330 203 109 331 204 111 332 191 110 333 204 111 334 192 112 335 192 112 336 204 111 337 205 113 338 192 112 339 205 113 340 193 114 341 193 114 342 205 113 343 206 115 344 193 114 345 206 115 346 194 116 347 194 116 348 206 115 349 207 117 350 194 116 351 207 117 352 195 118 353 195 118 354 207 117 355 0 119 356 195 118 357 0 119 358 196 120 359 196 120 360 0 119 361 21 121 362 196 120 363 21 121 364 197 122 365 197 122 366 21 121 367 20 123 368 197 122 369 20 123 370 198 124 371 198 124 372 20 123 373 199 125 374 198 124 375 199 125 376 173 126 377 173 126 378 199 125 379 172 127 380 173 126 381 172 127 382 220 128 383 220 128 384 172 127 385 221 129 386 220 128 387 221 129 388 168 130 389 168 130 390 221 129 391 169 131 392 168 130 393 169 131 394 152 132 395 152 132 396 169 131 397 153 133 398 152 132 399 153 133 400 136 134 401 136 134 402 153 133 403 137 135 404 136 134 405 137 135 406 109 136 407 109 136 408 137 135 409 110 137 410 109 136 411 110 137 412 114 138 413 114 138 414 110 137 415 113 139 416 114 138 417 113 139 418 225 140 419 225 140 420 113 139 421 224 141 422 225 140 423 224 141 424 63 142 425 63 142 426 224 141 427 64 143 428 64 143 429 224 141 430 223 144 431 64 143 432 223 144 433 65 145 434 65 145 435 223 144 436 66 146 437 66 146 438 223 144 439 94 147 440 94 147 441 223 144 442 112 148 443 94 147 444 112 148 445 93 149 446 93 149 447 112 148 448 111 150 449 93 149 450 111 150 451 92 151 452 92 151 453 111 150 454 138 152 455 92 151 456 138 152 457 91 153 458 91 153 459 138 152 460 154 154 461 91 153 462 154 154 463 170 155 464 170 155 465 154 154 466 153 133 467 170 155 468 153 133 469 169 131 470 82 95 471 83 156 472 95 97 473 95 97 474 83 156 475 186 157 476 95 97 477 186 157 478 185 99 479 185 99 480 186 157 481 84 101 482 83 156 483 84 101 484 186 157 485 85 103 486 86 158 487 201 105 488 201 105 489 86 158 490 87 159 491 201 105 492 87 159 493 202 107 494 202 107 495 87 159 496 88 160 497 202 107 498 88 160 499 203 109 500 203 109 501 88 160 502 37 161 503 203 109 504 37 162 505 204 111 506 204 111 507 37 162 508 36 163 509 204 111 510 36 163 511 205 113 512 205 113 513 36 163 514 35 164 515 205 113 516 35 164 517 206 115 518 206 115 519 35 164 520 34 165 521 206 115 522 34 165 523 33 166 524 206 115 525 33 166 526 207 117 527 207 117 528 33 166 529 32 167 530 207 117 531 32 167 532 31 168 533 31 168 534 30 169 535 207 117 536 207 117 537 30 169 538 0 119 539 20 123 540 19 170 541 199 125 542 199 125 543 19 170 544 200 171 545 199 125 546 200 171 547 172 127 548 172 127 549 200 171 550 171 172 551 172 127 552 171 172 553 221 129 554 221 129 555 171 172 556 222 173 557 221 129 558 222 173 559 169 131 560 169 131 561 222 173 562 170 155 563 19 170 564 18 174 565 200 171 566 200 171 567 18 174 568 17 175 569 200 171 570 17 175 571 89 176 572 200 171 573 89 176 574 171 172 575 171 172 576 89 176 577 90 177 578 171 172 579 90 177 580 222 173 581 222 173 582 90 177 583 170 155 584 90 177 585 91 153 586 170 155 587 63 142 588 62 178 589 225 140 590 225 140 591 62 178 592 226 179 593 225 140 594 226 179 595 114 138 596 114 138 597 226 179 598 115 180 599 114 138 600 115 180 601 109 136 602 109 136 603 115 180 604 108 181 605 109 136 606 108 181 607 136 134 608 136 134 609 108 181 610 135 182 611 136 134 612 135 182 613 152 132 614 152 132 615 135 182 616 151 183 617 152 132 618 151 183 619 168 130 620 168 130 621 151 183 622 167 184 623 168 130 624 167 184 625 220 128 626 220 128 627 167 184 628 219 185 629 220 128 630 219 185 631 173 126 632 173 126 633 219 185 634 174 186 635 173 126 636 174 186 637 198 124 638 198 124 639 174 186 640 197 122 641 62 178 642 61 187 643 226 179 644 226 179 645 61 187 646 227 188 647 226 179 648 227 188 649 115 180 650 115 180 651 227 188 652 116 189 653 115 180 654 116 189 655 108 181 656 108 181 657 116 189 658 107 190 659 108 181 660 107 190 661 135 182 662 135 182 663 107 190 664 134 191 665 135 182 666 134 191 667 151 183 668 151 183 669 134 191 670 150 192 671 151 183 672 150 192 673 167 184 674 167 184 675 150 192 676 166 193 677 167 184 678 166 193 679 219 185 680 219 185 681 166 193 682 218 194 683 219 185 684 218 194 685 174 186 686 174 186 687 218 194 688 175 195 689 174 186 690 175 195 691 197 122 692 197 122 693 175 195 694 196 120 695 61 187 696 60 196 697 227 188 698 227 188 699 60 196 700 228 197 701 227 188 702 228 197 703 116 189 704 116 189 705 228 197 706 117 198 707 116 189 708 117 198 709 107 190 710 107 190 711 117 198 712 106 199 713 107 190 714 106 199 715 134 191 716 134 191 717 106 199 718 133 200 719 134 191 720 133 200 721 150 192 722 150 192 723 133 200 724 149 201 725 150 192 726 149 201 727 166 193 728 166 193 729 149 201 730 165 202 731 166 193 732 165 202 733 218 194 734 218 194 735 165 202 736 217 203 737 218 194 738 217 203 739 175 195 740 175 195 741 217 203 742 176 204 743 175 195 744 176 204 745 196 120 746 196 120 747 176 204 748 195 118 749 60 196 750 59 205 751 228 197 752 228 197 753 59 205 754 229 206 755 228 197 756 229 206 757 117 198 758 117 198 759 229 206 760 118 207 761 117 198 762 118 207 763 106 199 764 106 199 765 118 207 766 105 208 767 106 199 768 105 208 769 133 200 770 133 200 771 105 208 772 132 209 773 133 200 774 132 209 775 149 201 776 149 201 777 132 209 778 148 210 779 149 201 780 148 210 781 165 202 782 165 202 783 148 210 784 164 211 785 165 202 786 164 211 787 217 203 788 217 203 789 164 211 790 216 212 791 217 203 792 216 212 793 176 204 794 176 204 795 216 212 796 177 213 797 176 204 798 177 213 799 195 118 800 195 118 801 177 213 802 194 116 803 59 205 804 58 214 805 229 206 806 229 206 807 58 214 808 230 215 809 229 206 810 230 215 811 118 207 812 118 207 813 230 215 814 119 216 815 118 207 816 119 216 817 105 208 818 105 208 819 119 216 820 104 217 821 105 208 822 104 217 823 132 209 824 132 209 825 104 217 826 131 218 827 132 209 828 131 218 829 148 210 830 148 210 831 131 218 832 147 219 833 148 210 834 147 219 835 164 211 836 164 211 837 147 219 838 163 220 839 164 211 840 163 220 841 216 212 842 216 212 843 163 220 844 215 221 845 216 212 846 215 221 847 177 213 848 177 213 849 215 221 850 178 222 851 177 213 852 178 222 853 194 116 854 194 116 855 178 222 856 193 114 857 58 214 858 57 223 859 230 215 860 230 215 861 57 223 862 231 224 863 230 215 864 231 224 865 119 216 866 119 216 867 231 224 868 120 225 869 119 216 870 120 225 871 104 217 872 104 217 873 120 225 874 103 226 875 104 217 876 103 226 877 131 218 878 131 218 879 103 226 880 130 227 881 131 218 882 130 227 883 147 219 884 147 219 885 130 227 886 146 228 887 147 219 888 146 228 889 163 220 890 163 220 891 146 228 892 162 229 893 163 220 894 162 229 895 215 221 896 215 221 897 162 229 898 214 230 899 215 221 900 214 230 901 178 222 902 178 222 903 214 230 904 179 231 905 178 222 906 179 231 907 193 114 908 193 114 909 179 231 910 192 112 911 57 223 912 56 232 913 231 224 914 231 224 915 56 232 916 120 225 917 120 225 918 56 232 919 121 233 920 121 233 921 56 232 922 55 234 923 121 233 924 55 234 925 122 235 926 122 235 927 55 234 928 54 236 929 122 235 930 54 236 931 101 237 932 101 237 933 54 236 934 100 238 935 101 237 936 100 238 937 128 239 938 128 239 939 100 238 940 127 240 941 128 239 942 127 240 943 144 241 944 144 241 945 127 240 946 143 242 947 144 241 948 143 242 949 160 243 950 160 243 951 143 242 952 159 244 953 160 243 954 159 244 955 212 245 956 212 245 957 159 244 958 211 246 959 212 245 960 211 246 961 181 247 962 181 247 963 211 246 964 182 248 965 181 247 966 182 248 967 190 108 968 190 108 969 182 248 970 189 106 971 54 236 972 53 249 973 100 238 974 100 238 975 53 249 976 99 250 977 100 238 978 99 250 979 127 240 980 127 240 981 99 250 982 126 251 983 127 240 984 126 251 985 143 242 986 143 242 987 126 251 988 142 252 989 143 242 990 142 252 991 159 244 992 159 244 993 142 252 994 158 253 995 159 244 996 158 253 997 211 246 998 211 246 999 158 253 1000 210 254 1001 211 246 1002 210 254 1003 182 248 1004 182 248 1005 210 254 1006 183 255 1007 182 248 1008 183 255 1009 189 106 1010 189 106 1011 183 255 1012 188 104 1013 99 250 1014 53 249 1015 98 256 1016 98 256 1017 53 249 1018 50 257 1019 98 256 1020 50 258 1021 97 259 1022 97 259 1023 50 258 1024 49 88 1025 97 259 1026 49 88 1027 96 90 1028 97 259 1029 96 90 1030 124 260 1031 124 260 1032 96 90 1033 123 92 1034 124 260 1035 123 92 1036 140 261 1037 140 261 1038 123 92 1039 139 94 1040 140 261 1041 139 94 1042 156 262 1043 156 262 1044 139 94 1045 155 96 1046 156 262 1047 155 96 1048 208 98 1049 126 251 1050 99 250 1051 98 256 1052 98 256 1053 97 259 1054 125 263 1055 125 263 1056 97 259 1057 124 260 1058 125 263 1059 124 260 1060 141 264 1061 141 264 1062 124 260 1063 140 261 1064 141 264 1065 140 261 1066 157 265 1067 157 265 1068 140 261 1069 156 262 1070 157 265 1071 156 262 1072 209 266 1073 209 266 1074 156 262 1075 208 98 1076 209 266 1077 208 98 1078 184 100 1079 121 233 1080 122 235 1081 102 267 1082 102 267 1083 122 235 1084 101 237 1085 102 267 1086 101 237 1087 129 268 1088 129 268 1089 101 237 1090 128 239 1091 129 268 1092 128 239 1093 145 269 1094 145 269 1095 128 239 1096 144 241 1097 145 269 1098 144 241 1099 161 270 1100 161 270 1101 144 241 1102 160 243 1103 161 270 1104 160 243 1105 213 271 1106 213 271 1107 160 243 1108 212 245 1109 213 271 1110 212 245 1111 180 272 1112 180 272 1113 212 245 1114 181 247 1115 180 272 1116 181 247 1117 191 110 1118 191 110 1119 181 247 1120 190 108 1121 120 225 1122 121 233 1123 103 226 1124 103 226 1125 121 233 1126 102 267 1127 103 226 1128 102 267 1129 130 227 1130 130 227 1131 102 267 1132 129 268 1133 130 227 1134 129 268 1135 146 228 1136 146 228 1137 129 268 1138 145 269 1139 146 228 1140 145 269 1141 162 229 1142 162 229 1143 145 269 1144 161 270 1145 162 229 1146 161 270 1147 214 230 1148 214 230 1149 161 270 1150 213 271 1151 214 230 1152 213 271 1153 179 231 1154 179 231 1155 213 271 1156 180 272 1157 179 231 1158 180 272 1159 192 112 1160 192 112 1161 180 272 1162 191 110 1163 110 137 1164 111 150 1165 113 139 1166 113 139 1167 111 150 1168 112 148 1169 113 139 1170 112 148 1171 224 141 1172 224 141 1173 112 148 1174 223 144 1175 111 150 1176 110 137 1177 138 152 1178 138 152 1179 110 137 1180 137 135 1181 138 152 1182 137 135 1183 154 154 1184 154 154 1185 137 135 1186 153 133 1187 142 252 1188 126 251 1189 125 263 1190 125 263 1191 126 251 1192 98 256 1193 142 252 1194 125 263 1195 141 264 1196 158 253 1197 142 252 1198 141 264 1199 158 253 1200 141 264 1201 157 265 1202 210 254 1203 158 253 1204 157 265 1205 210 254 1206 157 265 1207 209 266 1208 187 102 1209 188 104 1210 184 100 1211 184 100 1212 188 104 1213 183 255 1214 184 100 1215 183 255 1216 209 266 1217 209 266 1218 183 255 1219 210 254 1220 67 273 1221 66 146 1222 237 274 1223 237 274 1224 66 146 1225 94 147 1226 237 274 1227 94 147 1228 272 275 1229 272 275 1230 94 147 1231 246 276 1232 272 275 1233 246 276 1234 247 277 1235 247 277 1236 246 276 1237 274 278 1238 247 277 1239 274 278 1240 275 279 1241 275 279 1242 274 278 1243 291 280 1244 275 279 1245 291 280 1246 292 281 1247 292 281 1248 291 280 1249 308 282 1250 292 281 1251 308 282 1252 309 283 1253 309 283 1254 308 282 1255 324 284 1256 309 283 1257 324 284 1258 325 285 1259 325 285 1260 324 284 1261 354 286 1262 325 285 1263 354 286 1264 353 287 1265 353 287 1266 354 286 1267 13 288 1268 353 287 1269 13 288 1270 12 289 1271 94 147 1272 93 149 1273 246 276 1274 246 276 1275 93 149 1276 273 290 1277 246 276 1278 273 290 1279 274 278 1280 274 278 1281 273 290 1282 290 291 1283 274 278 1284 290 291 1285 291 280 1286 291 280 1287 290 291 1288 307 292 1289 291 280 1290 307 292 1291 308 282 1292 308 282 1293 307 292 1294 323 293 1295 308 282 1296 323 293 1297 324 284 1298 324 284 1299 323 293 1300 355 294 1301 324 284 1302 355 294 1303 354 286 1304 354 286 1305 355 294 1306 13 288 1307 93 149 1308 92 151 1309 273 290 1310 273 290 1311 92 151 1312 289 295 1313 273 290 1314 289 295 1315 290 291 1316 290 291 1317 289 295 1318 306 296 1319 290 291 1320 306 296 1321 307 292 1322 307 292 1323 306 296 1324 322 297 1325 307 292 1326 322 297 1327 323 293 1328 323 293 1329 322 297 1330 356 298 1331 323 293 1332 356 298 1333 355 294 1334 355 294 1335 356 298 1336 14 299 1337 355 294 1338 14 299 1339 13 288 1340 92 151 1341 91 153 1342 289 295 1343 289 295 1344 91 153 1345 305 300 1346 289 295 1347 305 300 1348 306 296 1349 306 296 1350 305 300 1351 321 301 1352 306 296 1353 321 301 1354 322 297 1355 322 297 1356 321 301 1357 357 302 1358 322 297 1359 357 302 1360 356 298 1361 356 298 1362 357 302 1363 15 303 1364 356 298 1365 15 303 1366 14 299 1367 91 153 1368 90 177 1369 305 300 1370 305 300 1371 90 177 1372 321 301 1373 90 177 1374 89 176 1375 321 301 1376 321 301 1377 89 176 1378 357 302 1379 17 175 1380 16 304 1381 89 176 1382 89 176 1383 16 304 1384 357 302 1385 16 304 1386 15 303 1387 357 302 1388 29 305 1389 337 306 1390 12 307 1391 12 307 1392 337 306 1393 352 308 1394 12 307 1395 352 308 1396 353 287 1397 353 287 1398 352 308 1399 326 309 1400 353 287 1401 326 309 1402 325 285 1403 325 285 1404 326 309 1405 310 310 1406 325 285 1407 310 310 1408 309 283 1409 309 283 1410 310 310 1411 293 311 1412 309 283 1413 293 311 1414 292 281 1415 292 281 1416 293 311 1417 276 312 1418 292 281 1419 276 312 1420 275 279 1421 275 279 1422 276 312 1423 248 313 1424 275 279 1425 248 313 1426 247 277 1427 247 277 1428 248 313 1429 271 314 1430 247 277 1431 271 314 1432 272 275 1433 272 275 1434 271 314 1435 237 274 1436 29 305 1437 28 315 1438 337 306 1439 337 306 1440 28 315 1441 27 316 1442 337 306 1443 27 316 1444 26 317 1445 337 306 1446 26 317 1447 338 318 1448 338 318 1449 26 317 1450 25 319 1451 338 318 1452 25 319 1453 24 320 1454 338 318 1455 24 320 1456 339 321 1457 339 321 1458 24 320 1459 23 322 1460 339 321 1461 23 322 1462 340 323 1463 340 323 1464 23 322 1465 22 324 1466 340 323 1467 22 324 1468 341 325 1469 341 325 1470 22 324 1471 232 326 1472 341 325 1473 232 326 1474 342 327 1475 342 327 1476 232 326 1477 233 328 1478 342 327 1479 233 328 1480 343 329 1481 343 329 1482 233 328 1483 234 330 1484 343 329 1485 234 330 1486 235 331 1487 236 332 1488 344 333 1489 235 331 1490 235 331 1491 344 333 1492 345 334 1493 235 331 1494 345 334 1495 346 335 1496 346 335 1497 345 334 1498 333 336 1499 346 335 1500 333 336 1501 332 337 1502 332 337 1503 333 336 1504 317 338 1505 332 337 1506 317 338 1507 316 339 1508 316 339 1509 317 338 1510 300 340 1511 316 339 1512 300 340 1513 299 341 1514 299 341 1515 300 340 1516 283 342 1517 299 341 1518 283 342 1519 282 343 1520 282 343 1521 283 342 1522 255 344 1523 282 343 1524 255 344 1525 254 345 1526 254 345 1527 255 344 1528 264 346 1529 254 345 1530 264 346 1531 265 347 1532 265 347 1533 264 346 1534 244 348 1535 265 347 1536 244 348 1537 243 349 1538 243 349 1539 244 348 1540 74 350 1541 243 349 1542 74 350 1543 73 351 1544 83 156 1545 336 352 1546 236 332 1547 236 332 1548 336 352 1549 335 353 1550 236 332 1551 335 353 1552 334 354 1553 334 354 1554 335 353 1555 318 355 1556 334 354 1557 318 355 1558 317 338 1559 317 338 1560 318 355 1561 301 356 1562 317 338 1563 301 356 1564 300 340 1565 300 340 1566 301 356 1567 284 357 1568 300 340 1569 284 357 1570 283 342 1571 283 342 1572 284 357 1573 256 358 1574 283 342 1575 256 358 1576 255 344 1577 255 344 1578 256 358 1579 263 359 1580 255 344 1581 263 359 1582 264 346 1583 264 346 1584 263 359 1585 76 360 1586 264 346 1587 76 360 1588 245 361 1589 245 361 1590 76 360 1591 75 362 1592 245 361 1593 75 362 1594 244 348 1595 244 348 1596 75 362 1597 74 350 1598 336 352 1599 83 156 1600 320 363 1601 320 363 1602 83 156 1603 82 95 1604 320 363 1605 82 95 1606 304 364 1607 304 364 1608 82 95 1609 288 365 1610 304 364 1611 288 365 1612 287 366 1613 287 366 1614 288 365 1615 260 367 1616 287 366 1617 260 367 1618 259 368 1619 259 368 1620 260 367 1621 46 369 1622 259 368 1623 46 369 1624 79 370 1625 82 95 1626 81 93 1627 288 365 1628 288 365 1629 81 93 1630 261 371 1631 288 365 1632 261 371 1633 260 367 1634 260 367 1635 261 371 1636 47 372 1637 260 367 1638 47 372 1639 46 369 1640 81 93 1641 80 91 1642 261 371 1643 261 371 1644 80 91 1645 48 89 1646 261 371 1647 48 89 1648 47 372 1649 78 373 1650 257 374 1651 79 370 1652 79 370 1653 257 374 1654 258 375 1655 79 370 1656 258 375 1657 259 368 1658 259 368 1659 258 375 1660 286 376 1661 259 368 1662 286 376 1663 287 366 1664 287 366 1665 286 376 1666 303 377 1667 287 366 1668 303 377 1669 304 364 1670 304 364 1671 303 377 1672 320 363 1673 77 378 1674 262 379 1675 78 373 1676 78 373 1677 262 379 1678 256 358 1679 78 373 1680 256 358 1681 257 374 1682 257 374 1683 256 358 1684 284 357 1685 257 374 1686 284 357 1687 285 380 1688 285 380 1689 284 357 1690 301 356 1691 285 380 1692 301 356 1693 302 381 1694 302 381 1695 301 356 1696 318 355 1697 302 381 1698 318 355 1699 319 382 1700 319 382 1701 318 355 1702 335 353 1703 319 382 1704 335 353 1705 336 352 1706 262 379 1707 77 378 1708 263 359 1709 263 359 1710 77 378 1711 76 360 1712 243 349 1713 73 351 1714 242 383 1715 242 383 1716 73 351 1717 72 384 1718 242 383 1719 72 384 1720 241 385 1721 241 385 1722 72 384 1723 71 386 1724 241 385 1725 71 386 1726 240 387 1727 240 387 1728 71 386 1729 70 388 1730 240 387 1731 70 388 1732 239 389 1733 239 389 1734 70 388 1735 69 390 1736 239 389 1737 69 390 1738 238 391 1739 238 391 1740 69 390 1741 68 392 1742 238 391 1743 68 392 1744 237 274 1745 237 274 1746 68 392 1747 67 273 1748 237 274 1749 271 314 1750 238 391 1751 238 391 1752 271 314 1753 270 393 1754 238 391 1755 270 393 1756 239 389 1757 239 389 1758 270 393 1759 269 394 1760 239 389 1761 269 394 1762 240 387 1763 240 387 1764 269 394 1765 268 395 1766 240 387 1767 268 395 1768 241 385 1769 241 385 1770 268 395 1771 267 396 1772 241 385 1773 267 396 1774 242 383 1775 242 383 1776 267 396 1777 266 397 1778 242 383 1779 266 397 1780 243 349 1781 243 349 1782 266 397 1783 265 347 1784 264 346 1785 245 361 1786 244 348 1787 270 393 1788 271 314 1789 248 313 1790 269 394 1791 270 393 1792 249 398 1793 249 398 1794 270 393 1795 248 313 1796 249 398 1797 248 313 1798 276 312 1799 268 395 1800 269 394 1801 250 399 1802 250 399 1803 269 394 1804 249 398 1805 250 399 1806 249 398 1807 277 400 1808 277 400 1809 249 398 1810 276 312 1811 277 400 1812 276 312 1813 293 311 1814 267 396 1815 268 395 1816 251 401 1817 251 401 1818 268 395 1819 250 399 1820 251 401 1821 250 399 1822 278 402 1823 278 402 1824 250 399 1825 277 400 1826 278 402 1827 277 400 1828 294 403 1829 294 403 1830 277 400 1831 293 311 1832 294 403 1833 293 311 1834 310 310 1835 266 397 1836 267 396 1837 252 404 1838 252 404 1839 267 396 1840 251 401 1841 252 404 1842 251 401 1843 279 405 1844 279 405 1845 251 401 1846 278 402 1847 279 405 1848 278 402 1849 295 406 1850 295 406 1851 278 402 1852 294 403 1853 295 406 1854 294 403 1855 311 407 1856 311 407 1857 294 403 1858 310 310 1859 311 407 1860 310 310 1861 326 309 1862 265 347 1863 266 397 1864 253 408 1865 253 408 1866 266 397 1867 252 404 1868 253 408 1869 252 404 1870 280 409 1871 280 409 1872 252 404 1873 279 405 1874 280 409 1875 279 405 1876 296 410 1877 296 410 1878 279 405 1879 295 406 1880 296 410 1881 295 406 1882 312 411 1883 312 411 1884 295 406 1885 311 407 1886 312 411 1887 311 407 1888 327 412 1889 327 412 1890 311 407 1891 326 309 1892 327 412 1893 326 309 1894 352 308 1895 265 347 1896 253 408 1897 254 345 1898 254 345 1899 253 408 1900 281 413 1901 254 345 1902 281 413 1903 282 343 1904 282 343 1905 281 413 1906 298 414 1907 282 343 1908 298 414 1909 299 341 1910 299 341 1911 298 414 1912 315 415 1913 299 341 1914 315 415 1915 316 339 1916 316 339 1917 315 415 1918 331 416 1919 316 339 1920 331 416 1921 332 337 1922 332 337 1923 331 416 1924 347 417 1925 332 337 1926 347 417 1927 346 335 1928 346 335 1929 347 417 1930 342 327 1931 346 335 1932 342 327 1933 343 329 1934 281 413 1935 253 408 1936 280 409 1937 262 379 1938 263 359 1939 256 358 1940 286 376 1941 258 375 1942 285 380 1943 285 380 1944 258 375 1945 257 374 1946 281 413 1947 280 409 1948 297 418 1949 297 418 1950 280 409 1951 296 410 1952 297 418 1953 296 410 1954 313 419 1955 313 419 1956 296 410 1957 312 411 1958 313 419 1959 312 411 1960 328 420 1961 328 420 1962 312 411 1963 327 412 1964 328 420 1965 327 412 1966 351 421 1967 351 421 1968 327 412 1969 352 308 1970 351 421 1971 352 308 1972 337 306 1973 303 377 1974 286 376 1975 302 381 1976 302 381 1977 286 376 1978 285 380 1979 281 413 1980 297 418 1981 298 414 1982 298 414 1983 297 418 1984 314 422 1985 298 414 1986 314 422 1987 315 415 1988 315 415 1989 314 422 1990 330 423 1991 315 415 1992 330 423 1993 331 416 1994 331 416 1995 330 423 1996 348 424 1997 331 416 1998 348 424 1999 347 417 2000 347 417 2001 348 424 2002 341 325 2003 347 417 2004 341 325 2005 342 327 2006 314 422 2007 297 418 2008 313 419 2009 320 363 2010 303 377 2011 319 382 2012 319 382 2013 303 377 2014 302 381 2015 314 422 2016 313 419 2017 329 425 2018 329 425 2019 313 419 2020 328 420 2021 329 425 2022 328 420 2023 350 426 2024 350 426 2025 328 420 2026 351 421 2027 350 426 2028 351 421 2029 338 318 2030 338 318 2031 351 421 2032 337 306 2033 336 352 2034 320 363 2035 319 382 2036 314 422 2037 329 425 2038 330 423 2039 330 423 2040 329 425 2041 349 427 2042 330 423 2043 349 427 2044 348 424 2045 348 424 2046 349 427 2047 340 323 2048 348 424 2049 340 323 2050 341 325 2051 349 427 2052 329 425 2053 350 426 2054 334 354 2055 317 338 2056 333 336 2057 333 336 2058 345 334 2059 334 354 2060 334 354 2061 345 334 2062 344 333 2063 334 354 2064 344 333 2065 236 332 2066 349 427 2067 350 426 2068 339 321 2069 339 321 2070 350 426 2071 338 318 2072 339 321 2073 340 323 2074 349 427 2075 235 331 2076 346 335 2077 343 329 2078 37 0 2079 88 0 2080 38 0 2081 38 428 2082 88 429 2083 87 430 2084 38 0 2085 87 0 2086 39 0 2087 39 0 2088 87 0 2089 86 0 2090 39 431 2091 86 432 2092 85 433 2093 39 434 2094 85 434 2095 40 434 2096 40 0 2097 85 0 2098 84 0 2099 40 435 2100 84 435 2101 41 435 2102 41 436 2103 84 437 2104 83 438 2105 41 439 2106 83 439 2107 42 439 2108 42 440 2109 83 440 2110 236 440 2111 42 0 2112 236 0 2113 43 0 2114 43 0 2115 236 0 2116 235 0 2117 43 441 2118 235 441 2119 44 441 2120 44 442 2121 235 443 2122 234 444 2123 44 0 2124 234 0 2125 233 0 2126 44 445 2127 233 445 2128 45 445 2129 45 0 2130 233 0 2131 232 0 2132 45 446 2133 232 446 2134 22 446 2135 359 447 2136 372 447 2137 358 447 2138 358 447 2139 372 447 2140 373 447 2141 358 447 2142 373 447 2143 377 447 2144 377 447 2145 373 447 2146 374 447 2147 377 447 2148 374 447 2149 376 447 2150 376 447 2151 374 447 2152 375 447 2153 372 447 2154 359 447 2155 371 447 2156 371 447 2157 359 447 2158 360 447 2159 371 447 2160 360 447 2161 370 447 2162 370 447 2163 360 447 2164 361 447 2165 370 447 2166 361 447 2167 369 447 2168 369 447 2169 361 447 2170 362 447 2171 369 447 2172 362 447 2173 368 447 2174 368 447 2175 362 447 2176 363 447 2177 368 447 2178 363 447 2179 367 447 2180 367 447 2181 363 447 2182 364 447 2183 367 447 2184 364 447 2185 366 447 2186 366 447 2187 364 447 2188 365 447 2189 378 448 2190 368 449 2191 388 450 2192 388 450 2193 368 449 2194 367 451 2195 388 450 2196 367 451 2197 387 452 2198 387 452 2199 367 451 2200 366 453 2201 387 452 2202 366 453 2203 386 454 2204 386 454 2205 366 453 2206 365 455 2207 386 454 2208 365 455 2209 385 456 2210 385 456 2211 365 455 2212 364 457 2213 385 456 2214 364 457 2215 384 458 2216 384 458 2217 364 457 2218 363 459 2219 384 458 2220 363 459 2221 383 460 2222 383 460 2223 363 459 2224 362 461 2225 383 460 2226 362 461 2227 382 462 2228 382 462 2229 362 461 2230 361 463 2231 382 462 2232 361 463 2233 381 464 2234 381 464 2235 361 463 2236 360 465 2237 381 464 2238 360 465 2239 380 466 2240 380 466 2241 360 465 2242 359 467 2243 380 466 2244 359 467 2245 379 468 2246 379 468 2247 359 467 2248 358 469 2249 368 449 2250 378 448 2251 369 470 2252 369 470 2253 378 448 2254 389 471 2255 369 470 2256 389 471 2257 370 472 2258 370 472 2259 389 471 2260 390 473 2261 370 472 2262 390 473 2263 371 474 2264 371 474 2265 390 473 2266 391 475 2267 371 474 2268 391 475 2269 372 476 2270 372 476 2271 391 475 2272 392 477 2273 372 476 2274 392 477 2275 373 478 2276 373 478 2277 392 477 2278 393 479 2279 373 478 2280 393 479 2281 374 480 2282 374 480 2283 393 479 2284 394 481 2285 374 480 2286 394 481 2287 375 482 2288 375 482 2289 394 481 2290 395 483 2291 375 482 2292 395 483 2293 376 484 2294 376 484 2295 395 483 2296 396 485 2297 376 484 2298 396 485 2299 377 486 2300 377 486 2301 396 485 2302 397 487 2303 377 486 2304 397 487 2305 358 469 2306 358 469 2307 397 487 2308 379 468 2309 388 488 2310 393 488 2311 378 488 2312 378 489 2313 393 489 2314 392 489 2315 378 488 2316 392 488 2317 389 488 2318 389 490 2319 392 490 2320 391 490 2321 389 488 2322 391 488 2323 390 488 2324 393 488 2325 388 488 2326 394 488 2327 394 491 2328 388 491 2329 387 491 2330 394 488 2331 387 488 2332 395 488 2333 395 488 2334 387 488 2335 386 488 2336 395 488 2337 386 488 2338 396 488 2339 396 492 2340 386 492 2341 385 492 2342 396 493 2343 385 493 2344 384 493 2345 384 488 2346 383 488 2347 396 488 2348 396 494 2349 383 494 2350 382 494 2351 396 495 2352 382 495 2353 381 495 2354 396 488 2355 381 488 2356 397 488 2357 397 496 2358 381 496 2359 380 496 2360 397 497 2361 380 497 2362 379 497 2363 398 498 2364 399 498 2365 401 498 2366 401 499 2367 399 499 2368 400 499 2369 413 500 2370 402 501 2371 426 502 2372 426 502 2373 402 501 2374 403 503 2375 426 502 2376 403 503 2377 425 504 2378 425 504 2379 403 503 2380 424 505 2381 425 504 2382 424 505 2383 413 500 2384 413 500 2385 424 505 2386 412 506 2387 412 506 2388 424 505 2389 423 507 2390 412 506 2391 423 507 2392 422 508 2393 422 508 2394 423 507 2395 404 509 2396 422 508 2397 404 509 2398 405 510 2399 403 503 2400 404 509 2401 424 505 2402 424 505 2403 404 509 2404 423 507 2405 406 511 2406 418 512 2407 405 510 2408 405 510 2409 418 512 2410 419 513 2411 405 510 2412 419 513 2413 420 514 2414 420 514 2415 419 513 2416 411 515 2417 420 514 2418 411 515 2419 421 516 2420 421 516 2421 411 515 2422 422 508 2423 421 516 2424 422 508 2425 405 510 2426 407 517 2427 416 518 2428 406 511 2429 406 511 2430 416 518 2431 417 519 2432 406 511 2433 417 519 2434 418 512 2435 418 512 2436 417 519 2437 410 520 2438 418 512 2439 410 520 2440 411 515 2441 408 521 2442 414 522 2443 407 517 2444 407 517 2445 414 522 2446 415 523 2447 407 517 2448 415 523 2449 416 518 2450 416 518 2451 415 523 2452 409 524 2453 416 518 2454 409 524 2455 410 520 2456 408 521 2457 409 524 2458 414 522 2459 414 522 2460 409 524 2461 415 523 2462 411 515 2463 412 506 2464 422 508 2465 425 504 2466 413 500 2467 426 502 2468 410 520 2469 417 519 2470 416 518 2471 411 515 2472 419 513 2473 418 512 2474 421 516 2475 405 510 2476 420 514 2477 481 525 2478 427 526 2479 484 527 2480 484 527 2481 427 528 2482 428 529 2483 484 527 2484 428 529 2485 497 530 2486 497 530 2487 428 529 2488 429 531 2489 497 530 2490 429 531 2491 433 532 2492 433 532 2493 429 531 2494 430 533 2495 433 532 2496 430 533 2497 431 534 2498 431 534 2499 432 535 2500 433 532 2501 433 532 2502 434 536 2503 497 530 2504 497 530 2505 434 536 2506 498 537 2507 497 530 2508 498 537 2509 484 527 2510 484 527 2511 498 537 2512 496 538 2513 484 527 2514 496 538 2515 512 539 2516 512 539 2517 496 538 2518 513 540 2519 512 539 2520 513 540 2521 539 541 2522 539 541 2523 513 540 2524 538 542 2525 539 541 2526 538 542 2527 545 543 2528 545 543 2529 538 542 2530 544 544 2531 545 543 2532 544 544 2533 472 545 2534 472 545 2535 544 544 2536 471 546 2537 471 546 2538 544 544 2539 538 542 2540 471 546 2541 538 542 2542 537 547 2543 537 547 2544 538 542 2545 514 548 2546 537 547 2547 514 548 2548 515 549 2549 515 549 2550 514 548 2551 494 550 2552 515 549 2553 494 550 2554 493 551 2555 493 551 2556 494 550 2557 438 552 2558 493 551 2559 438 552 2560 499 553 2561 499 553 2562 438 552 2563 439 554 2564 499 553 2565 439 554 2566 500 555 2567 500 555 2568 439 554 2569 509 556 2570 500 555 2571 509 556 2572 508 557 2573 508 557 2574 509 556 2575 510 558 2576 508 557 2577 510 558 2578 511 559 2579 511 559 2580 510 558 2581 440 560 2582 511 559 2583 440 560 2584 441 561 2585 434 536 2586 435 562 2587 498 537 2588 498 537 2589 435 562 2590 496 538 2591 435 562 2592 436 563 2593 496 538 2594 496 538 2595 436 563 2596 495 564 2597 496 538 2598 495 564 2599 513 540 2600 513 540 2601 495 564 2602 514 548 2603 513 540 2604 514 548 2605 538 542 2606 436 563 2607 437 565 2608 495 564 2609 495 564 2610 437 565 2611 494 550 2612 495 564 2613 494 550 2614 514 548 2615 437 565 2616 438 552 2617 494 550 2618 509 556 2619 439 554 2620 510 558 2621 510 558 2622 439 554 2623 440 560 2624 442 566 2625 503 567 2626 441 561 2627 441 561 2628 503 567 2629 502 568 2630 441 561 2631 502 568 2632 507 569 2633 507 569 2634 502 568 2635 501 570 2636 507 569 2637 501 570 2638 508 557 2639 508 557 2640 501 570 2641 500 555 2642 503 567 2643 442 566 2644 504 571 2645 504 571 2646 442 566 2647 443 572 2648 504 571 2649 443 572 2650 487 573 2651 487 573 2652 443 572 2653 486 574 2654 487 573 2655 486 574 2656 522 575 2657 522 575 2658 486 574 2659 523 576 2660 522 575 2661 523 576 2662 529 577 2663 529 577 2664 523 576 2665 528 578 2666 529 577 2667 528 578 2668 463 579 2669 463 579 2670 528 578 2671 527 580 2672 463 579 2673 527 580 2674 547 581 2675 547 581 2676 527 580 2677 526 582 2678 547 581 2679 526 582 2680 462 583 2681 462 583 2682 526 582 2683 546 584 2684 462 583 2685 546 584 2686 461 585 2687 461 585 2688 546 584 2689 460 586 2690 460 586 2691 546 584 2692 457 587 2693 460 586 2694 457 587 2695 459 588 2696 459 588 2697 457 587 2698 458 589 2699 443 572 2700 444 590 2701 486 574 2702 486 574 2703 444 590 2704 485 591 2705 486 574 2706 485 591 2707 523 576 2708 523 576 2709 485 591 2710 524 592 2711 523 576 2712 524 592 2713 528 578 2714 528 578 2715 524 592 2716 527 580 2717 485 591 2718 444 590 2719 505 593 2720 505 593 2721 444 590 2722 445 594 2723 505 593 2724 445 594 2725 506 595 2726 506 595 2727 445 594 2728 446 596 2729 506 595 2730 446 596 2731 447 597 2732 448 598 2733 450 599 2734 447 597 2735 447 597 2736 450 599 2737 451 600 2738 447 597 2739 451 600 2740 506 595 2741 506 595 2742 451 600 2743 452 601 2744 506 595 2745 452 601 2746 483 602 2747 483 602 2748 452 601 2749 453 603 2750 483 602 2751 453 603 2752 454 604 2753 448 598 2754 449 605 2755 450 599 2756 455 606 2757 526 582 2758 454 604 2759 454 604 2760 526 582 2761 525 607 2762 454 604 2763 525 607 2764 483 602 2765 483 602 2766 525 607 2767 524 592 2768 483 602 2769 524 592 2770 485 591 2771 455 606 2772 456 608 2773 526 582 2774 526 582 2775 456 608 2776 546 584 2777 456 608 2778 457 587 2779 546 584 2780 462 583 2781 463 579 2782 547 581 2783 463 579 2784 464 609 2785 529 577 2786 529 577 2787 464 609 2788 530 610 2789 529 577 2790 530 610 2791 522 575 2792 522 575 2793 530 610 2794 521 611 2795 522 575 2796 521 611 2797 487 573 2798 487 573 2799 521 611 2800 488 612 2801 487 573 2802 488 612 2803 504 571 2804 504 571 2805 488 612 2806 489 613 2807 504 571 2808 489 613 2809 503 567 2810 503 567 2811 489 613 2812 490 614 2813 503 567 2814 490 614 2815 502 568 2816 502 568 2817 490 614 2818 491 615 2819 502 568 2820 491 615 2821 501 570 2822 501 570 2823 491 615 2824 492 616 2825 501 570 2826 492 616 2827 500 555 2828 500 555 2829 492 616 2830 493 551 2831 500 555 2832 493 551 2833 499 553 2834 464 609 2835 465 617 2836 530 610 2837 530 610 2838 465 617 2839 466 618 2840 530 610 2841 466 618 2842 467 619 2843 530 610 2844 467 619 2845 531 620 2846 531 620 2847 467 619 2848 413 500 2849 531 620 2850 413 500 2851 540 621 2852 540 621 2853 413 500 2854 412 506 2855 540 621 2856 412 506 2857 541 622 2858 541 622 2859 412 506 2860 548 623 2861 541 622 2862 548 623 2863 549 624 2864 549 624 2865 548 623 2866 482 625 2867 549 624 2868 482 625 2869 410 520 2870 410 520 2871 482 625 2872 411 515 2873 411 515 2874 482 625 2875 548 623 2876 411 515 2877 548 623 2878 412 506 2879 409 524 2880 543 626 2881 410 520 2882 410 520 2883 543 626 2884 542 627 2885 410 520 2886 542 627 2887 549 624 2888 549 624 2889 542 627 2890 541 622 2891 543 626 2892 409 524 2893 534 628 2894 534 628 2895 409 524 2896 468 629 2897 534 628 2898 468 629 2899 535 630 2900 535 630 2901 468 629 2902 536 631 2903 535 630 2904 536 631 2905 516 632 2906 516 632 2907 536 631 2908 515 549 2909 516 632 2910 515 549 2911 493 551 2912 468 629 2913 469 633 2914 536 631 2915 536 631 2916 469 633 2917 470 634 2918 536 631 2919 470 634 2920 537 547 2921 537 547 2922 470 634 2923 471 546 2924 472 545 2925 473 635 2926 545 543 2927 545 543 2928 473 635 2929 478 636 2930 545 543 2931 478 636 2932 479 637 2933 478 636 2934 473 635 2935 477 638 2936 477 638 2937 473 635 2938 474 639 2939 477 638 2940 474 639 2941 476 640 2942 476 640 2943 474 639 2944 475 641 2945 545 543 2946 479 637 2947 539 541 2948 539 541 2949 479 637 2950 480 642 2951 539 541 2952 480 642 2953 481 525 2954 508 557 2955 511 559 2956 507 569 2957 507 569 2958 511 559 2959 441 561 2960 505 593 2961 506 595 2962 485 591 2963 485 591 2964 506 595 2965 483 602 2966 489 613 2967 488 612 2968 520 643 2969 520 643 2970 488 612 2971 521 611 2972 520 643 2973 521 611 2974 531 620 2975 531 620 2976 521 611 2977 530 610 2978 490 614 2979 489 613 2980 519 644 2981 519 644 2982 489 613 2983 520 643 2984 519 644 2985 520 643 2986 532 645 2987 532 645 2988 520 643 2989 531 620 2990 532 645 2991 531 620 2992 541 622 2993 541 622 2994 531 620 2995 540 621 2996 491 615 2997 490 614 2998 518 646 2999 518 646 3000 490 614 3001 519 644 3002 518 646 3003 519 644 3004 533 647 3005 533 647 3006 519 644 3007 532 645 3008 533 647 3009 532 645 3010 542 627 3011 542 627 3012 532 645 3013 541 622 3014 516 632 3015 493 551 3016 492 616 3017 492 616 3018 491 615 3019 517 648 3020 517 648 3021 491 615 3022 518 646 3023 517 648 3024 518 646 3025 534 628 3026 534 628 3027 518 646 3028 533 647 3029 534 628 3030 533 647 3031 543 626 3032 543 626 3033 533 647 3034 542 627 3035 539 541 3036 481 525 3037 512 539 3038 512 539 3039 481 525 3040 484 527 3041 536 631 3042 537 547 3043 515 549 3044 534 628 3045 535 630 3046 517 648 3047 517 648 3048 535 630 3049 516 632 3050 517 648 3051 516 632 3052 492 616 3053 526 582 3054 527 580 3055 525 607 3056 525 607 3057 527 580 3058 524 592 3059 571 649 3060 550 650 3061 570 651 3062 570 651 3063 550 650 3064 551 652 3065 570 651 3066 551 652 3067 569 653 3068 569 653 3069 551 652 3070 552 654 3071 569 653 3072 552 654 3073 568 655 3074 568 655 3075 552 654 3076 553 656 3077 568 655 3078 553 656 3079 567 657 3080 567 657 3081 553 656 3082 554 658 3083 567 657 3084 554 658 3085 566 659 3086 566 659 3087 554 658 3088 555 659 3089 566 659 3090 555 659 3091 565 660 3092 565 660 3093 555 659 3094 556 661 3095 565 660 3096 556 661 3097 564 662 3098 564 662 3099 556 661 3100 557 663 3101 564 662 3102 557 663 3103 563 664 3104 563 664 3105 557 663 3106 558 665 3107 563 664 3108 558 665 3109 562 666 3110 562 666 3111 558 665 3112 559 667 3113 562 666 3114 559 667 3115 561 668 3116 561 668 3117 559 667 3118 560 669 3119 571 670 3120 570 671 3121 572 672 3122 572 672 3123 570 671 3124 567 673 3125 572 672 3126 567 673 3127 566 674 3128 569 675 3129 568 676 3130 570 671 3131 570 671 3132 568 676 3133 567 673 3134 566 674 3135 565 677 3136 572 672 3137 572 672 3138 565 677 3139 573 678 3140 572 672 3141 573 678 3142 561 679 3143 561 679 3144 573 678 3145 562 680 3146 562 680 3147 573 678 3148 563 681 3149 563 681 3150 573 678 3151 564 682 3152 564 682 3153 573 678 3154 565 677 3155 574 683 3156 575 684 3157 561 679 3158 561 679 3159 575 684 3160 576 685 3161 561 679 3162 576 685 3163 572 672 3164 572 672 3165 576 685 3166 577 686 3167 572 672 3168 577 686 3169 583 687 3170 583 687 3171 577 686 3172 578 688 3173 583 687 3174 578 688 3175 579 689 3176 579 689 3177 580 690 3178 583 687 3179 583 687 3180 580 690 3181 572 672 3182 581 691 3183 582 692 3184 580 690 3185 580 690 3186 582 692 3187 571 670 3188 580 690 3189 571 670 3190 572 672 3191 561 668 3192 560 669 3193 574 693 3194 574 693 3195 560 669 3196 584 693 3197 574 693 3198 584 693 3199 575 694 3200 575 694 3201 584 693 3202 585 695 3203 575 694 3204 585 695 3205 576 696 3206 576 696 3207 585 695 3208 586 697 3209 576 696 3210 586 697 3211 577 698 3212 577 698 3213 586 697 3214 587 699 3215 577 698 3216 587 699 3217 578 700 3218 578 700 3219 587 699 3220 588 701 3221 578 700 3222 588 701 3223 579 702 3224 579 702 3225 588 701 3226 589 703 3227 579 702 3228 589 703 3229 580 704 3230 580 704 3231 589 703 3232 590 705 3233 580 704 3234 590 705 3235 581 706 3236 581 706 3237 590 705 3238 591 707 3239 581 706 3240 591 707 3241 582 708 3242 582 708 3243 591 707 3244 592 709 3245 582 708 3246 592 709 3247 571 649 3248 571 649 3249 592 709 3250 550 650 3251 594 710 3252 584 710 3253 593 710 3254 593 711 3255 584 711 3256 560 711 3257 593 488 3258 560 488 3259 612 488 3260 612 488 3261 560 488 3262 559 488 3263 612 488 3264 559 488 3265 611 488 3266 611 712 3267 559 712 3268 558 712 3269 611 713 3270 558 713 3271 610 713 3272 610 488 3273 558 488 3274 557 488 3275 610 714 3276 557 714 3277 556 714 3278 584 488 3279 594 488 3280 585 488 3281 585 488 3282 594 488 3283 595 488 3284 585 488 3285 595 488 3286 596 488 3287 585 488 3288 596 488 3289 586 488 3290 586 488 3291 596 488 3292 597 488 3293 586 715 3294 597 715 3295 587 715 3296 587 716 3297 597 716 3298 598 716 3299 587 717 3300 598 717 3301 588 717 3302 588 488 3303 598 488 3304 599 488 3305 588 718 3306 599 718 3307 589 718 3308 589 488 3309 599 488 3310 600 488 3311 589 719 3312 600 719 3313 590 719 3314 590 720 3315 600 720 3316 601 720 3317 590 721 3318 601 721 3319 591 721 3320 591 722 3321 601 722 3322 592 722 3323 592 488 3324 601 488 3325 602 488 3326 592 488 3327 602 488 3328 603 488 3329 604 488 3330 551 488 3331 603 488 3332 603 723 3333 551 723 3334 550 723 3335 603 724 3336 550 724 3337 592 724 3338 551 488 3339 604 488 3340 552 488 3341 552 488 3342 604 488 3343 605 488 3344 552 488 3345 605 488 3346 606 488 3347 552 488 3348 606 488 3349 553 488 3350 553 488 3351 606 488 3352 607 488 3353 553 725 3354 607 725 3355 554 725 3356 554 488 3357 607 488 3358 608 488 3359 554 726 3360 608 726 3361 555 726 3362 555 716 3363 608 716 3364 609 716 3365 555 727 3366 609 727 3367 556 727 3368 556 488 3369 609 488 3370 610 488 3371 603 728 3372 613 729 3373 604 730 3374 604 730 3375 613 729 3376 614 731 3377 604 730 3378 614 731 3379 605 732 3380 605 732 3381 614 731 3382 615 733 3383 605 732 3384 615 733 3385 606 734 3386 606 734 3387 615 733 3388 616 735 3389 606 734 3390 616 735 3391 607 736 3392 607 736 3393 616 735 3394 617 737 3395 607 736 3396 617 737 3397 608 738 3398 608 738 3399 617 737 3400 618 739 3401 608 738 3402 618 739 3403 609 740 3404 609 740 3405 618 739 3406 619 741 3407 609 740 3408 619 741 3409 610 742 3410 610 742 3411 619 741 3412 620 743 3413 610 742 3414 620 743 3415 611 744 3416 611 744 3417 620 743 3418 621 745 3419 611 744 3420 621 745 3421 612 746 3422 612 746 3423 621 745 3424 622 747 3425 612 746 3426 622 747 3427 593 748 3428 593 748 3429 622 747 3430 623 749 3431 649 750 3432 624 751 3433 652 752 3434 652 752 3435 624 751 3436 625 753 3437 652 752 3438 625 753 3439 651 754 3440 651 754 3441 625 753 3442 626 755 3443 651 754 3444 626 755 3445 653 756 3446 653 756 3447 626 755 3448 627 757 3449 653 756 3450 627 757 3451 654 758 3452 654 758 3453 627 757 3454 628 759 3455 654 758 3456 628 759 3457 655 760 3458 655 760 3459 628 759 3460 629 761 3461 655 760 3462 629 761 3463 656 762 3464 656 762 3465 629 761 3466 630 763 3467 656 762 3468 630 763 3469 657 764 3470 657 764 3471 630 763 3472 631 765 3473 657 764 3474 631 765 3475 658 766 3476 658 766 3477 631 765 3478 632 767 3479 658 766 3480 632 767 3481 659 768 3482 659 768 3483 632 767 3484 633 769 3485 659 768 3486 633 769 3487 650 770 3488 650 770 3489 633 769 3490 635 771 3491 650 770 3492 635 771 3493 636 772 3494 633 769 3495 634 773 3496 635 771 3497 636 772 3498 637 774 3499 650 770 3500 650 770 3501 637 774 3502 638 775 3503 650 770 3504 638 775 3505 659 768 3506 659 768 3507 638 775 3508 639 776 3509 659 768 3510 639 776 3511 658 766 3512 658 766 3513 639 776 3514 640 777 3515 658 766 3516 640 777 3517 657 764 3518 657 764 3519 640 777 3520 641 778 3521 657 764 3522 641 778 3523 656 762 3524 656 762 3525 641 778 3526 642 779 3527 656 762 3528 642 779 3529 655 760 3530 655 760 3531 642 779 3532 643 780 3533 655 760 3534 643 780 3535 654 758 3536 654 758 3537 643 780 3538 644 781 3539 654 758 3540 644 781 3541 653 756 3542 653 756 3543 644 781 3544 645 782 3545 653 756 3546 645 782 3547 651 754 3548 651 754 3549 645 782 3550 646 783 3551 651 754 3552 646 783 3553 652 752 3554 652 752 3555 646 783 3556 647 784 3557 652 752 3558 647 784 3559 648 785 3560 648 785 3561 649 750 3562 652 752 3563 660 786 3564 661 787 3565 689 788 3566 689 788 3567 661 787 3568 662 789 3569 689 788 3570 662 789 3571 688 790 3572 688 790 3573 662 789 3574 663 791 3575 688 790 3576 663 791 3577 687 792 3578 687 792 3579 663 791 3580 664 793 3581 687 792 3582 664 793 3583 686 794 3584 686 794 3585 664 793 3586 665 795 3587 686 794 3588 665 795 3589 685 796 3590 685 796 3591 665 795 3592 666 797 3593 685 796 3594 666 797 3595 684 798 3596 684 798 3597 666 797 3598 667 799 3599 684 800 3600 667 801 3601 683 802 3602 683 802 3603 667 801 3604 682 803 3605 682 803 3606 667 801 3607 668 804 3608 682 803 3609 668 804 3610 681 805 3611 681 805 3612 668 804 3613 669 806 3614 681 805 3615 669 806 3616 680 807 3617 680 807 3618 669 806 3619 679 808 3620 679 808 3621 669 806 3622 670 809 3623 679 808 3624 670 809 3625 678 810 3626 678 810 3627 670 809 3628 671 811 3629 678 810 3630 671 811 3631 677 812 3632 677 812 3633 671 811 3634 676 813 3635 676 813 3636 671 811 3637 672 814 3638 676 813 3639 672 814 3640 675 815 3641 675 815 3642 672 814 3643 673 816 3644 675 815 3645 673 816 3646 674 817 3647 637 774 3648 690 818 3649 638 775 3650 638 775 3651 690 818 3652 691 819 3653 638 775 3654 691 819 3655 622 820 3656 622 820 3657 691 819 3658 623 821 3659 622 820 3660 621 822 3661 638 775 3662 638 775 3663 621 822 3664 639 776 3665 639 776 3666 621 822 3667 620 823 3668 639 776 3669 620 823 3670 640 777 3671 640 777 3672 620 823 3673 619 824 3674 640 777 3675 619 824 3676 641 778 3677 641 778 3678 619 824 3679 618 825 3680 641 778 3681 618 825 3682 642 779 3683 642 779 3684 618 825 3685 617 826 3686 642 779 3687 617 826 3688 643 780 3689 643 780 3690 617 826 3691 616 827 3692 643 780 3693 616 827 3694 644 781 3695 644 781 3696 616 827 3697 615 828 3698 644 781 3699 615 828 3700 645 782 3701 645 782 3702 615 828 3703 614 829 3704 645 782 3705 614 829 3706 646 783 3707 646 783 3708 614 829 3709 693 830 3710 646 783 3711 693 830 3712 647 784 3713 613 831 3714 692 832 3715 614 829 3716 614 829 3717 692 832 3718 693 830 3719 613 729 3720 603 728 3721 702 833 3722 702 833 3723 603 728 3724 602 834 3725 702 833 3726 602 834 3727 701 835 3728 701 835 3729 602 834 3730 601 836 3731 701 835 3732 601 836 3733 700 837 3734 700 837 3735 601 836 3736 600 838 3737 700 837 3738 600 838 3739 699 839 3740 699 839 3741 600 838 3742 599 840 3743 699 839 3744 599 840 3745 698 841 3746 698 841 3747 599 840 3748 598 842 3749 698 841 3750 598 842 3751 697 843 3752 697 843 3753 598 842 3754 597 844 3755 697 843 3756 597 844 3757 696 845 3758 696 845 3759 597 844 3760 596 846 3761 696 845 3762 596 846 3763 695 847 3764 695 847 3765 596 846 3766 595 848 3767 695 847 3768 595 848 3769 694 849 3770 694 849 3771 595 848 3772 594 850 3773 694 849 3774 594 850 3775 623 749 3776 623 749 3777 594 850 3778 593 748 3779 703 851 3780 704 852 3781 736 853 3782 736 853 3783 704 852 3784 737 854 3785 736 853 3786 737 854 3787 738 855 3788 738 855 3789 737 854 3790 741 856 3791 738 855 3792 741 856 3793 742 857 3794 742 857 3795 741 856 3796 745 858 3797 742 857 3798 745 858 3799 730 859 3800 730 859 3801 745 858 3802 729 860 3803 729 860 3804 745 858 3805 728 861 3806 728 861 3807 745 858 3808 748 862 3809 728 861 3810 748 862 3811 727 863 3812 727 863 3813 748 862 3814 751 864 3815 727 863 3816 751 864 3817 726 865 3818 726 865 3819 751 864 3820 725 866 3821 725 866 3822 751 864 3823 754 867 3824 725 866 3825 754 867 3826 724 868 3827 724 868 3828 754 867 3829 757 869 3830 724 868 3831 757 869 3832 723 870 3833 723 870 3834 757 869 3835 722 871 3836 722 871 3837 757 869 3838 760 872 3839 722 871 3840 760 872 3841 721 873 3842 721 873 3843 760 872 3844 720 874 3845 720 874 3846 760 872 3847 763 875 3848 720 874 3849 763 875 3850 719 876 3851 719 876 3852 763 875 3853 718 877 3854 718 877 3855 763 875 3856 717 878 3857 717 878 3858 763 875 3859 762 879 3860 717 878 3861 762 879 3862 716 880 3863 716 880 3864 762 879 3865 761 881 3866 716 880 3867 761 881 3868 715 882 3869 715 882 3870 761 881 3871 714 883 3872 714 883 3873 761 881 3874 713 884 3875 713 884 3876 761 881 3877 758 885 3878 713 884 3879 758 885 3880 712 886 3881 712 886 3882 758 885 3883 755 887 3884 712 886 3885 755 887 3886 711 888 3887 711 888 3888 755 887 3889 752 889 3890 711 888 3891 752 889 3892 710 890 3893 710 890 3894 752 889 3895 749 891 3896 710 890 3897 749 891 3898 709 892 3899 709 892 3900 749 891 3901 746 893 3902 709 892 3903 746 893 3904 708 894 3905 708 894 3906 746 893 3907 743 895 3908 708 894 3909 743 895 3910 707 896 3911 707 896 3912 743 895 3913 740 897 3914 707 896 3915 740 897 3916 706 898 3917 706 898 3918 740 897 3919 705 899 3920 705 899 3921 740 897 3922 737 854 3923 705 899 3924 737 854 3925 704 852 3926 730 859 3927 731 900 3928 742 857 3929 742 857 3930 731 900 3931 732 901 3932 742 857 3933 732 901 3934 739 902 3935 739 902 3936 732 901 3937 733 903 3938 739 902 3939 733 903 3940 735 904 3941 735 904 3942 733 903 3943 734 905 3944 739 902 3945 735 904 3946 738 855 3947 738 855 3948 735 904 3949 736 853 3950 742 857 3951 739 902 3952 738 855 3953 737 854 3954 740 897 3955 741 856 3956 741 856 3957 740 897 3958 744 906 3959 741 856 3960 744 906 3961 745 858 3962 745 858 3963 744 906 3964 748 862 3965 740 897 3966 743 895 3967 744 906 3968 744 906 3969 743 895 3970 747 907 3971 744 906 3972 747 907 3973 748 862 3974 748 862 3975 747 907 3976 750 908 3977 748 862 3978 750 908 3979 751 864 3980 751 864 3981 750 908 3982 753 909 3983 751 864 3984 753 909 3985 754 867 3986 754 867 3987 753 909 3988 757 869 3989 743 895 3990 746 893 3991 747 907 3992 747 907 3993 746 893 3994 749 891 3995 747 907 3996 749 891 3997 750 908 3998 750 908 3999 749 891 4000 752 889 4001 750 908 4002 752 889 4003 753 909 4004 753 909 4005 752 889 4006 756 910 4007 753 909 4008 756 910 4009 757 869 4010 757 869 4011 756 910 4012 760 872 4013 752 889 4014 755 887 4015 756 910 4016 756 910 4017 755 887 4018 759 911 4019 756 910 4020 759 911 4021 760 872 4022 760 872 4023 759 911 4024 763 875 4025 755 887 4026 758 885 4027 759 911 4028 759 911 4029 758 885 4030 762 879 4031 759 911 4032 762 879 4033 763 875 4034 761 881 4035 762 879 4036 758 885 4037 764 912 4038 765 913 4039 797 914 4040 797 914 4041 765 913 4042 798 915 4043 797 914 4044 798 915 4045 799 916 4046 799 916 4047 798 915 4048 802 917 4049 799 916 4050 802 917 4051 803 918 4052 803 918 4053 802 917 4054 806 919 4055 803 918 4056 806 919 4057 791 920 4058 791 920 4059 806 919 4060 790 921 4061 790 921 4062 806 919 4063 789 922 4064 789 922 4065 806 919 4066 809 923 4067 789 922 4068 809 923 4069 788 924 4070 788 924 4071 809 923 4072 812 925 4073 788 924 4074 812 925 4075 787 926 4076 787 926 4077 812 925 4078 786 927 4079 786 927 4080 812 925 4081 815 928 4082 786 927 4083 815 928 4084 785 929 4085 785 929 4086 815 928 4087 818 930 4088 785 929 4089 818 930 4090 784 931 4091 784 931 4092 818 930 4093 783 932 4094 783 932 4095 818 930 4096 821 933 4097 783 932 4098 821 933 4099 782 934 4100 782 934 4101 821 933 4102 781 935 4103 781 935 4104 821 933 4105 824 936 4106 781 935 4107 824 936 4108 780 937 4109 780 937 4110 824 936 4111 779 938 4112 779 938 4113 824 936 4114 778 939 4115 778 939 4116 824 936 4117 823 940 4118 778 939 4119 823 940 4120 777 941 4121 777 941 4122 823 940 4123 822 942 4124 777 941 4125 822 942 4126 776 943 4127 776 943 4128 822 942 4129 775 944 4130 775 944 4131 822 942 4132 774 945 4133 774 945 4134 822 942 4135 819 946 4136 774 945 4137 819 946 4138 773 947 4139 773 947 4140 819 946 4141 816 948 4142 773 947 4143 816 948 4144 772 949 4145 772 949 4146 816 948 4147 813 950 4148 772 949 4149 813 950 4150 771 951 4151 771 951 4152 813 950 4153 810 952 4154 771 951 4155 810 952 4156 770 953 4157 770 953 4158 810 952 4159 807 954 4160 770 953 4161 807 954 4162 769 955 4163 769 955 4164 807 954 4165 804 956 4166 769 955 4167 804 956 4168 768 957 4169 768 957 4170 804 956 4171 801 958 4172 768 957 4173 801 958 4174 767 959 4175 767 959 4176 801 958 4177 766 960 4178 766 960 4179 801 958 4180 798 915 4181 766 960 4182 798 915 4183 765 913 4184 791 920 4185 792 961 4186 803 918 4187 803 918 4188 792 961 4189 793 962 4190 803 918 4191 793 962 4192 800 963 4193 800 963 4194 793 962 4195 794 964 4196 800 963 4197 794 964 4198 796 965 4199 796 965 4200 794 964 4201 795 966 4202 800 963 4203 796 965 4204 799 916 4205 799 916 4206 796 965 4207 797 914 4208 803 918 4209 800 963 4210 799 916 4211 798 915 4212 801 958 4213 802 917 4214 802 917 4215 801 958 4216 805 967 4217 802 917 4218 805 967 4219 806 919 4220 806 919 4221 805 967 4222 809 923 4223 801 958 4224 804 956 4225 805 967 4226 805 967 4227 804 956 4228 808 968 4229 805 967 4230 808 968 4231 809 923 4232 809 923 4233 808 968 4234 812 925 4235 804 956 4236 807 954 4237 808 968 4238 808 968 4239 807 954 4240 811 969 4241 808 968 4242 811 969 4243 812 925 4244 812 925 4245 811 969 4246 815 928 4247 807 954 4248 810 952 4249 811 969 4250 811 969 4251 810 952 4252 814 970 4253 811 969 4254 814 970 4255 815 928 4256 815 928 4257 814 970 4258 818 930 4259 810 952 4260 813 950 4261 814 970 4262 814 970 4263 813 950 4264 817 971 4265 814 970 4266 817 971 4267 818 930 4268 818 930 4269 817 971 4270 821 933 4271 813 950 4272 816 948 4273 817 971 4274 817 971 4275 816 948 4276 820 972 4277 817 971 4278 820 972 4279 821 933 4280 821 933 4281 820 972 4282 824 936 4283 816 948 4284 819 946 4285 820 972 4286 820 972 4287 819 946 4288 823 940 4289 820 972 4290 823 940 4291 824 936 4292 822 942 4293 823 940 4294 819 946 4295 825 973 4296 826 974 4297 858 975 4298 858 975 4299 826 974 4300 859 976 4301 858 975 4302 859 976 4303 860 977 4304 860 977 4305 859 976 4306 863 978 4307 860 977 4308 863 978 4309 864 979 4310 864 979 4311 863 978 4312 867 980 4313 864 979 4314 867 980 4315 852 981 4316 852 981 4317 867 980 4318 851 982 4319 851 982 4320 867 980 4321 850 983 4322 850 983 4323 867 980 4324 870 984 4325 850 983 4326 870 984 4327 849 985 4328 849 985 4329 870 984 4330 873 986 4331 849 985 4332 873 986 4333 848 987 4334 848 987 4335 873 986 4336 847 988 4337 847 988 4338 873 986 4339 876 989 4340 847 988 4341 876 989 4342 846 990 4343 846 990 4344 876 989 4345 879 991 4346 846 990 4347 879 991 4348 845 992 4349 845 992 4350 879 991 4351 844 993 4352 844 993 4353 879 991 4354 882 994 4355 844 993 4356 882 994 4357 843 995 4358 843 995 4359 882 994 4360 842 996 4361 842 996 4362 882 994 4363 885 997 4364 842 996 4365 885 997 4366 841 998 4367 841 998 4368 885 997 4369 840 999 4370 840 999 4371 885 997 4372 839 1000 4373 839 1000 4374 885 997 4375 884 1001 4376 839 1000 4377 884 1001 4378 838 1002 4379 838 1002 4380 884 1001 4381 883 1003 4382 838 1002 4383 883 1003 4384 837 1004 4385 837 1004 4386 883 1003 4387 836 1005 4388 836 1005 4389 883 1003 4390 835 1006 4391 835 1006 4392 883 1003 4393 880 1007 4394 835 1006 4395 880 1007 4396 834 1008 4397 834 1008 4398 880 1007 4399 877 1009 4400 834 1008 4401 877 1009 4402 833 1010 4403 833 1010 4404 877 1009 4405 874 1011 4406 833 1010 4407 874 1011 4408 832 1012 4409 832 1012 4410 874 1011 4411 871 1013 4412 832 1012 4413 871 1013 4414 831 1014 4415 831 1014 4416 871 1013 4417 868 1015 4418 831 1014 4419 868 1015 4420 830 1016 4421 830 1016 4422 868 1015 4423 865 1017 4424 830 1016 4425 865 1017 4426 829 1018 4427 829 1018 4428 865 1017 4429 862 1019 4430 829 1018 4431 862 1019 4432 828 1020 4433 828 1020 4434 862 1019 4435 827 1021 4436 827 1021 4437 862 1019 4438 859 976 4439 827 1021 4440 859 976 4441 826 974 4442 852 981 4443 853 1022 4444 864 979 4445 864 979 4446 853 1022 4447 854 1023 4448 864 979 4449 854 1023 4450 861 1024 4451 861 1024 4452 854 1023 4453 855 1025 4454 861 1024 4455 855 1025 4456 857 1026 4457 857 1026 4458 855 1025 4459 856 1027 4460 861 1024 4461 857 1026 4462 860 977 4463 860 977 4464 857 1026 4465 858 975 4466 864 979 4467 861 1024 4468 860 977 4469 859 976 4470 862 1019 4471 863 978 4472 863 978 4473 862 1019 4474 866 1028 4475 863 978 4476 866 1028 4477 867 980 4478 867 980 4479 866 1028 4480 870 984 4481 862 1019 4482 865 1017 4483 866 1028 4484 866 1028 4485 865 1017 4486 869 1029 4487 866 1028 4488 869 1029 4489 870 984 4490 870 984 4491 869 1029 4492 873 986 4493 865 1017 4494 868 1015 4495 869 1029 4496 869 1029 4497 868 1015 4498 872 1030 4499 869 1029 4500 872 1030 4501 873 986 4502 873 986 4503 872 1030 4504 876 989 4505 868 1015 4506 871 1013 4507 872 1030 4508 872 1030 4509 871 1013 4510 875 1031 4511 872 1030 4512 875 1031 4513 876 989 4514 876 989 4515 875 1031 4516 879 991 4517 871 1013 4518 874 1011 4519 875 1031 4520 875 1031 4521 874 1011 4522 878 1032 4523 875 1031 4524 878 1032 4525 879 991 4526 879 991 4527 878 1032 4528 882 994 4529 874 1011 4530 877 1009 4531 878 1032 4532 878 1032 4533 877 1009 4534 881 1033 4535 878 1032 4536 881 1033 4537 882 994 4538 882 994 4539 881 1033 4540 885 997 4541 877 1009 4542 880 1007 4543 881 1033 4544 881 1033 4545 880 1007 4546 884 1001 4547 881 1033 4548 884 1001 4549 885 997 4550 883 1003 4551 884 1001 4552 880 1007 4553 886 1034 4554 887 1034 4555 888 1034 4556 886 1035 4557 888 1035 4558 889 1035 4559 886 1036 4560 889 1036 4561 890 1036 4562 886 1037 4563 890 1037 4564 891 1037 4565 886 1038 4566 891 1038 4567 892 1038 4568 886 1039 4569 892 1039 4570 887 1039 4571 893 1034 4572 894 1034 4573 895 1034 4574 893 1040 4575 895 1040 4576 896 1040 4577 893 1041 4578 896 1041 4579 897 1041 4580 893 1037 4581 897 1037 4582 898 1037 4583 893 1042 4584 898 1042 4585 899 1042 4586 893 1043 4587 899 1043 4588 894 1043 4589 900 1034 4590 901 1034 4591 902 1034 4592 900 1044 4593 902 1044 4594 903 1044 4595 900 1036 4596 903 1036 4597 904 1036 4598 900 1037 4599 904 1037 4600 905 1037 4601 900 1038 4602 905 1038 4603 906 1038 4604 900 1045 4605 906 1045 4606 901 1045 4607 908 1046 4608 888 1046 4609 907 1046 4610 907 1046 4611 888 1046 4612 887 1046 4613 909 1047 4614 889 1047 4615 908 1047 4616 908 1047 4617 889 1047 4618 888 1047 4619 910 1048 4620 890 1048 4621 909 1048 4622 909 1048 4623 890 1048 4624 889 1048 4625 911 1049 4626 891 1049 4627 910 1049 4628 910 1049 4629 891 1049 4630 890 1049 4631 912 1050 4632 892 1050 4633 911 1050 4634 911 1051 4635 892 1051 4636 891 1051 4637 907 1052 4638 887 1052 4639 912 1052 4640 912 1053 4641 887 1053 4642 892 1053 4643 914 1046 4644 895 1046 4645 913 1046 4646 913 1046 4647 895 1046 4648 894 1046 4649 915 1054 4650 896 1054 4651 914 1054 4652 914 1055 4653 896 1055 4654 895 1055 4655 916 1056 4656 897 1056 4657 915 1056 4658 915 1057 4659 897 1057 4660 896 1057 4661 917 1049 4662 898 1049 4663 916 1049 4664 916 1049 4665 898 1049 4666 897 1049 4667 918 1058 4668 899 1058 4669 917 1058 4670 917 1059 4671 899 1059 4672 898 1059 4673 913 1060 4674 894 1060 4675 918 1060 4676 918 1061 4677 894 1061 4678 899 1061 4679 920 1046 4680 902 1046 4681 919 1046 4682 919 1046 4683 902 1046 4684 901 1046 4685 921 1062 4686 903 1062 4687 920 1062 4688 920 1063 4689 903 1063 4690 902 1063 4691 922 1064 4692 904 1064 4693 921 1064 4694 921 1065 4695 904 1066 4696 903 1067 4697 923 1049 4698 905 1049 4699 922 1049 4700 922 1049 4701 905 1049 4702 904 1049 4703 924 1050 4704 906 1050 4705 923 1050 4706 923 1068 4707 906 1068 4708 905 1068 4709 919 1069 4710 901 1069 4711 924 1069 4712 924 1070 4713 901 1070 4714 906 1070 4715 855 488 4716 911 488 4717 856 488 4718 856 488 4719 911 488 4720 910 488 4721 856 1071 4722 910 1071 4723 939 1071 4724 939 1072 4725 910 1072 4726 938 1072 4727 938 488 4728 910 488 4729 937 488 4730 937 488 4731 910 488 4732 936 488 4733 936 1073 4734 910 1073 4735 935 1073 4736 935 1074 4737 910 1074 4738 909 1074 4739 935 488 4740 909 488 4741 934 488 4742 934 488 4743 909 488 4744 933 488 4745 933 1075 4746 909 1075 4747 932 1075 4748 932 1076 4749 909 1076 4750 931 1076 4751 931 488 4752 909 488 4753 930 488 4754 930 488 4755 909 488 4756 929 488 4757 929 1077 4758 909 1077 4759 908 1077 4760 929 1078 4761 908 1078 4762 928 1078 4763 928 488 4764 908 488 4765 927 488 4766 927 1079 4767 908 1079 4768 926 1079 4769 926 1080 4770 908 1080 4771 925 1080 4772 925 488 4773 908 488 4774 840 488 4775 840 488 4776 908 488 4777 907 488 4778 840 1081 4779 907 1081 4780 841 1081 4781 841 1082 4782 907 1082 4783 842 1082 4784 842 488 4785 907 488 4786 843 488 4787 843 1083 4788 907 1083 4789 844 1083 4790 844 1084 4791 907 1084 4792 845 1084 4793 845 488 4794 907 488 4795 912 488 4796 845 488 4797 912 488 4798 846 488 4799 846 1085 4800 912 1085 4801 847 1085 4802 847 1086 4803 912 1086 4804 848 1086 4805 848 1087 4806 912 1087 4807 849 1087 4808 849 1088 4809 912 1088 4810 850 1088 4811 850 1089 4812 912 1089 4813 851 1089 4814 851 488 4815 912 488 4816 911 488 4817 851 1090 4818 911 1090 4819 852 1090 4820 852 488 4821 911 488 4822 853 488 4823 853 1079 4824 911 1079 4825 854 1079 4826 854 488 4827 911 488 4828 855 488 4829 794 488 4830 917 488 4831 795 488 4832 795 488 4833 917 488 4834 916 488 4835 795 1091 4836 916 1091 4837 954 1091 4838 954 1092 4839 916 1092 4840 953 1092 4841 953 488 4842 916 488 4843 952 488 4844 952 488 4845 916 488 4846 951 488 4847 951 488 4848 916 488 4849 950 488 4850 950 1093 4851 916 1093 4852 915 1093 4853 950 488 4854 915 488 4855 949 488 4856 949 488 4857 915 488 4858 948 488 4859 948 488 4860 915 488 4861 947 488 4862 947 488 4863 915 488 4864 946 488 4865 946 488 4866 915 488 4867 945 488 4868 945 488 4869 915 488 4870 944 488 4871 944 1094 4872 915 1094 4873 914 1094 4874 944 488 4875 914 488 4876 943 488 4877 943 488 4878 914 488 4879 942 488 4880 942 1095 4881 914 1095 4882 941 1095 4883 941 488 4884 914 488 4885 940 488 4886 940 488 4887 914 488 4888 779 488 4889 779 488 4890 914 488 4891 913 488 4892 779 1091 4893 913 1091 4894 780 1091 4895 780 1096 4896 913 1096 4897 781 1096 4898 781 488 4899 913 488 4900 782 488 4901 782 488 4902 913 488 4903 783 488 4904 783 1097 4905 913 1097 4906 784 1097 4907 784 488 4908 913 488 4909 918 488 4910 784 1098 4911 918 1098 4912 785 1098 4913 785 1099 4914 918 1099 4915 786 1099 4916 786 488 4917 918 488 4918 787 488 4919 787 488 4920 918 488 4921 788 488 4922 788 1088 4923 918 1088 4924 789 1088 4925 789 1100 4926 918 1100 4927 790 1100 4928 790 488 4929 918 488 4930 917 488 4931 790 1101 4932 917 1101 4933 791 1101 4934 791 488 4935 917 488 4936 792 488 4937 792 1102 4938 917 1102 4939 793 1102 4940 793 1080 4941 917 1080 4942 794 1080 4943 733 488 4944 923 488 4945 734 488 4946 734 488 4947 923 488 4948 922 488 4949 734 1071 4950 922 1071 4951 969 1071 4952 969 1072 4953 922 1072 4954 968 1072 4955 968 488 4956 922 488 4957 967 488 4958 967 488 4959 922 488 4960 966 488 4961 966 1103 4962 922 1103 4963 965 1103 4964 965 1074 4965 922 1074 4966 921 1074 4967 965 488 4968 921 488 4969 964 488 4970 964 488 4971 921 488 4972 963 488 4973 963 1075 4974 921 1075 4975 962 1075 4976 962 1104 4977 921 1104 4978 961 1104 4979 961 488 4980 921 488 4981 960 488 4982 960 488 4983 921 488 4984 959 488 4985 959 1093 4986 921 1093 4987 920 1093 4988 959 1078 4989 920 1078 4990 958 1078 4991 958 488 4992 920 488 4993 957 488 4994 957 1079 4995 920 1079 4996 956 1079 4997 956 1080 4998 920 1080 4999 955 1080 5000 955 488 5001 920 488 5002 718 488 5003 718 488 5004 920 488 5005 919 488 5006 718 1081 5007 919 1081 5008 719 1081 5009 719 1082 5010 919 1082 5011 720 1082 5012 720 488 5013 919 488 5014 721 488 5015 721 1105 5016 919 1105 5017 722 1105 5018 722 1084 5019 919 1084 5020 723 1084 5021 723 488 5022 919 488 5023 924 488 5024 723 488 5025 924 488 5026 724 488 5027 724 1085 5028 924 1085 5029 725 1085 5030 725 1106 5031 924 1106 5032 726 1106 5033 726 1087 5034 924 1087 5035 727 1087 5036 727 1088 5037 924 1088 5038 728 1088 5039 728 1089 5040 924 1089 5041 729 1089 5042 729 488 5043 924 488 5044 923 488 5045 729 1107 5046 923 1107 5047 730 1107 5048 730 488 5049 923 488 5050 731 488 5051 731 1079 5052 923 1079 5053 732 1079 5054 732 488 5055 923 488 5056 733 488 5057 840 999 5058 839 1000 5059 925 1108 5060 925 1108 5061 839 1000 5062 983 1109 5063 925 1108 5064 983 1109 5065 926 1110 5066 926 1110 5067 983 1109 5068 986 1111 5069 926 1110 5070 986 1111 5071 927 1112 5072 927 1112 5073 986 1111 5074 928 1113 5075 928 1113 5076 986 1111 5077 989 1114 5078 928 1113 5079 989 1114 5080 929 1115 5081 929 1115 5082 989 1114 5083 930 1116 5084 930 1116 5085 989 1114 5086 992 1117 5087 930 1116 5088 992 1117 5089 931 1118 5090 931 1118 5091 992 1117 5092 995 1119 5093 931 1118 5094 995 1119 5095 932 1120 5096 932 1120 5097 995 1119 5098 933 1121 5099 933 1121 5100 995 1119 5101 998 1122 5102 933 1121 5103 998 1122 5104 934 1123 5105 934 1123 5106 998 1122 5107 1001 1124 5108 934 1123 5109 1001 1124 5110 935 1125 5111 935 1125 5112 1001 1124 5113 936 1126 5114 936 1126 5115 1001 1124 5116 1004 1127 5117 936 1126 5118 1004 1127 5119 937 1128 5120 937 1128 5121 1004 1127 5122 938 1129 5123 938 1129 5124 1004 1127 5125 1007 1130 5126 938 1129 5127 1007 1130 5128 939 1131 5129 939 1131 5130 1007 1130 5131 856 1027 5132 856 1027 5133 1007 1130 5134 857 1026 5135 857 1026 5136 1007 1130 5137 1006 1132 5138 857 1026 5139 1006 1132 5140 858 975 5141 858 975 5142 1006 1132 5143 1005 1133 5144 858 975 5145 1005 1133 5146 825 973 5147 825 973 5148 1005 1133 5149 980 1134 5150 980 1134 5151 1005 1133 5152 979 1135 5153 979 1135 5154 1005 1133 5155 1002 1136 5156 979 1135 5157 1002 1136 5158 978 1137 5159 978 1137 5160 1002 1136 5161 999 1138 5162 978 1137 5163 999 1138 5164 977 1139 5165 977 1139 5166 999 1138 5167 996 1140 5168 977 1139 5169 996 1140 5170 976 1141 5171 976 1141 5172 996 1140 5173 993 1142 5174 976 1141 5175 993 1142 5176 975 1143 5177 975 1143 5178 993 1142 5179 990 1144 5180 975 1143 5181 990 1144 5182 974 1145 5183 974 1145 5184 990 1144 5185 987 1146 5186 974 1145 5187 987 1146 5188 973 1147 5189 973 1147 5190 987 1146 5191 984 1148 5192 973 1147 5193 984 1148 5194 972 1149 5195 972 1149 5196 984 1148 5197 971 1150 5198 971 1150 5199 984 1148 5200 981 1151 5201 971 1150 5202 981 1151 5203 970 1152 5204 970 1152 5205 981 1151 5206 838 1002 5207 970 1152 5208 838 1002 5209 837 1004 5210 983 1109 5211 839 1000 5212 982 1153 5213 982 1153 5214 839 1000 5215 838 1002 5216 982 1153 5217 838 1002 5218 981 1151 5219 986 1111 5220 983 1109 5221 982 1153 5222 982 1153 5223 981 1151 5224 985 1154 5225 985 1154 5226 981 1151 5227 984 1148 5228 985 1154 5229 984 1148 5230 988 1155 5231 988 1155 5232 984 1148 5233 987 1146 5234 988 1155 5235 987 1146 5236 991 1156 5237 991 1156 5238 987 1146 5239 990 1144 5240 991 1156 5241 990 1144 5242 994 1157 5243 994 1157 5244 990 1144 5245 993 1142 5246 994 1157 5247 993 1142 5248 997 1158 5249 997 1158 5250 993 1142 5251 996 1140 5252 997 1158 5253 996 1140 5254 1000 1159 5255 1000 1159 5256 996 1140 5257 999 1138 5258 1000 1159 5259 999 1138 5260 1003 1160 5261 1003 1160 5262 999 1138 5263 1002 1136 5264 1003 1160 5265 1002 1136 5266 1006 1132 5267 1006 1132 5268 1002 1136 5269 1005 1133 5270 989 1114 5271 986 1111 5272 985 1154 5273 985 1154 5274 986 1111 5275 982 1153 5276 989 1114 5277 985 1154 5278 988 1155 5279 992 1117 5280 989 1114 5281 988 1155 5282 992 1117 5283 988 1155 5284 991 1156 5285 995 1119 5286 992 1117 5287 991 1156 5288 995 1119 5289 991 1156 5290 994 1157 5291 998 1122 5292 995 1119 5293 994 1157 5294 998 1122 5295 994 1157 5296 997 1158 5297 1001 1124 5298 998 1122 5299 997 1158 5300 1001 1124 5301 997 1158 5302 1000 1159 5303 1004 1127 5304 1001 1124 5305 1000 1159 5306 1004 1127 5307 1000 1159 5308 1003 1160 5309 1007 1130 5310 1004 1127 5311 1003 1160 5312 1007 1130 5313 1003 1160 5314 1006 1132 5315 779 938 5316 778 939 5317 940 1161 5318 940 1161 5319 778 939 5320 1021 1162 5321 940 1161 5322 1021 1162 5323 941 1163 5324 941 1163 5325 1021 1162 5326 1024 1164 5327 941 1163 5328 1024 1164 5329 942 1165 5330 942 1165 5331 1024 1164 5332 943 1166 5333 943 1166 5334 1024 1164 5335 1027 1167 5336 943 1166 5337 1027 1167 5338 944 1168 5339 944 1168 5340 1027 1167 5341 945 1169 5342 945 1169 5343 1027 1167 5344 1030 1170 5345 945 1169 5346 1030 1170 5347 946 1171 5348 946 1171 5349 1030 1170 5350 1033 1172 5351 946 1171 5352 1033 1172 5353 947 1173 5354 947 1173 5355 1033 1172 5356 948 1174 5357 948 1174 5358 1033 1172 5359 1036 1175 5360 948 1174 5361 1036 1175 5362 949 1176 5363 949 1176 5364 1036 1175 5365 1039 1177 5366 949 1176 5367 1039 1177 5368 950 1178 5369 950 1178 5370 1039 1177 5371 951 1179 5372 951 1179 5373 1039 1177 5374 1042 1180 5375 951 1179 5376 1042 1180 5377 952 1181 5378 952 1181 5379 1042 1180 5380 953 1182 5381 953 1182 5382 1042 1180 5383 1045 1183 5384 953 1182 5385 1045 1183 5386 954 1184 5387 954 1184 5388 1045 1183 5389 795 966 5390 795 966 5391 1045 1183 5392 796 965 5393 796 965 5394 1045 1183 5395 1044 1185 5396 796 965 5397 1044 1185 5398 797 914 5399 797 914 5400 1044 1185 5401 1043 1186 5402 797 914 5403 1043 1186 5404 764 912 5405 764 912 5406 1043 1186 5407 1018 1187 5408 1018 1187 5409 1043 1186 5410 1017 1188 5411 1017 1188 5412 1043 1186 5413 1040 1189 5414 1017 1188 5415 1040 1189 5416 1016 1190 5417 1016 1190 5418 1040 1189 5419 1037 1191 5420 1016 1190 5421 1037 1191 5422 1015 1192 5423 1015 1192 5424 1037 1191 5425 1034 1193 5426 1015 1192 5427 1034 1193 5428 1014 1194 5429 1014 1194 5430 1034 1193 5431 1031 1195 5432 1014 1194 5433 1031 1195 5434 1013 1196 5435 1013 1196 5436 1031 1195 5437 1028 1197 5438 1013 1196 5439 1028 1197 5440 1012 1198 5441 1012 1198 5442 1028 1197 5443 1025 1199 5444 1012 1198 5445 1025 1199 5446 1011 1200 5447 1011 1200 5448 1025 1199 5449 1022 1201 5450 1011 1200 5451 1022 1201 5452 1010 1202 5453 1010 1202 5454 1022 1201 5455 1009 1203 5456 1009 1203 5457 1022 1201 5458 1019 1204 5459 1009 1203 5460 1019 1204 5461 1008 1205 5462 1008 1205 5463 1019 1204 5464 777 941 5465 1008 1205 5466 777 941 5467 776 943 5468 1021 1162 5469 778 939 5470 1020 1206 5471 1020 1206 5472 778 939 5473 777 941 5474 1020 1206 5475 777 941 5476 1019 1204 5477 1024 1164 5478 1021 1162 5479 1020 1206 5480 1020 1206 5481 1019 1204 5482 1023 1207 5483 1023 1207 5484 1019 1204 5485 1022 1201 5486 1023 1207 5487 1022 1201 5488 1026 1208 5489 1026 1208 5490 1022 1201 5491 1025 1199 5492 1026 1208 5493 1025 1199 5494 1029 1209 5495 1029 1209 5496 1025 1199 5497 1028 1197 5498 1029 1209 5499 1028 1197 5500 1032 1210 5501 1032 1210 5502 1028 1197 5503 1031 1195 5504 1032 1210 5505 1031 1195 5506 1035 1211 5507 1035 1211 5508 1031 1195 5509 1034 1193 5510 1035 1211 5511 1034 1193 5512 1038 1212 5513 1038 1212 5514 1034 1193 5515 1037 1191 5516 1038 1212 5517 1037 1191 5518 1041 1213 5519 1041 1213 5520 1037 1191 5521 1040 1189 5522 1041 1213 5523 1040 1189 5524 1044 1185 5525 1044 1185 5526 1040 1189 5527 1043 1186 5528 1027 1167 5529 1024 1164 5530 1023 1207 5531 1023 1207 5532 1024 1164 5533 1020 1206 5534 1027 1167 5535 1023 1207 5536 1026 1208 5537 1030 1170 5538 1027 1167 5539 1026 1208 5540 1030 1170 5541 1026 1208 5542 1029 1209 5543 1033 1172 5544 1030 1170 5545 1029 1209 5546 1033 1172 5547 1029 1209 5548 1032 1210 5549 1036 1175 5550 1033 1172 5551 1032 1210 5552 1036 1175 5553 1032 1210 5554 1035 1211 5555 1039 1177 5556 1036 1175 5557 1035 1211 5558 1039 1177 5559 1035 1211 5560 1038 1212 5561 1042 1180 5562 1039 1177 5563 1038 1212 5564 1042 1180 5565 1038 1212 5566 1041 1213 5567 1045 1183 5568 1042 1180 5569 1041 1213 5570 1045 1183 5571 1041 1213 5572 1044 1185 5573 718 877 5574 717 878 5575 955 1214 5576 955 1214 5577 717 878 5578 1059 1215 5579 955 1214 5580 1059 1215 5581 956 1216 5582 956 1216 5583 1059 1215 5584 1062 1217 5585 956 1216 5586 1062 1217 5587 957 1218 5588 957 1218 5589 1062 1217 5590 958 1219 5591 958 1219 5592 1062 1217 5593 1065 1220 5594 958 1219 5595 1065 1220 5596 959 1221 5597 959 1221 5598 1065 1220 5599 960 1222 5600 960 1222 5601 1065 1220 5602 1068 1223 5603 960 1222 5604 1068 1223 5605 961 1224 5606 961 1224 5607 1068 1223 5608 1071 1225 5609 961 1224 5610 1071 1225 5611 962 1226 5612 962 1226 5613 1071 1225 5614 963 1227 5615 963 1227 5616 1071 1225 5617 1074 1228 5618 963 1227 5619 1074 1228 5620 964 1229 5621 964 1229 5622 1074 1228 5623 1077 1230 5624 964 1229 5625 1077 1230 5626 965 1231 5627 965 1231 5628 1077 1230 5629 966 1232 5630 966 1232 5631 1077 1230 5632 1080 1233 5633 966 1232 5634 1080 1233 5635 967 1234 5636 967 1234 5637 1080 1233 5638 968 1235 5639 968 1235 5640 1080 1233 5641 1083 1236 5642 968 1235 5643 1083 1236 5644 969 1237 5645 969 1237 5646 1083 1236 5647 734 905 5648 734 905 5649 1083 1236 5650 735 904 5651 735 904 5652 1083 1236 5653 1082 1238 5654 735 904 5655 1082 1238 5656 736 853 5657 736 853 5658 1082 1238 5659 1081 1239 5660 736 853 5661 1081 1239 5662 703 851 5663 703 851 5664 1081 1239 5665 1056 1240 5666 1056 1240 5667 1081 1239 5668 1055 1241 5669 1055 1241 5670 1081 1239 5671 1078 1242 5672 1055 1241 5673 1078 1242 5674 1054 1243 5675 1054 1243 5676 1078 1242 5677 1075 1244 5678 1054 1243 5679 1075 1244 5680 1053 1245 5681 1053 1245 5682 1075 1244 5683 1072 1246 5684 1053 1245 5685 1072 1246 5686 1052 1247 5687 1052 1247 5688 1072 1246 5689 1069 1248 5690 1052 1247 5691 1069 1248 5692 1051 1249 5693 1051 1249 5694 1069 1248 5695 1066 1250 5696 1051 1249 5697 1066 1250 5698 1050 1251 5699 1050 1251 5700 1066 1250 5701 1063 1252 5702 1050 1251 5703 1063 1252 5704 1049 1253 5705 1049 1253 5706 1063 1252 5707 1060 1254 5708 1049 1253 5709 1060 1254 5710 1048 1255 5711 1048 1255 5712 1060 1254 5713 1047 1256 5714 1047 1256 5715 1060 1254 5716 1057 1257 5717 1047 1256 5718 1057 1257 5719 1046 1258 5720 1046 1258 5721 1057 1257 5722 716 880 5723 1046 1258 5724 716 880 5725 715 882 5726 1059 1215 5727 717 878 5728 1058 1259 5729 1058 1259 5730 717 878 5731 716 880 5732 1058 1259 5733 716 880 5734 1057 1257 5735 1062 1217 5736 1059 1215 5737 1058 1259 5738 1058 1259 5739 1057 1257 5740 1061 1260 5741 1061 1260 5742 1057 1257 5743 1060 1254 5744 1061 1260 5745 1060 1254 5746 1064 1261 5747 1064 1261 5748 1060 1254 5749 1063 1252 5750 1064 1261 5751 1063 1252 5752 1067 1262 5753 1067 1262 5754 1063 1252 5755 1066 1250 5756 1067 1262 5757 1066 1250 5758 1070 1263 5759 1070 1263 5760 1066 1250 5761 1069 1248 5762 1070 1263 5763 1069 1248 5764 1073 1264 5765 1073 1264 5766 1069 1248 5767 1072 1246 5768 1073 1264 5769 1072 1246 5770 1076 1265 5771 1076 1265 5772 1072 1246 5773 1075 1244 5774 1076 1265 5775 1075 1244 5776 1079 1266 5777 1079 1266 5778 1075 1244 5779 1078 1242 5780 1079 1266 5781 1078 1242 5782 1082 1238 5783 1082 1238 5784 1078 1242 5785 1081 1239 5786 1065 1220 5787 1062 1217 5788 1061 1260 5789 1061 1260 5790 1062 1217 5791 1058 1259 5792 1065 1220 5793 1061 1260 5794 1064 1261 5795 1068 1223 5796 1065 1220 5797 1064 1261 5798 1068 1223 5799 1064 1261 5800 1067 1262 5801 1071 1225 5802 1068 1223 5803 1067 1262 5804 1071 1225 5805 1067 1262 5806 1070 1263 5807 1074 1228 5808 1071 1225 5809 1070 1263 5810 1074 1228 5811 1070 1263 5812 1073 1264 5813 1077 1230 5814 1074 1228 5815 1073 1264 5816 1077 1230 5817 1073 1264 5818 1076 1265 5819 1080 1233 5820 1077 1230 5821 1076 1265 5822 1080 1233 5823 1076 1265 5824 1079 1266 5825 1083 1236 5826 1080 1233 5827 1079 1266 5828 1083 1236 5829 1079 1266 5830 1082 1238 5831 1085 488 5832 974 488 5833 1084 488 5834 1084 488 5835 974 488 5836 973 488 5837 1084 488 5838 973 488 5839 1107 488 5840 1107 488 5841 973 488 5842 972 488 5843 1107 488 5844 972 488 5845 1106 488 5846 1106 488 5847 972 488 5848 971 488 5849 1106 1267 5850 971 1267 5851 1105 1267 5852 1105 1268 5853 971 1268 5854 970 1268 5855 1105 488 5856 970 488 5857 1104 488 5858 1104 488 5859 970 488 5860 837 488 5861 1104 488 5862 837 488 5863 836 488 5864 974 1269 5865 1085 1269 5866 975 1269 5867 975 488 5868 1085 488 5869 1086 488 5870 975 1270 5871 1086 1270 5872 976 1270 5873 976 488 5874 1086 488 5875 1087 488 5876 976 1271 5877 1087 1271 5878 1088 1271 5879 976 1272 5880 1088 1272 5881 977 1272 5882 977 488 5883 1088 488 5884 1089 488 5885 977 1273 5886 1089 1273 5887 978 1273 5888 978 488 5889 1089 488 5890 1090 488 5891 978 488 5892 1090 488 5893 979 488 5894 979 488 5895 1090 488 5896 1091 488 5897 979 1274 5898 1091 1274 5899 980 1274 5900 980 1275 5901 1091 1275 5902 1092 1275 5903 980 488 5904 1092 488 5905 825 488 5906 825 488 5907 1092 488 5908 826 488 5909 826 1276 5910 1092 1276 5911 1093 1276 5912 826 488 5913 1093 488 5914 827 488 5915 827 1277 5916 1093 1277 5917 1094 1277 5918 827 488 5919 1094 488 5920 828 488 5921 828 488 5922 1094 488 5923 1095 488 5924 828 488 5925 1095 488 5926 829 488 5927 829 488 5928 1095 488 5929 1096 488 5930 829 1278 5931 1096 1278 5932 830 1278 5933 830 488 5934 1096 488 5935 1097 488 5936 830 1279 5937 1097 1279 5938 831 1279 5939 831 488 5940 1097 488 5941 1098 488 5942 831 1269 5943 1098 1269 5944 832 1269 5945 832 488 5946 1098 488 5947 1099 488 5948 832 1280 5949 1099 1280 5950 1100 1280 5951 832 488 5952 1100 488 5953 833 488 5954 833 1281 5955 1100 1281 5956 1101 1281 5957 833 488 5958 1101 488 5959 834 488 5960 834 488 5961 1101 488 5962 1102 488 5963 834 488 5964 1102 488 5965 835 488 5966 835 1282 5967 1102 1282 5968 1103 1282 5969 835 1283 5970 1103 1283 5971 836 1283 5972 836 488 5973 1103 488 5974 1104 488 5975 1109 488 5976 1012 488 5977 1108 488 5978 1108 488 5979 1012 488 5980 1011 488 5981 1108 488 5982 1011 488 5983 1131 488 5984 1131 488 5985 1011 488 5986 1010 488 5987 1131 488 5988 1010 488 5989 1130 488 5990 1130 488 5991 1010 488 5992 1009 488 5993 1130 1284 5994 1009 1284 5995 1129 1284 5996 1129 488 5997 1009 488 5998 1008 488 5999 1129 1285 6000 1008 1285 6001 1128 1285 6002 1128 488 6003 1008 488 6004 776 488 6005 1128 488 6006 776 488 6007 775 488 6008 1012 1279 6009 1109 1279 6010 1013 1279 6011 1013 488 6012 1109 488 6013 1110 488 6014 1013 488 6015 1110 488 6016 1014 488 6017 1014 488 6018 1110 488 6019 1111 488 6020 1014 1271 6021 1111 1271 6022 1112 1271 6023 1014 488 6024 1112 488 6025 1015 488 6026 1015 1286 6027 1112 1286 6028 1113 1286 6029 1015 488 6030 1113 488 6031 1016 488 6032 1016 488 6033 1113 488 6034 1114 488 6035 1016 488 6036 1114 488 6037 1017 488 6038 1017 1287 6039 1114 1287 6040 1115 1287 6041 1017 1288 6042 1115 1288 6043 1018 1288 6044 1018 488 6045 1115 488 6046 1116 488 6047 1018 488 6048 1116 488 6049 764 488 6050 764 488 6051 1116 488 6052 765 488 6053 765 488 6054 1116 488 6055 1117 488 6056 765 488 6057 1117 488 6058 766 488 6059 766 1285 6060 1117 1285 6061 1118 1285 6062 766 488 6063 1118 488 6064 767 488 6065 767 488 6066 1118 488 6067 1119 488 6068 767 488 6069 1119 488 6070 768 488 6071 768 488 6072 1119 488 6073 1120 488 6074 768 488 6075 1120 488 6076 769 488 6077 769 488 6078 1120 488 6079 1121 488 6080 769 1289 6081 1121 1289 6082 770 1289 6083 770 488 6084 1121 488 6085 1122 488 6086 770 488 6087 1122 488 6088 771 488 6089 771 488 6090 1122 488 6091 1123 488 6092 771 488 6093 1123 488 6094 1124 488 6095 771 488 6096 1124 488 6097 772 488 6098 772 488 6099 1124 488 6100 1125 488 6101 772 1290 6102 1125 1290 6103 773 1290 6104 773 488 6105 1125 488 6106 1126 488 6107 773 488 6108 1126 488 6109 774 488 6110 774 488 6111 1126 488 6112 1127 488 6113 774 1291 6114 1127 1291 6115 775 1291 6116 775 1292 6117 1127 1292 6118 1128 1292 6119 1132 488 6120 1050 488 6121 661 488 6122 661 488 6123 1050 488 6124 1049 488 6125 661 488 6126 1049 488 6127 662 488 6128 662 488 6129 1049 488 6130 1048 488 6131 662 488 6132 1048 488 6133 663 488 6134 663 488 6135 1048 488 6136 1047 488 6137 663 1293 6138 1047 1293 6139 664 1293 6140 664 1294 6141 1047 1294 6142 1046 1294 6143 664 488 6144 1046 488 6145 665 488 6146 665 488 6147 1046 488 6148 715 488 6149 665 488 6150 715 488 6151 714 488 6152 1050 1269 6153 1132 1269 6154 1051 1269 6155 1051 488 6156 1132 488 6157 1133 488 6158 1051 1270 6159 1133 1270 6160 1052 1270 6161 1052 488 6162 1133 488 6163 1134 488 6164 1052 1295 6165 1134 1295 6166 1135 1295 6167 1052 1296 6168 1135 1296 6169 1053 1296 6170 1053 488 6171 1135 488 6172 1136 488 6173 1053 1297 6174 1136 1297 6175 1054 1297 6176 1054 488 6177 1136 488 6178 1137 488 6179 1054 488 6180 1137 488 6181 1055 488 6182 1055 488 6183 1137 488 6184 1138 488 6185 1055 1274 6186 1138 1274 6187 1056 1274 6188 1056 1282 6189 1138 1282 6190 1139 1282 6191 1056 488 6192 1139 488 6193 703 488 6194 703 488 6195 1139 488 6196 704 488 6197 704 1293 6198 1139 1293 6199 1140 1293 6200 704 488 6201 1140 488 6202 705 488 6203 705 1298 6204 1140 1298 6205 1141 1298 6206 705 488 6207 1141 488 6208 706 488 6209 706 488 6210 1141 488 6211 1142 488 6212 706 488 6213 1142 488 6214 707 488 6215 707 488 6216 1142 488 6217 673 488 6218 707 1278 6219 673 1278 6220 708 1278 6221 708 488 6222 673 488 6223 672 488 6224 708 1279 6225 672 1279 6226 709 1279 6227 709 488 6228 672 488 6229 671 488 6230 709 1279 6231 671 1279 6232 710 1279 6233 710 488 6234 671 488 6235 670 488 6236 710 1280 6237 670 1280 6238 669 1280 6239 710 488 6240 669 488 6241 711 488 6242 711 1281 6243 669 1281 6244 668 1281 6245 711 488 6246 668 488 6247 712 488 6248 712 488 6249 668 488 6250 667 488 6251 712 488 6252 667 488 6253 713 488 6254 713 1282 6255 667 1282 6256 666 1282 6257 713 1299 6258 666 1299 6259 714 1299 6260 714 488 6261 666 488 6262 665 488 6263 637 774 6264 1143 1300 6265 690 818 6266 690 818 6267 1143 1300 6268 694 1301 6269 690 818 6270 694 1301 6271 691 819 6272 691 819 6273 694 1301 6274 623 821 6275 1143 1300 6276 1144 1302 6277 694 1301 6278 694 1301 6279 1144 1302 6280 695 1303 6281 695 1303 6282 1144 1302 6283 1145 1304 6284 695 1303 6285 1145 1304 6286 696 1305 6287 696 1305 6288 1145 1304 6289 1146 1306 6290 696 1305 6291 1146 1306 6292 697 1307 6293 697 1307 6294 1146 1306 6295 1147 1308 6296 697 1307 6297 1147 1308 6298 698 1309 6299 698 1309 6300 1147 1308 6301 1148 1310 6302 698 1309 6303 1148 1310 6304 699 1311 6305 699 1311 6306 1148 1310 6307 1149 1312 6308 699 1311 6309 1149 1312 6310 700 1313 6311 700 1313 6312 1149 1312 6313 1150 1314 6314 700 1313 6315 1150 1314 6316 701 1315 6317 701 1315 6318 1150 1314 6319 1151 1316 6320 701 1315 6321 1151 1316 6322 702 1317 6323 702 1317 6324 1151 1316 6325 692 832 6326 702 1317 6327 692 832 6328 613 831 6329 647 784 6330 693 830 6331 1151 1316 6332 1151 1316 6333 693 830 6334 692 832 6335 1152 1318 6336 1153 1319 6337 1084 1320 6338 1084 1321 6339 1153 1322 6340 1085 1323 6341 1085 1323 6342 1153 1322 6343 1154 1324 6344 1085 1323 6345 1154 1324 6346 1086 1325 6347 1086 1325 6348 1154 1324 6349 1155 1326 6350 1086 1325 6351 1155 1326 6352 1156 1327 6353 1086 1325 6354 1156 1327 6355 1087 1328 6356 1087 1328 6357 1156 1327 6358 1157 1329 6359 1087 1328 6360 1157 1329 6361 1088 1330 6362 1088 1330 6363 1157 1329 6364 1158 1331 6365 1088 1330 6366 1158 1331 6367 1159 1332 6368 1088 1330 6369 1159 1332 6370 1089 1333 6371 1089 1333 6372 1159 1332 6373 1160 1334 6374 1089 1333 6375 1160 1334 6376 1090 1335 6377 1090 1335 6378 1160 1334 6379 1161 1336 6380 1090 1335 6381 1161 1336 6382 1162 1337 6383 1090 1335 6384 1162 1337 6385 1091 1338 6386 1091 1338 6387 1162 1337 6388 1163 1339 6389 1091 1338 6390 1163 1339 6391 1092 1340 6392 1092 1340 6393 1163 1339 6394 1164 1341 6395 1092 1340 6396 1164 1341 6397 1165 1342 6398 1092 1340 6399 1165 1342 6400 1093 1343 6401 1093 1343 6402 1165 1342 6403 1166 1344 6404 1093 1343 6405 1166 1344 6406 1094 1345 6407 1094 1345 6408 1166 1344 6409 1167 1346 6410 1094 1345 6411 1167 1346 6412 1095 1347 6413 1095 1347 6414 1167 1346 6415 1096 1348 6416 1096 1348 6417 1167 1346 6418 1168 1349 6419 1169 1350 6420 1170 1351 6421 1108 1352 6422 1108 1353 6423 1170 1354 6424 1109 1355 6425 1109 1355 6426 1170 1354 6427 1171 1356 6428 1109 1355 6429 1171 1356 6430 1110 1357 6431 1110 1357 6432 1171 1356 6433 1172 1358 6434 1110 1357 6435 1172 1358 6436 1173 1359 6437 1110 1357 6438 1173 1359 6439 1111 1360 6440 1111 1360 6441 1173 1359 6442 1174 1361 6443 1111 1360 6444 1174 1361 6445 1112 1362 6446 1112 1362 6447 1174 1361 6448 1175 1363 6449 1112 1362 6450 1175 1363 6451 1176 1364 6452 1112 1362 6453 1176 1364 6454 1113 1365 6455 1113 1365 6456 1176 1364 6457 1177 1366 6458 1113 1365 6459 1177 1366 6460 1114 1367 6461 1114 1367 6462 1177 1366 6463 1178 1368 6464 1114 1367 6465 1178 1368 6466 1179 1369 6467 1114 1367 6468 1179 1369 6469 1115 1370 6470 1115 1370 6471 1179 1369 6472 1180 1371 6473 1115 1370 6474 1180 1371 6475 1116 1372 6476 1116 1372 6477 1180 1371 6478 1181 1373 6479 1116 1372 6480 1181 1373 6481 1182 1374 6482 1116 1372 6483 1182 1374 6484 1117 1375 6485 1117 1375 6486 1182 1374 6487 1183 1376 6488 1117 1375 6489 1183 1376 6490 1118 1377 6491 1118 1377 6492 1183 1376 6493 1184 1378 6494 1118 1377 6495 1184 1378 6496 1119 1379 6497 1119 1379 6498 1184 1378 6499 1120 1380 6500 1120 1380 6501 1184 1378 6502 1185 1381 6503 660 786 6504 1186 1382 6505 661 787 6506 661 787 6507 1186 1382 6508 1132 1383 6509 1132 1383 6510 1186 1382 6511 1187 1384 6512 1132 1383 6513 1187 1384 6514 1133 1385 6515 1133 1385 6516 1187 1384 6517 1188 1386 6518 1133 1385 6519 1188 1386 6520 1189 1387 6521 1133 1385 6522 1189 1387 6523 1134 1388 6524 1134 1388 6525 1189 1387 6526 1190 1389 6527 1134 1388 6528 1190 1389 6529 1135 1390 6530 1135 1390 6531 1190 1389 6532 1191 1391 6533 1135 1390 6534 1191 1391 6535 1192 1392 6536 1135 1390 6537 1192 1392 6538 1136 1393 6539 1136 1393 6540 1192 1392 6541 1193 1394 6542 1136 1393 6543 1193 1394 6544 1137 1395 6545 1137 1395 6546 1193 1394 6547 1194 1396 6548 1137 1395 6549 1194 1396 6550 1195 1397 6551 1137 1398 6552 1195 1399 6553 1138 1400 6554 1138 1400 6555 1195 1399 6556 1196 1401 6557 1138 1400 6558 1196 1401 6559 1139 1402 6560 1139 1402 6561 1196 1401 6562 1197 1403 6563 1139 1402 6564 1197 1403 6565 1140 1404 6566 1140 1404 6567 1197 1403 6568 1198 1405 6569 1140 1404 6570 1198 1405 6571 1141 1406 6572 1141 1406 6573 1198 1405 6574 1199 1407 6575 1141 1406 6576 1199 1407 6577 1142 1408 6578 1142 1408 6579 1199 1407 6580 1200 1409 6581 1142 1408 6582 1200 1409 6583 673 816 6584 673 816 6585 1200 1409 6586 674 817 6587 1143 1300 6588 637 774 6589 1212 1410 6590 1212 1410 6591 637 774 6592 636 772 6593 1212 1410 6594 636 772 6595 635 771 6596 635 771 6597 634 773 6598 1212 1410 6599 1212 1410 6600 634 773 6601 1201 1411 6602 1212 1410 6603 1201 1411 6604 1211 1412 6605 1211 1412 6606 1201 1411 6607 1202 1413 6608 1211 1412 6609 1202 1413 6610 1213 1414 6611 1213 1414 6612 1202 1413 6613 1203 1415 6614 1213 1414 6615 1203 1415 6616 1214 1416 6617 1214 1416 6618 1203 1415 6619 1204 1417 6620 1214 1416 6621 1204 1417 6622 1215 1418 6623 1215 1418 6624 1204 1417 6625 1205 1419 6626 1215 1418 6627 1205 1419 6628 1216 1420 6629 1216 1420 6630 1205 1419 6631 1206 1421 6632 1216 1420 6633 1206 1421 6634 1217 1422 6635 1217 1422 6636 1206 1421 6637 1207 1423 6638 1217 1422 6639 1207 1423 6640 1218 1424 6641 1218 1424 6642 1207 1423 6643 1208 1425 6644 1218 1424 6645 1208 1425 6646 1219 1426 6647 1219 1426 6648 1208 1425 6649 1209 1427 6650 1219 1426 6651 1209 1427 6652 1210 1428 6653 1210 1428 6654 1209 1427 6655 649 750 6656 1210 1428 6657 649 750 6658 648 785 6659 1209 1427 6660 624 751 6661 649 750 6662 648 785 6663 647 784 6664 1210 1428 6665 1210 1428 6666 647 784 6667 1151 1316 6668 1210 1428 6669 1151 1316 6670 1219 1426 6671 1219 1426 6672 1151 1316 6673 1150 1314 6674 1219 1426 6675 1150 1314 6676 1218 1424 6677 1218 1424 6678 1150 1314 6679 1149 1312 6680 1218 1424 6681 1149 1312 6682 1217 1422 6683 1217 1422 6684 1149 1312 6685 1148 1310 6686 1217 1422 6687 1148 1310 6688 1216 1420 6689 1216 1420 6690 1148 1310 6691 1147 1308 6692 1216 1420 6693 1147 1308 6694 1215 1418 6695 1215 1418 6696 1147 1308 6697 1146 1306 6698 1215 1418 6699 1146 1306 6700 1214 1416 6701 1214 1416 6702 1146 1306 6703 1145 1304 6704 1214 1416 6705 1145 1304 6706 1213 1414 6707 1213 1414 6708 1145 1304 6709 1144 1302 6710 1213 1414 6711 1144 1302 6712 1211 1412 6713 1211 1412 6714 1144 1302 6715 1143 1300 6716 1211 1412 6717 1143 1300 6718 1212 1410 6719 633 769 6720 1172 1429 6721 634 773 6722 634 773 6723 1172 1429 6724 1171 1430 6725 634 773 6726 1171 1430 6727 1170 1431 6728 632 767 6729 1228 1432 6730 633 769 6731 633 769 6732 1228 1432 6733 1229 1433 6734 633 769 6735 1229 1433 6736 1177 1434 6737 1177 1434 6738 1229 1433 6739 1178 1435 6740 1178 1435 6741 1229 1433 6742 1179 1436 6743 1179 1436 6744 1229 1433 6745 1180 1437 6746 1180 1437 6747 1229 1433 6748 1181 1438 6749 1181 1438 6750 1229 1433 6751 1182 1439 6752 1182 1439 6753 1229 1433 6754 1183 1440 6755 1183 1440 6756 1229 1433 6757 1230 1441 6758 1183 1440 6759 1230 1441 6760 1184 1442 6761 1184 1443 6762 1230 1444 6763 1185 1445 6764 1228 1432 6765 632 767 6766 1227 1446 6767 1227 1446 6768 632 767 6769 631 765 6770 1227 1446 6771 631 765 6772 1226 1447 6773 1226 1447 6774 631 765 6775 630 763 6776 1226 1447 6777 630 763 6778 674 1448 6779 674 1448 6780 630 763 6781 675 1449 6782 675 1449 6783 630 763 6784 676 1450 6785 676 1450 6786 630 763 6787 677 1451 6788 677 1451 6789 630 763 6790 678 1452 6791 678 1452 6792 630 763 6793 679 1453 6794 679 1453 6795 630 763 6796 629 761 6797 679 1453 6798 629 761 6799 680 1454 6800 680 1454 6801 629 761 6802 681 1455 6803 681 1456 6804 629 1457 6805 682 1458 6806 682 1459 6807 629 1460 6808 683 1461 6809 683 1462 6810 629 1463 6811 684 1464 6812 684 1465 6813 629 761 6814 685 1466 6815 685 1466 6816 629 761 6817 628 759 6818 685 1466 6819 628 759 6820 686 1467 6821 686 1467 6822 628 759 6823 687 1468 6824 687 1468 6825 628 759 6826 688 1469 6827 688 1469 6828 628 759 6829 689 1470 6830 689 1470 6831 628 759 6832 660 1471 6833 660 1471 6834 628 759 6835 1224 1472 6836 660 1471 6837 1224 1472 6838 1186 1473 6839 1186 1473 6840 1224 1472 6841 1187 1474 6842 1187 1474 6843 1224 1472 6844 1188 1475 6845 1188 1475 6846 1224 1472 6847 1189 1476 6848 1189 1476 6849 1224 1472 6850 1190 1477 6851 1190 1477 6852 1224 1472 6853 1191 1478 6854 1191 1478 6855 1224 1472 6856 1225 1479 6857 1191 1478 6858 1225 1479 6859 1192 1480 6860 1192 1481 6861 1225 1482 6862 1193 1483 6863 1193 1484 6864 1225 1485 6865 1194 1486 6866 1194 1487 6867 1225 1488 6868 1195 1489 6869 1195 1490 6870 1225 1479 6871 1226 1447 6872 1195 1490 6873 1226 1447 6874 1196 1491 6875 1196 1491 6876 1226 1447 6877 1197 1492 6878 1197 1492 6879 1226 1447 6880 1198 1493 6881 1198 1493 6882 1226 1447 6883 1199 1494 6884 1199 1494 6885 1226 1447 6886 1200 1495 6887 1200 1495 6888 1226 1447 6889 674 1448 6890 1224 1472 6891 628 759 6892 1223 1496 6893 1223 1496 6894 628 759 6895 627 757 6896 1223 1496 6897 627 757 6898 1222 1497 6899 1222 1497 6900 627 757 6901 626 755 6902 1222 1497 6903 626 755 6904 1221 1498 6905 1221 1498 6906 626 755 6907 625 753 6908 1221 1498 6909 625 753 6910 1158 1499 6911 1158 1499 6912 625 753 6913 1159 1500 6914 1159 1500 6915 625 753 6916 1160 1501 6917 1160 1501 6918 625 753 6919 1161 1502 6920 1161 1502 6921 625 753 6922 1162 1503 6923 1162 1503 6924 625 753 6925 1163 1504 6926 1163 1504 6927 625 753 6928 1164 1505 6929 1164 1505 6930 625 753 6931 1165 1506 6932 1165 1506 6933 625 753 6934 624 751 6935 1165 1506 6936 624 751 6937 1166 1507 6938 1166 1507 6939 624 751 6940 1167 1508 6941 1167 1509 6942 624 1510 6943 1168 1511 6944 1158 1499 6945 1157 1512 6946 1221 1498 6947 1221 1498 6948 1157 1512 6949 1156 1513 6950 1221 1498 6951 1156 1513 6952 1155 1514 6953 1155 1514 6954 1154 1515 6955 1221 1498 6956 1221 1498 6957 1154 1515 6958 1220 1516 6959 1220 1516 6960 1154 1515 6961 1153 1517 6962 1220 1518 6963 1153 1519 6964 1152 1520 6965 1177 1434 6966 1176 1521 6967 633 769 6968 633 769 6969 1176 1521 6970 1175 1522 6971 633 769 6972 1175 1522 6973 1174 1523 6974 1174 1523 6975 1173 1524 6976 633 769 6977 633 769 6978 1173 1524 6979 1172 1429 6980 1170 1525 6981 1169 1526 6982 634 1527 6983 1169 1350 6984 1108 1352 6985 1245 1528 6986 1245 1528 6987 1108 1352 6988 1131 1529 6989 1245 1528 6990 1131 1529 6991 1130 1530 6992 1245 1528 6993 1130 1530 6994 1244 1531 6995 1244 1531 6996 1130 1530 6997 1129 1532 6998 1244 1531 6999 1129 1532 7000 1243 1533 7001 1243 1533 7002 1129 1532 7003 1128 1534 7004 1243 1533 7005 1128 1534 7006 1242 1535 7007 1242 1535 7008 1128 1534 7009 1241 1536 7010 1241 1536 7011 1128 1534 7012 1127 1537 7013 1241 1536 7014 1127 1537 7015 1240 1538 7016 1240 1538 7017 1127 1537 7018 1126 1539 7019 1240 1538 7020 1126 1539 7021 1239 1540 7022 1239 1540 7023 1126 1539 7024 1238 1541 7025 1238 1541 7026 1126 1539 7027 1125 1542 7028 1238 1541 7029 1125 1542 7030 1237 1543 7031 1237 1543 7032 1125 1542 7033 1124 1544 7034 1237 1543 7035 1124 1544 7036 1236 1545 7037 1236 1545 7038 1124 1544 7039 1235 1546 7040 1235 1546 7041 1124 1544 7042 1123 1547 7043 1235 1546 7044 1123 1547 7045 1234 1548 7046 1234 1548 7047 1123 1547 7048 1122 1549 7049 1234 1548 7050 1122 1549 7051 1233 1550 7052 1233 1550 7053 1122 1549 7054 1232 1551 7055 1232 1551 7056 1122 1549 7057 1121 1552 7058 1232 1551 7059 1121 1552 7060 1231 1553 7061 1231 1553 7062 1121 1552 7063 1120 1554 7064 1231 1555 7065 1120 1380 7066 1185 1381 7067 1246 1556 7068 1247 1557 7069 1275 1558 7070 1275 1558 7071 1247 1557 7072 1248 1559 7073 1275 1558 7074 1248 1559 7075 1274 1560 7076 1274 1560 7077 1248 1559 7078 1249 1561 7079 1274 1560 7080 1249 1561 7081 1273 1562 7082 1273 1562 7083 1249 1561 7084 1250 1563 7085 1273 1562 7086 1250 1563 7087 1272 1564 7088 1272 1564 7089 1250 1563 7090 1251 1565 7091 1272 1564 7092 1251 1565 7093 1271 1566 7094 1271 1566 7095 1251 1565 7096 1252 1567 7097 1271 1566 7098 1252 1567 7099 1270 1568 7100 1270 1568 7101 1252 1567 7102 1253 1569 7103 1270 1570 7104 1253 1571 7105 1269 1572 7106 1269 1572 7107 1253 1571 7108 1268 1573 7109 1268 1573 7110 1253 1571 7111 1254 1574 7112 1268 1573 7113 1254 1574 7114 1267 1575 7115 1267 1575 7116 1254 1574 7117 1255 1576 7118 1267 1575 7119 1255 1576 7120 1266 1577 7121 1266 1577 7122 1255 1576 7123 1265 1578 7124 1265 1578 7125 1255 1576 7126 1256 1579 7127 1265 1578 7128 1256 1579 7129 1264 1580 7130 1264 1580 7131 1256 1579 7132 1257 1581 7133 1264 1580 7134 1257 1581 7135 1263 1582 7136 1263 1582 7137 1257 1581 7138 1262 1583 7139 1262 1583 7140 1257 1581 7141 1258 1584 7142 1262 1583 7143 1258 1584 7144 1261 1585 7145 1261 1585 7146 1258 1584 7147 1259 1586 7148 1261 1585 7149 1259 1586 7150 1260 1587 7151 1152 1318 7152 1084 1320 7153 1290 1588 7154 1290 1588 7155 1084 1320 7156 1107 1589 7157 1290 1588 7158 1107 1589 7159 1106 1590 7160 1290 1588 7161 1106 1590 7162 1289 1591 7163 1289 1591 7164 1106 1590 7165 1105 1592 7166 1289 1591 7167 1105 1592 7168 1288 1593 7169 1288 1593 7170 1105 1592 7171 1104 1594 7172 1288 1593 7173 1104 1594 7174 1287 1595 7175 1287 1595 7176 1104 1594 7177 1286 1596 7178 1286 1596 7179 1104 1594 7180 1103 1597 7181 1286 1596 7182 1103 1597 7183 1285 1598 7184 1285 1598 7185 1103 1597 7186 1102 1599 7187 1285 1598 7188 1102 1599 7189 1284 1600 7190 1284 1600 7191 1102 1599 7192 1283 1601 7193 1283 1601 7194 1102 1599 7195 1101 1602 7196 1283 1601 7197 1101 1602 7198 1282 1603 7199 1282 1603 7200 1101 1602 7201 1100 1604 7202 1282 1603 7203 1100 1604 7204 1281 1605 7205 1281 1605 7206 1100 1604 7207 1280 1606 7208 1280 1606 7209 1100 1604 7210 1099 1607 7211 1280 1606 7212 1099 1607 7213 1279 1608 7214 1279 1608 7215 1099 1607 7216 1098 1609 7217 1279 1608 7218 1098 1609 7219 1278 1610 7220 1278 1610 7221 1098 1609 7222 1277 1611 7223 1277 1611 7224 1098 1609 7225 1097 1612 7226 1277 1613 7227 1097 1614 7228 1276 1615 7229 1276 1615 7230 1097 1614 7231 1096 1348 7232 1276 1615 7233 1096 1348 7234 1168 1349 7235 1291 1616 7236 1292 1617 7237 1324 1618 7238 1324 1618 7239 1292 1617 7240 1325 1619 7241 1324 1618 7242 1325 1619 7243 1326 1620 7244 1326 1620 7245 1325 1619 7246 1329 1621 7247 1326 1620 7248 1329 1621 7249 1330 1622 7250 1330 1622 7251 1329 1621 7252 1333 1623 7253 1330 1622 7254 1333 1623 7255 1318 1624 7256 1318 1624 7257 1333 1623 7258 1317 1625 7259 1317 1625 7260 1333 1623 7261 1316 1626 7262 1316 1626 7263 1333 1623 7264 1336 1627 7265 1316 1626 7266 1336 1627 7267 1315 1628 7268 1315 1628 7269 1336 1627 7270 1339 1629 7271 1315 1628 7272 1339 1629 7273 1314 1630 7274 1314 1630 7275 1339 1629 7276 1313 1631 7277 1313 1631 7278 1339 1629 7279 1342 1632 7280 1313 1631 7281 1342 1632 7282 1312 1633 7283 1312 1633 7284 1342 1632 7285 1345 1634 7286 1312 1633 7287 1345 1634 7288 1311 1635 7289 1311 1635 7290 1345 1634 7291 1310 1636 7292 1310 1636 7293 1345 1634 7294 1348 1637 7295 1310 1636 7296 1348 1637 7297 1309 1638 7298 1309 1638 7299 1348 1637 7300 1308 1639 7301 1308 1639 7302 1348 1637 7303 1351 1640 7304 1308 1639 7305 1351 1640 7306 1307 1641 7307 1307 1641 7308 1351 1640 7309 1306 1642 7310 1306 1642 7311 1351 1640 7312 1305 1643 7313 1305 1643 7314 1351 1640 7315 1350 1644 7316 1305 1643 7317 1350 1644 7318 1304 1645 7319 1304 1645 7320 1350 1644 7321 1349 1646 7322 1304 1645 7323 1349 1646 7324 1303 1647 7325 1303 1647 7326 1349 1646 7327 1302 1648 7328 1302 1648 7329 1349 1646 7330 1301 1649 7331 1301 1649 7332 1349 1646 7333 1346 1650 7334 1301 1649 7335 1346 1650 7336 1300 1651 7337 1300 1651 7338 1346 1650 7339 1343 1652 7340 1300 1651 7341 1343 1652 7342 1299 1653 7343 1299 1653 7344 1343 1652 7345 1340 1654 7346 1299 1653 7347 1340 1654 7348 1298 1655 7349 1298 1655 7350 1340 1654 7351 1337 1656 7352 1298 1655 7353 1337 1656 7354 1297 1657 7355 1297 1657 7356 1337 1656 7357 1334 1658 7358 1297 1657 7359 1334 1658 7360 1296 1659 7361 1296 1659 7362 1334 1658 7363 1331 1660 7364 1296 1659 7365 1331 1660 7366 1295 1661 7367 1295 1661 7368 1331 1660 7369 1328 1662 7370 1295 1661 7371 1328 1662 7372 1294 1663 7373 1294 1663 7374 1328 1662 7375 1293 1664 7376 1293 1664 7377 1328 1662 7378 1325 1619 7379 1293 1664 7380 1325 1619 7381 1292 1617 7382 1318 1624 7383 1319 1665 7384 1330 1622 7385 1330 1622 7386 1319 1665 7387 1320 1666 7388 1330 1622 7389 1320 1666 7390 1327 1667 7391 1327 1667 7392 1320 1666 7393 1321 1668 7394 1327 1667 7395 1321 1668 7396 1323 1669 7397 1323 1669 7398 1321 1668 7399 1322 1670 7400 1327 1667 7401 1323 1669 7402 1326 1620 7403 1326 1620 7404 1323 1669 7405 1324 1618 7406 1330 1622 7407 1327 1667 7408 1326 1620 7409 1325 1619 7410 1328 1662 7411 1329 1621 7412 1329 1621 7413 1328 1662 7414 1332 1671 7415 1329 1621 7416 1332 1671 7417 1333 1623 7418 1333 1623 7419 1332 1671 7420 1336 1627 7421 1328 1662 7422 1331 1660 7423 1332 1671 7424 1332 1671 7425 1331 1660 7426 1335 1672 7427 1332 1671 7428 1335 1672 7429 1336 1627 7430 1336 1627 7431 1335 1672 7432 1339 1629 7433 1331 1660 7434 1334 1658 7435 1335 1672 7436 1335 1672 7437 1334 1658 7438 1338 1673 7439 1335 1672 7440 1338 1673 7441 1339 1629 7442 1339 1629 7443 1338 1673 7444 1342 1632 7445 1334 1658 7446 1337 1656 7447 1338 1673 7448 1338 1673 7449 1337 1656 7450 1341 1674 7451 1338 1673 7452 1341 1674 7453 1342 1632 7454 1342 1632 7455 1341 1674 7456 1345 1634 7457 1337 1656 7458 1340 1654 7459 1341 1674 7460 1341 1674 7461 1340 1654 7462 1344 1675 7463 1341 1674 7464 1344 1675 7465 1345 1634 7466 1345 1634 7467 1344 1675 7468 1348 1637 7469 1340 1654 7470 1343 1652 7471 1344 1675 7472 1344 1675 7473 1343 1652 7474 1347 1676 7475 1344 1675 7476 1347 1676 7477 1348 1637 7478 1348 1637 7479 1347 1676 7480 1351 1640 7481 1343 1652 7482 1346 1650 7483 1347 1676 7484 1347 1676 7485 1346 1650 7486 1350 1644 7487 1347 1676 7488 1350 1644 7489 1351 1640 7490 1349 1646 7491 1350 1644 7492 1346 1650 7493 1352 1034 7494 1353 1034 7495 1354 1034 7496 1352 1677 7497 1354 1677 7498 1355 1677 7499 1352 1041 7500 1355 1041 7501 1356 1041 7502 1352 1037 7503 1356 1037 7504 1357 1037 7505 1352 1042 7506 1357 1042 7507 1358 1042 7508 1352 1678 7509 1358 1678 7510 1353 1678 7511 1360 1046 7512 1354 1046 7513 1359 1046 7514 1359 1046 7515 1354 1046 7516 1353 1046 7517 1361 1679 7518 1355 1679 7519 1360 1679 7520 1360 1680 7521 1355 1680 7522 1354 1680 7523 1362 1681 7524 1356 1681 7525 1361 1681 7526 1361 1057 7527 1356 1057 7528 1355 1057 7529 1363 1049 7530 1357 1049 7531 1362 1049 7532 1362 1049 7533 1357 1049 7534 1356 1049 7535 1364 1058 7536 1358 1058 7537 1363 1058 7538 1363 1682 7539 1358 1682 7540 1357 1682 7541 1359 1683 7542 1353 1683 7543 1364 1683 7544 1364 1684 7545 1353 1684 7546 1358 1684 7547 1321 488 7548 1363 488 7549 1322 488 7550 1322 488 7551 1363 488 7552 1362 488 7553 1322 1685 7554 1362 1685 7555 1379 1685 7556 1379 1686 7557 1362 1686 7558 1378 1686 7559 1378 488 7560 1362 488 7561 1377 488 7562 1377 488 7563 1362 488 7564 1376 488 7565 1376 488 7566 1362 488 7567 1375 488 7568 1375 1687 7569 1362 1687 7570 1361 1687 7571 1375 488 7572 1361 488 7573 1374 488 7574 1374 488 7575 1361 488 7576 1373 488 7577 1373 488 7578 1361 488 7579 1372 488 7580 1372 488 7581 1361 488 7582 1371 488 7583 1371 488 7584 1361 488 7585 1370 488 7586 1370 488 7587 1361 488 7588 1369 488 7589 1369 1688 7590 1361 1688 7591 1360 1688 7592 1369 488 7593 1360 488 7594 1368 488 7595 1368 488 7596 1360 488 7597 1367 488 7598 1367 1689 7599 1360 1689 7600 1366 1689 7601 1366 488 7602 1360 488 7603 1365 488 7604 1365 488 7605 1360 488 7606 1306 488 7607 1306 488 7608 1360 488 7609 1359 488 7610 1306 1685 7611 1359 1685 7612 1307 1685 7613 1307 1096 7614 1359 1096 7615 1308 1096 7616 1308 488 7617 1359 488 7618 1309 488 7619 1309 488 7620 1359 488 7621 1310 488 7622 1310 1690 7623 1359 1690 7624 1311 1690 7625 1311 488 7626 1359 488 7627 1364 488 7628 1311 1691 7629 1364 1691 7630 1312 1691 7631 1312 1099 7632 1364 1099 7633 1313 1099 7634 1313 488 7635 1364 488 7636 1314 488 7637 1314 488 7638 1364 488 7639 1315 488 7640 1315 1088 7641 1364 1088 7642 1316 1088 7643 1316 1089 7644 1364 1089 7645 1317 1089 7646 1317 488 7647 1364 488 7648 1363 488 7649 1317 1692 7650 1363 1692 7651 1318 1692 7652 1318 488 7653 1363 488 7654 1319 488 7655 1319 1102 7656 1363 1102 7657 1320 1102 7658 1320 1693 7659 1363 1693 7660 1321 1693 7661 1306 1642 7662 1305 1643 7663 1365 1694 7664 1365 1694 7665 1305 1643 7666 1393 1695 7667 1365 1694 7668 1393 1695 7669 1366 1696 7670 1366 1696 7671 1393 1695 7672 1396 1697 7673 1366 1696 7674 1396 1697 7675 1367 1698 7676 1367 1698 7677 1396 1697 7678 1368 1699 7679 1368 1699 7680 1396 1697 7681 1399 1700 7682 1368 1699 7683 1399 1700 7684 1369 1701 7685 1369 1701 7686 1399 1700 7687 1370 1702 7688 1370 1702 7689 1399 1700 7690 1402 1703 7691 1370 1702 7692 1402 1703 7693 1371 1704 7694 1371 1704 7695 1402 1703 7696 1405 1705 7697 1371 1704 7698 1405 1705 7699 1372 1706 7700 1372 1706 7701 1405 1705 7702 1373 1707 7703 1373 1707 7704 1405 1705 7705 1408 1708 7706 1373 1707 7707 1408 1708 7708 1374 1709 7709 1374 1709 7710 1408 1708 7711 1411 1710 7712 1374 1709 7713 1411 1710 7714 1375 1711 7715 1375 1711 7716 1411 1710 7717 1376 1712 7718 1376 1712 7719 1411 1710 7720 1414 1713 7721 1376 1712 7722 1414 1713 7723 1377 1714 7724 1377 1714 7725 1414 1713 7726 1378 1715 7727 1378 1715 7728 1414 1713 7729 1417 1716 7730 1378 1715 7731 1417 1716 7732 1379 1717 7733 1379 1717 7734 1417 1716 7735 1322 1670 7736 1322 1670 7737 1417 1716 7738 1323 1669 7739 1323 1669 7740 1417 1716 7741 1416 1718 7742 1323 1669 7743 1416 1718 7744 1324 1618 7745 1324 1618 7746 1416 1718 7747 1415 1719 7748 1324 1618 7749 1415 1719 7750 1291 1616 7751 1291 1616 7752 1415 1719 7753 1390 1720 7754 1390 1720 7755 1415 1719 7756 1389 1721 7757 1389 1721 7758 1415 1719 7759 1412 1722 7760 1389 1721 7761 1412 1722 7762 1388 1723 7763 1388 1723 7764 1412 1722 7765 1409 1724 7766 1388 1723 7767 1409 1724 7768 1387 1725 7769 1387 1725 7770 1409 1724 7771 1406 1726 7772 1387 1725 7773 1406 1726 7774 1386 1727 7775 1386 1727 7776 1406 1726 7777 1403 1728 7778 1386 1727 7779 1403 1728 7780 1385 1729 7781 1385 1729 7782 1403 1728 7783 1400 1730 7784 1385 1729 7785 1400 1730 7786 1384 1731 7787 1384 1731 7788 1400 1730 7789 1397 1732 7790 1384 1731 7791 1397 1732 7792 1383 1733 7793 1383 1733 7794 1397 1732 7795 1394 1734 7796 1383 1733 7797 1394 1734 7798 1382 1735 7799 1382 1735 7800 1394 1734 7801 1381 1736 7802 1381 1736 7803 1394 1734 7804 1391 1737 7805 1381 1736 7806 1391 1737 7807 1380 1738 7808 1380 1738 7809 1391 1737 7810 1304 1645 7811 1380 1738 7812 1304 1645 7813 1303 1647 7814 1393 1695 7815 1305 1643 7816 1392 1739 7817 1392 1739 7818 1305 1643 7819 1304 1645 7820 1392 1739 7821 1304 1645 7822 1391 1737 7823 1396 1697 7824 1393 1695 7825 1392 1739 7826 1392 1739 7827 1391 1737 7828 1395 1740 7829 1395 1740 7830 1391 1737 7831 1394 1734 7832 1395 1740 7833 1394 1734 7834 1398 1741 7835 1398 1741 7836 1394 1734 7837 1397 1732 7838 1398 1741 7839 1397 1732 7840 1401 1742 7841 1401 1742 7842 1397 1732 7843 1400 1730 7844 1401 1742 7845 1400 1730 7846 1404 1743 7847 1404 1743 7848 1400 1730 7849 1403 1728 7850 1404 1743 7851 1403 1728 7852 1407 1744 7853 1407 1744 7854 1403 1728 7855 1406 1726 7856 1407 1744 7857 1406 1726 7858 1410 1745 7859 1410 1745 7860 1406 1726 7861 1409 1724 7862 1410 1745 7863 1409 1724 7864 1413 1746 7865 1413 1746 7866 1409 1724 7867 1412 1722 7868 1413 1746 7869 1412 1722 7870 1416 1718 7871 1416 1718 7872 1412 1722 7873 1415 1719 7874 1399 1700 7875 1396 1697 7876 1395 1740 7877 1395 1740 7878 1396 1697 7879 1392 1739 7880 1399 1700 7881 1395 1740 7882 1398 1741 7883 1402 1703 7884 1399 1700 7885 1398 1741 7886 1402 1703 7887 1398 1741 7888 1401 1742 7889 1405 1705 7890 1402 1703 7891 1401 1742 7892 1405 1705 7893 1401 1742 7894 1404 1743 7895 1408 1708 7896 1405 1705 7897 1404 1743 7898 1408 1708 7899 1404 1743 7900 1407 1744 7901 1411 1710 7902 1408 1708 7903 1407 1744 7904 1411 1710 7905 1407 1744 7906 1410 1745 7907 1414 1713 7908 1411 1710 7909 1410 1745 7910 1414 1713 7911 1410 1745 7912 1413 1746 7913 1417 1716 7914 1414 1713 7915 1413 1746 7916 1417 1716 7917 1413 1746 7918 1416 1718 7919 1418 488 7920 1384 488 7921 1247 488 7922 1247 488 7923 1384 488 7924 1383 488 7925 1247 488 7926 1383 488 7927 1248 488 7928 1248 488 7929 1383 488 7930 1382 488 7931 1248 488 7932 1382 488 7933 1249 488 7934 1249 488 7935 1382 488 7936 1381 488 7937 1249 1267 7938 1381 1267 7939 1250 1267 7940 1250 488 7941 1381 488 7942 1380 488 7943 1250 1285 7944 1380 1285 7945 1251 1285 7946 1251 488 7947 1380 488 7948 1303 488 7949 1251 488 7950 1303 488 7951 1302 488 7952 1384 1279 7953 1418 1279 7954 1385 1279 7955 1385 488 7956 1418 488 7957 1419 488 7958 1385 488 7959 1419 488 7960 1386 488 7961 1386 488 7962 1419 488 7963 1420 488 7964 1386 1295 7965 1420 1295 7966 1421 1295 7967 1386 488 7968 1421 488 7969 1387 488 7970 1387 1747 7971 1421 1747 7972 1422 1747 7973 1387 488 7974 1422 488 7975 1388 488 7976 1388 488 7977 1422 488 7978 1423 488 7979 1388 488 7980 1423 488 7981 1389 488 7982 1389 1748 7983 1423 1748 7984 1424 1748 7985 1389 1749 7986 1424 1749 7987 1390 1749 7988 1390 488 7989 1424 488 7990 1425 488 7991 1390 488 7992 1425 488 7993 1291 488 7994 1291 488 7995 1425 488 7996 1292 488 7997 1292 488 7998 1425 488 7999 1426 488 8000 1292 488 8001 1426 488 8002 1293 488 8003 1293 1285 8004 1426 1285 8005 1427 1285 8006 1293 488 8007 1427 488 8008 1294 488 8009 1294 488 8010 1427 488 8011 1428 488 8012 1294 488 8013 1428 488 8014 1295 488 8015 1295 488 8016 1428 488 8017 1259 488 8018 1295 488 8019 1259 488 8020 1296 488 8021 1296 488 8022 1259 488 8023 1258 488 8024 1296 1750 8025 1258 1750 8026 1297 1750 8027 1297 488 8028 1258 488 8029 1257 488 8030 1297 488 8031 1257 488 8032 1298 488 8033 1298 488 8034 1257 488 8035 1256 488 8036 1298 488 8037 1256 488 8038 1255 488 8039 1298 488 8040 1255 488 8041 1299 488 8042 1299 488 8043 1255 488 8044 1254 488 8045 1299 1290 8046 1254 1290 8047 1300 1290 8048 1300 488 8049 1254 488 8050 1253 488 8051 1300 488 8052 1253 488 8053 1301 488 8054 1301 488 8055 1253 488 8056 1252 488 8057 1301 1291 8058 1252 1291 8059 1302 1291 8060 1302 1748 8061 1252 1748 8062 1251 1748 8063 1246 1556 8064 1429 1751 8065 1247 1557 8066 1247 1557 8067 1429 1751 8068 1418 1752 8069 1418 1752 8070 1429 1751 8071 1430 1753 8072 1418 1752 8073 1430 1753 8074 1419 1754 8075 1419 1754 8076 1430 1753 8077 1431 1755 8078 1419 1754 8079 1431 1755 8080 1432 1756 8081 1419 1754 8082 1432 1756 8083 1420 1757 8084 1420 1757 8085 1432 1756 8086 1433 1758 8087 1420 1757 8088 1433 1758 8089 1421 1759 8090 1421 1759 8091 1433 1758 8092 1434 1760 8093 1421 1759 8094 1434 1760 8095 1435 1761 8096 1421 1759 8097 1435 1761 8098 1422 1762 8099 1422 1762 8100 1435 1761 8101 1436 1763 8102 1422 1762 8103 1436 1763 8104 1423 1764 8105 1423 1764 8106 1436 1763 8107 1437 1765 8108 1423 1764 8109 1437 1765 8110 1438 1766 8111 1423 1767 8112 1438 1768 8113 1424 1769 8114 1424 1769 8115 1438 1768 8116 1439 1770 8117 1424 1769 8118 1439 1770 8119 1425 1771 8120 1425 1771 8121 1439 1770 8122 1440 1772 8123 1425 1771 8124 1440 1772 8125 1426 1773 8126 1426 1773 8127 1440 1772 8128 1441 1774 8129 1426 1773 8130 1441 1774 8131 1427 1775 8132 1427 1775 8133 1441 1774 8134 1442 1776 8135 1427 1775 8136 1442 1776 8137 1428 1777 8138 1428 1777 8139 1442 1776 8140 1443 1778 8141 1428 1777 8142 1443 1778 8143 1259 1586 8144 1259 1586 8145 1443 1778 8146 1260 1587 8147 1445 1779 8148 1448 1780 8149 1444 1781 8150 1444 1781 8151 1448 1780 8152 1449 1782 8153 1444 1783 8154 1449 1784 8155 1466 1785 8156 1466 1785 8157 1449 1784 8158 1450 1786 8159 1466 1785 8160 1450 1786 8161 1465 1787 8162 1465 1787 8163 1450 1786 8164 1451 1788 8165 1465 1787 8166 1451 1788 8167 1464 1789 8168 1464 1789 8169 1451 1788 8170 1452 1790 8171 1464 1789 8172 1452 1790 8173 1463 1791 8174 1463 1791 8175 1452 1790 8176 1453 1792 8177 1463 1791 8178 1453 1792 8179 1462 1793 8180 1462 1793 8181 1453 1792 8182 1454 1794 8183 1462 1793 8184 1454 1794 8185 1461 1795 8186 1461 1795 8187 1454 1794 8188 1455 1796 8189 1461 1795 8190 1455 1796 8191 1460 1797 8192 1460 1797 8193 1455 1796 8194 1456 1798 8195 1460 1797 8196 1456 1798 8197 1459 1799 8198 1459 1799 8199 1456 1798 8200 1457 1800 8201 1459 1799 8202 1457 1800 8203 1458 1801 8204 1446 1802 8205 1447 1803 8206 1445 1779 8207 1445 1779 8208 1447 1803 8209 1448 1780 8210 1168 1804 8211 624 1805 8212 1276 1806 8213 1276 1807 8214 624 1808 8215 1277 1809 8216 1277 1810 8217 624 751 8218 1278 1811 8219 1278 1811 8220 624 751 8221 1209 1427 8222 1278 1811 8223 1209 1427 8224 1279 1812 8225 1279 1812 8226 1209 1427 8227 1280 1813 8228 1280 1813 8229 1209 1427 8230 1281 1814 8231 1281 1814 8232 1209 1427 8233 1282 1815 8234 1282 1815 8235 1209 1427 8236 1283 1816 8237 1283 1816 8238 1209 1427 8239 1475 1817 8240 1283 1816 8241 1475 1817 8242 1284 1818 8243 1284 1818 8244 1475 1817 8245 1285 1819 8246 1285 1819 8247 1475 1817 8248 1286 1820 8249 1286 1820 8250 1475 1817 8251 1287 1821 8252 1287 1821 8253 1475 1817 8254 1288 1822 8255 1288 1822 8256 1475 1817 8257 1289 1823 8258 1289 1823 8259 1475 1817 8260 1220 1516 8261 1289 1823 8262 1220 1516 8263 1290 1824 8264 1290 1825 8265 1220 1826 8266 1152 1827 8267 1475 1817 8268 1209 1427 8269 1474 1828 8270 1474 1828 8271 1209 1427 8272 1208 1425 8273 1474 1828 8274 1208 1425 8275 1473 1829 8276 1473 1829 8277 1208 1425 8278 1207 1423 8279 1473 1829 8280 1207 1423 8281 1472 1830 8282 1472 1830 8283 1207 1423 8284 1206 1421 8285 1472 1830 8286 1206 1421 8287 1246 1831 8288 1246 1831 8289 1206 1421 8290 1429 1832 8291 1429 1832 8292 1206 1421 8293 1430 1833 8294 1430 1833 8295 1206 1421 8296 1431 1834 8297 1431 1834 8298 1206 1421 8299 1432 1835 8300 1432 1835 8301 1206 1421 8302 1433 1836 8303 1433 1836 8304 1206 1421 8305 1205 1419 8306 1433 1836 8307 1205 1419 8308 1434 1837 8309 1434 1837 8310 1205 1419 8311 1435 1838 8312 1435 1839 8313 1205 1840 8314 1436 1841 8315 1436 1842 8316 1205 1843 8317 1437 1844 8318 1437 1845 8319 1205 1846 8320 1438 1847 8321 1438 1848 8322 1205 1419 8323 1439 1849 8324 1439 1849 8325 1205 1419 8326 1204 1417 8327 1439 1849 8328 1204 1417 8329 1440 1850 8330 1440 1850 8331 1204 1417 8332 1441 1851 8333 1441 1851 8334 1204 1417 8335 1442 1852 8336 1442 1852 8337 1204 1417 8338 1443 1853 8339 1443 1853 8340 1204 1417 8341 1260 1854 8342 1260 1854 8343 1204 1417 8344 1470 1855 8345 1260 1854 8346 1470 1855 8347 1261 1856 8348 1261 1856 8349 1470 1855 8350 1262 1857 8351 1262 1857 8352 1470 1855 8353 1263 1858 8354 1263 1858 8355 1470 1855 8356 1264 1859 8357 1264 1859 8358 1470 1855 8359 1265 1860 8360 1265 1860 8361 1470 1855 8362 1266 1861 8363 1266 1861 8364 1470 1855 8365 1471 1862 8366 1266 1861 8367 1471 1862 8368 1267 1863 8369 1267 1864 8370 1471 1865 8371 1268 1866 8372 1268 1867 8373 1471 1868 8374 1269 1869 8375 1269 1870 8376 1471 1871 8377 1270 1872 8378 1270 1873 8379 1471 1862 8380 1472 1830 8381 1270 1873 8382 1472 1830 8383 1271 1874 8384 1271 1874 8385 1472 1830 8386 1272 1875 8387 1272 1875 8388 1472 1830 8389 1273 1876 8390 1273 1876 8391 1472 1830 8392 1274 1877 8393 1274 1877 8394 1472 1830 8395 1275 1878 8396 1275 1878 8397 1472 1830 8398 1246 1831 8399 1470 1855 8400 1204 1417 8401 1469 1879 8402 1469 1879 8403 1204 1417 8404 1203 1415 8405 1469 1879 8406 1203 1415 8407 1468 1880 8408 1468 1880 8409 1203 1415 8410 1202 1413 8411 1468 1880 8412 1202 1413 8413 1467 1881 8414 1467 1881 8415 1202 1413 8416 1201 1411 8417 1467 1881 8418 1201 1411 8419 1238 1882 8420 1238 1882 8421 1201 1411 8422 1239 1883 8423 1239 1883 8424 1201 1411 8425 1240 1884 8426 1240 1884 8427 1201 1411 8428 1241 1885 8429 1241 1885 8430 1201 1411 8431 1242 1886 8432 1242 1886 8433 1201 1411 8434 1243 1887 8435 1243 1887 8436 1201 1411 8437 634 773 8438 1243 1887 8439 634 773 8440 1244 1888 8441 1244 1888 8442 634 773 8443 1245 1889 8444 1245 1890 8445 634 1891 8446 1169 1892 8447 1238 1882 8448 1237 1893 8449 1467 1881 8450 1467 1881 8451 1237 1893 8452 1236 1894 8453 1467 1881 8454 1236 1894 8455 1235 1895 8456 1235 1895 8457 1234 1896 8458 1467 1881 8459 1467 1881 8460 1234 1896 8461 1233 1897 8462 1467 1881 8463 1233 1897 8464 1232 1898 8465 1467 1881 8466 1232 1898 8467 1230 1441 8468 1230 1441 8469 1232 1898 8470 1231 1899 8471 1230 1900 8472 1231 1901 8473 1185 1902 8474 1446 1046 8475 1476 1046 8476 1447 1046 8477 1447 1046 8478 1476 1046 8479 1477 1046 8480 1480 447 8481 1457 447 8482 1479 447 8483 1479 1903 8484 1457 1903 8485 1456 1903 8486 1479 447 8487 1456 447 8488 1455 447 8489 1455 447 8490 1454 447 8491 1479 447 8492 1479 1904 8493 1454 1904 8494 1453 1904 8495 1479 1905 8496 1453 1905 8497 1452 1905 8498 1479 447 8499 1452 447 8500 1478 447 8501 1478 1906 8502 1452 1906 8503 1451 1906 8504 1478 1907 8505 1451 1907 8506 1450 1907 8507 1450 447 8508 1449 447 8509 1478 447 8510 1478 447 8511 1449 447 8512 1448 447 8513 1478 1908 8514 1448 1908 8515 1447 1908 8516 1447 1909 8517 1477 1909 8518 1478 1909 8519 1480 1049 8520 1481 1049 8521 1457 1049 8522 1457 1910 8523 1481 1910 8524 1458 1910 8525 1500 1911 8526 1482 1912 8527 1502 1913 8528 1502 1913 8529 1482 1912 8530 1483 1914 8531 1502 1913 8532 1483 1914 8533 1506 1915 8534 1506 1915 8535 1483 1914 8536 1484 1916 8537 1506 1915 8538 1484 1916 8539 1510 1917 8540 1510 1917 8541 1484 1916 8542 1485 1918 8543 1510 1917 8544 1485 1918 8545 1514 1919 8546 1514 1919 8547 1485 1918 8548 1486 1920 8549 1514 1919 8550 1486 1920 8551 1518 1921 8552 1518 1921 8553 1486 1920 8554 1487 1922 8555 1518 1921 8556 1487 1922 8557 1522 1923 8558 1522 1923 8559 1487 1922 8560 1488 1924 8561 1522 1923 8562 1488 1924 8563 1526 1925 8564 1526 1925 8565 1488 1924 8566 1489 1926 8567 1526 1925 8568 1489 1926 8569 1530 1927 8570 1530 1927 8571 1489 1926 8572 1490 1928 8573 1530 1927 8574 1490 1928 8575 1534 1929 8576 1534 1929 8577 1490 1928 8578 1491 1930 8579 1534 1929 8580 1491 1930 8581 1501 1931 8582 1501 1931 8583 1491 1930 8584 1492 1932 8585 1501 1931 8586 1492 1932 8587 1493 1933 8588 1493 1933 8589 1494 1934 8590 1501 1931 8591 1501 1931 8592 1494 1934 8593 1538 1935 8594 1501 1931 8595 1538 1935 8596 1534 1929 8597 1534 1929 8598 1538 1935 8599 1535 1936 8600 1534 1929 8601 1535 1936 8602 1530 1927 8603 1530 1927 8604 1535 1936 8605 1531 1937 8606 1530 1927 8607 1531 1937 8608 1526 1925 8609 1526 1925 8610 1531 1937 8611 1527 1938 8612 1526 1925 8613 1527 1938 8614 1522 1923 8615 1522 1923 8616 1527 1938 8617 1523 1939 8618 1522 1923 8619 1523 1939 8620 1518 1921 8621 1518 1921 8622 1523 1939 8623 1519 1940 8624 1518 1921 8625 1519 1940 8626 1514 1919 8627 1514 1919 8628 1519 1940 8629 1515 1941 8630 1514 1919 8631 1515 1941 8632 1510 1917 8633 1510 1917 8634 1515 1941 8635 1511 1942 8636 1510 1917 8637 1511 1942 8638 1506 1915 8639 1506 1915 8640 1511 1942 8641 1507 1943 8642 1506 1915 8643 1507 1943 8644 1502 1913 8645 1502 1913 8646 1507 1943 8647 1503 1944 8648 1502 1913 8649 1503 1944 8650 1499 1945 8651 1499 1945 8652 1503 1944 8653 1498 1946 8654 1498 1946 8655 1503 1944 8656 1504 1947 8657 1498 1946 8658 1504 1947 8659 1497 1948 8660 1497 1948 8661 1504 1947 8662 1505 1949 8663 1497 1948 8664 1505 1949 8665 1220 1516 8666 1220 1516 8667 1505 1949 8668 1221 1498 8669 1221 1498 8670 1505 1949 8671 1509 1950 8672 1221 1498 8673 1509 1950 8674 1222 1497 8675 1222 1497 8676 1509 1950 8677 1513 1951 8678 1222 1497 8679 1513 1951 8680 1223 1496 8681 1223 1496 8682 1513 1951 8683 1517 1952 8684 1223 1496 8685 1517 1952 8686 1224 1472 8687 1224 1472 8688 1517 1952 8689 1521 1953 8690 1224 1472 8691 1521 1953 8692 1225 1479 8693 1225 1479 8694 1521 1953 8695 1525 1954 8696 1225 1479 8697 1525 1954 8698 1226 1447 8699 1226 1447 8700 1525 1954 8701 1529 1955 8702 1226 1447 8703 1529 1955 8704 1227 1446 8705 1227 1446 8706 1529 1955 8707 1533 1956 8708 1227 1446 8709 1533 1956 8710 1228 1432 8711 1228 1432 8712 1533 1956 8713 1537 1957 8714 1228 1432 8715 1537 1957 8716 1229 1433 8717 1229 1433 8718 1537 1957 8719 1540 1958 8720 1229 1433 8721 1540 1958 8722 1230 1441 8723 1230 1441 8724 1540 1958 8725 1496 1959 8726 1496 1959 8727 1540 1958 8728 1539 1960 8729 1496 1959 8730 1539 1960 8731 1495 1961 8732 1495 1961 8733 1539 1960 8734 1538 1935 8735 1495 1961 8736 1538 1935 8737 1494 1934 8738 1499 1945 8739 1500 1911 8740 1502 1913 8741 1509 1950 8742 1505 1949 8743 1504 1947 8744 1504 1947 8745 1503 1944 8746 1508 1962 8747 1508 1962 8748 1503 1944 8749 1507 1943 8750 1508 1962 8751 1507 1943 8752 1512 1963 8753 1512 1963 8754 1507 1943 8755 1511 1942 8756 1512 1963 8757 1511 1942 8758 1516 1964 8759 1516 1964 8760 1511 1942 8761 1515 1941 8762 1516 1964 8763 1515 1941 8764 1520 1965 8765 1520 1965 8766 1515 1941 8767 1519 1940 8768 1520 1965 8769 1519 1940 8770 1524 1966 8771 1524 1966 8772 1519 1940 8773 1523 1939 8774 1524 1966 8775 1523 1939 8776 1528 1967 8777 1528 1967 8778 1523 1939 8779 1527 1938 8780 1528 1967 8781 1527 1938 8782 1532 1968 8783 1532 1968 8784 1527 1938 8785 1531 1937 8786 1532 1968 8787 1531 1937 8788 1536 1969 8789 1536 1969 8790 1531 1937 8791 1535 1936 8792 1536 1969 8793 1535 1936 8794 1539 1960 8795 1539 1960 8796 1535 1936 8797 1538 1935 8798 1513 1951 8799 1509 1950 8800 1508 1962 8801 1508 1962 8802 1509 1950 8803 1504 1947 8804 1513 1951 8805 1508 1962 8806 1512 1963 8807 1517 1952 8808 1513 1951 8809 1512 1963 8810 1517 1952 8811 1512 1963 8812 1516 1964 8813 1521 1953 8814 1517 1952 8815 1516 1964 8816 1521 1953 8817 1516 1964 8818 1520 1965 8819 1525 1954 8820 1521 1953 8821 1520 1965 8822 1525 1954 8823 1520 1965 8824 1524 1966 8825 1529 1955 8826 1525 1954 8827 1524 1966 8828 1529 1955 8829 1524 1966 8830 1528 1967 8831 1533 1956 8832 1529 1955 8833 1528 1967 8834 1533 1956 8835 1528 1967 8836 1532 1968 8837 1537 1957 8838 1533 1956 8839 1532 1968 8840 1537 1957 8841 1532 1968 8842 1536 1969 8843 1540 1958 8844 1537 1957 8845 1536 1969 8846 1540 1958 8847 1536 1969 8848 1539 1960 8849 1541 1970 8850 1542 1971 8851 1553 1972 8852 1553 1972 8853 1542 1971 8854 1543 1973 8855 1553 1972 8856 1543 1973 8857 1552 1974 8858 1552 1974 8859 1543 1973 8860 1544 1975 8861 1552 1976 8862 1544 1977 8863 1551 1978 8864 1551 1978 8865 1544 1977 8866 1545 1979 8867 1551 1978 8868 1545 1979 8869 1550 1980 8870 1550 1980 8871 1545 1979 8872 1546 1981 8873 1550 1980 8874 1546 1981 8875 1549 1982 8876 1549 1982 8877 1546 1981 8878 1547 1983 8879 1549 1982 8880 1547 1983 8881 1548 1984 8882 1554 447 8883 1555 447 8884 1575 447 8885 1575 447 8886 1555 447 8887 1574 447 8888 1574 447 8889 1555 447 8890 1573 447 8891 1573 447 8892 1555 447 8893 1548 447 8894 1548 447 8895 1555 447 8896 1571 447 8897 1548 447 8898 1571 447 8899 1572 447 8900 1555 447 8901 1556 447 8902 1571 447 8903 1571 447 8904 1556 447 8905 1570 447 8906 1570 447 8907 1556 447 8908 1557 447 8909 1570 447 8910 1557 447 8911 1569 447 8912 1569 447 8913 1557 447 8914 1558 447 8915 1569 447 8916 1558 447 8917 1568 447 8918 1568 447 8919 1558 447 8920 1559 447 8921 1568 447 8922 1559 447 8923 1567 447 8924 1567 447 8925 1559 447 8926 1560 447 8927 1567 447 8928 1560 447 8929 1566 447 8930 1566 447 8931 1560 447 8932 1561 447 8933 1566 447 8934 1561 447 8935 1565 447 8936 1565 447 8937 1561 447 8938 1562 447 8939 1565 447 8940 1562 447 8941 1564 447 8942 1564 447 8943 1562 447 8944 1463 447 8945 1564 1985 8946 1463 1985 8947 1462 1985 8948 1463 447 8949 1562 447 8950 1464 447 8951 1464 447 8952 1562 447 8953 1563 447 8954 1464 447 8955 1563 447 8956 1465 447 8957 1465 447 8958 1563 447 8959 1466 447 8960 1466 447 8961 1563 447 8962 1444 447 8963 1462 447 8964 1461 447 8965 1564 447 8966 1564 1986 8967 1461 1986 8968 1460 1986 8969 1552 447 8970 1551 447 8971 1572 447 8972 1572 1987 8973 1551 1987 8974 1550 1987 8975 1572 1988 8976 1550 1988 8977 1549 1988 8978 1549 447 8979 1548 447 8980 1572 447 8981 1575 1989 8982 1578 1990 8983 1554 1991 8984 1554 1991 8985 1578 1990 8986 1579 1992 8987 1554 1991 8988 1579 1992 8989 1582 1993 8990 1582 1993 8991 1579 1992 8992 1580 1994 8993 1582 1993 8994 1580 1994 8995 1581 1995 8996 1578 1990 8997 1575 1989 8998 1577 1996 8999 1577 1996 9000 1575 1989 9001 1574 1997 9002 1577 1996 9003 1574 1997 9004 1576 1998 9005 1576 1998 9006 1574 1997 9007 1573 1999 9008 1576 1998 9009 1573 1999 9010 1547 1983 9011 1547 1983 9012 1573 1999 9013 1548 1984 9014 1555 2000 9015 1554 2001 9016 1584 2002 9017 1584 2003 9018 1554 2004 9019 1582 2005 9020 1584 2003 9021 1582 2005 9022 1581 2006 9023 1581 2006 9024 1583 2007 9025 1584 2003 9026 1584 2002 9027 1585 2008 9028 1555 2000 9029 1555 2000 9030 1585 2008 9031 1556 2009 9032 1556 2009 9033 1585 2008 9034 1586 2010 9035 1556 2009 9036 1586 2010 9037 1557 2011 9038 1557 2011 9039 1586 2010 9040 1587 2012 9041 1557 2011 9042 1587 2012 9043 1558 2013 9044 1558 2013 9045 1587 2012 9046 1588 2014 9047 1558 2013 9048 1588 2014 9049 1559 2015 9050 1559 2015 9051 1588 2014 9052 1589 2016 9053 1559 2015 9054 1589 2016 9055 1560 2017 9056 1560 2017 9057 1589 2016 9058 1590 2018 9059 1560 2017 9060 1590 2018 9061 1561 2019 9062 1561 2019 9063 1590 2018 9064 1591 2020 9065 1561 2019 9066 1591 2020 9067 1562 2021 9068 1562 2021 9069 1591 2020 9070 1592 2022 9071 1562 2021 9072 1592 2022 9073 1563 2023 9074 1563 2023 9075 1592 2022 9076 1593 2024 9077 1563 2023 9078 1593 2024 9079 1444 2025 9080 1444 2025 9081 1593 2024 9082 1445 2026 9083 1445 2026 9084 1593 2024 9085 1446 2027 9086 1446 2028 9087 1593 2029 9088 1476 2030 9089 1604 2031 9090 1541 2032 9091 1603 2033 9092 1603 2034 9093 1541 2035 9094 1553 2036 9095 1603 2034 9096 1553 2036 9097 1552 2037 9098 1552 2037 9099 1572 2038 9100 1603 2034 9101 1603 2034 9102 1572 2038 9103 1602 2039 9104 1602 2039 9105 1572 2038 9106 1571 2040 9107 1602 2039 9108 1571 2040 9109 1601 2041 9110 1601 2041 9111 1571 2040 9112 1570 2042 9113 1601 2041 9114 1570 2042 9115 1600 2043 9116 1600 2043 9117 1570 2042 9118 1569 2044 9119 1600 2043 9120 1569 2044 9121 1599 2045 9122 1599 2045 9123 1569 2044 9124 1568 2046 9125 1599 2045 9126 1568 2046 9127 1598 2047 9128 1598 2047 9129 1568 2046 9130 1567 2048 9131 1598 2047 9132 1567 2048 9133 1597 2049 9134 1597 2049 9135 1567 2048 9136 1566 2050 9137 1597 2049 9138 1566 2050 9139 1596 2051 9140 1596 2051 9141 1566 2050 9142 1565 2052 9143 1596 2051 9144 1565 2052 9145 1595 2053 9146 1595 2053 9147 1565 2052 9148 1564 2054 9149 1595 2053 9150 1564 2054 9151 1594 2055 9152 1594 2055 9153 1564 2054 9154 1460 2056 9155 1594 2057 9156 1460 2058 9157 1459 2059 9158 1459 2059 9159 1458 2060 9160 1594 2057 9161 1594 2057 9162 1458 2060 9163 1481 2061 9164 1541 1049 9165 1604 1049 9166 1542 1049 9167 1542 1049 9168 1604 1049 9169 1605 1049 9170 1608 447 9171 1580 447 9172 1607 447 9173 1607 1903 9174 1580 1903 9175 1579 1903 9176 1607 2062 9177 1579 2062 9178 1578 2062 9179 1578 447 9180 1577 447 9181 1607 447 9182 1607 2063 9183 1577 2063 9184 1576 2063 9185 1607 1906 9186 1576 1906 9187 1547 1906 9188 1607 447 9189 1547 447 9190 1606 447 9191 1606 2064 9192 1547 2064 9193 1546 2064 9194 1606 2065 9195 1546 2065 9196 1545 2065 9197 1545 447 9198 1544 447 9199 1606 447 9200 1606 2066 9201 1544 2066 9202 1543 2066 9203 1606 2067 9204 1543 2067 9205 1542 2067 9206 1542 2068 9207 1605 2068 9208 1606 2068 9209 1608 1046 9210 1583 1046 9211 1580 1046 9212 1580 2069 9213 1583 2069 9214 1581 2069 9215 1467 1881 9216 1230 1441 9217 1626 2070 9218 1626 2070 9219 1230 1441 9220 1496 1959 9221 1626 2070 9222 1496 1959 9223 1625 2071 9224 1625 2071 9225 1496 1959 9226 1495 1961 9227 1625 2071 9228 1495 1961 9229 1624 2072 9230 1624 2072 9231 1495 1961 9232 1494 1934 9233 1624 2072 9234 1494 1934 9235 1623 2073 9236 1623 2073 9237 1494 1934 9238 1493 1933 9239 1623 2073 9240 1493 1933 9241 1492 1932 9242 1492 1932 9243 1609 2074 9244 1623 2073 9245 1623 2073 9246 1609 2074 9247 1627 2075 9248 1623 2073 9249 1627 2075 9250 1628 2076 9251 1628 2076 9252 1627 2075 9253 1632 2077 9254 1628 2076 9255 1632 2077 9256 1633 2078 9257 1633 2078 9258 1632 2077 9259 1637 2079 9260 1633 2078 9261 1637 2079 9262 1638 2080 9263 1638 2080 9264 1637 2079 9265 1642 2081 9266 1638 2080 9267 1642 2081 9268 1470 1855 9269 1470 1855 9270 1642 2081 9271 1471 1862 9272 1471 1862 9273 1642 2081 9274 1646 2082 9275 1471 1862 9276 1646 2082 9277 1472 1830 9278 1472 1830 9279 1646 2082 9280 1650 2083 9281 1472 1830 9282 1650 2083 9283 1473 1829 9284 1473 1829 9285 1650 2083 9286 1621 2084 9287 1473 1829 9288 1621 2084 9289 1474 1828 9290 1474 1828 9291 1621 2084 9292 1654 2085 9293 1474 1828 9294 1654 2085 9295 1475 1817 9296 1475 1817 9297 1654 2085 9298 1657 2086 9299 1475 1817 9300 1657 2086 9301 1220 1516 9302 1220 1516 9303 1657 2086 9304 1497 1948 9305 1497 1948 9306 1657 2086 9307 1656 2087 9308 1497 1948 9309 1656 2087 9310 1498 1946 9311 1498 1946 9312 1656 2087 9313 1655 2088 9314 1498 1946 9315 1655 2088 9316 1499 1945 9317 1499 1945 9318 1655 2088 9319 1622 2089 9320 1499 1945 9321 1622 2089 9322 1500 1911 9323 1500 1911 9324 1622 2089 9325 1482 1912 9326 1482 1912 9327 1622 2089 9328 1617 2090 9329 1617 2090 9330 1622 2089 9331 1651 2091 9332 1617 2090 9333 1651 2091 9334 1616 2092 9335 1616 2092 9336 1651 2091 9337 1618 2093 9338 1616 2092 9339 1618 2093 9340 1615 2094 9341 1615 2094 9342 1618 2093 9343 1647 2095 9344 1615 2094 9345 1647 2095 9346 1614 2096 9347 1614 2096 9348 1647 2095 9349 1643 2097 9350 1614 2096 9351 1643 2097 9352 1613 2098 9353 1613 2098 9354 1643 2097 9355 1639 2099 9356 1613 2098 9357 1639 2099 9358 1612 2100 9359 1612 2100 9360 1639 2099 9361 1635 2101 9362 1612 2100 9363 1635 2101 9364 1611 2102 9365 1611 2102 9366 1635 2101 9367 1631 2103 9368 1611 2102 9369 1631 2103 9370 1610 2104 9371 1610 2104 9372 1631 2103 9373 1627 2075 9374 1610 2104 9375 1627 2075 9376 1609 2074 9377 1470 1855 9378 1469 1879 9379 1638 2080 9380 1638 2080 9381 1469 1879 9382 1634 2105 9383 1638 2080 9384 1634 2105 9385 1633 2078 9386 1633 2078 9387 1634 2105 9388 1629 2106 9389 1633 2078 9390 1629 2106 9391 1628 2076 9392 1628 2076 9393 1629 2106 9394 1624 2072 9395 1628 2076 9396 1624 2072 9397 1623 2073 9398 1469 1879 9399 1468 1880 9400 1634 2105 9401 1634 2105 9402 1468 1880 9403 1630 2107 9404 1634 2105 9405 1630 2107 9406 1629 2106 9407 1629 2106 9408 1630 2107 9409 1625 2071 9410 1629 2106 9411 1625 2071 9412 1624 2072 9413 1468 1880 9414 1467 1881 9415 1630 2107 9416 1630 2107 9417 1467 1881 9418 1626 2070 9419 1630 2107 9420 1626 2070 9421 1625 2071 9422 1618 2093 9423 1619 2108 9424 1647 2095 9425 1647 2095 9426 1619 2108 9427 1648 2109 9428 1647 2095 9429 1648 2109 9430 1643 2097 9431 1643 2097 9432 1648 2109 9433 1644 2110 9434 1643 2097 9435 1644 2110 9436 1639 2099 9437 1639 2099 9438 1644 2110 9439 1640 2111 9440 1639 2099 9441 1640 2111 9442 1635 2101 9443 1635 2101 9444 1640 2111 9445 1636 2112 9446 1635 2101 9447 1636 2112 9448 1631 2103 9449 1631 2103 9450 1636 2112 9451 1632 2077 9452 1631 2103 9453 1632 2077 9454 1627 2075 9455 1619 2108 9456 1620 2113 9457 1648 2109 9458 1648 2109 9459 1620 2113 9460 1649 2114 9461 1648 2109 9462 1649 2114 9463 1644 2110 9464 1644 2110 9465 1649 2114 9466 1645 2115 9467 1644 2110 9468 1645 2115 9469 1640 2111 9470 1640 2111 9471 1645 2115 9472 1641 2116 9473 1640 2111 9474 1641 2116 9475 1636 2112 9476 1636 2112 9477 1641 2116 9478 1637 2079 9479 1636 2112 9480 1637 2079 9481 1632 2077 9482 1619 2108 9483 1618 2093 9484 1652 2117 9485 1652 2117 9486 1618 2093 9487 1651 2091 9488 1652 2117 9489 1651 2091 9490 1655 2088 9491 1655 2088 9492 1651 2091 9493 1622 2089 9494 1620 2113 9495 1621 2084 9496 1649 2114 9497 1649 2114 9498 1621 2084 9499 1650 2083 9500 1649 2114 9501 1650 2083 9502 1645 2115 9503 1645 2115 9504 1650 2083 9505 1646 2082 9506 1645 2115 9507 1646 2082 9508 1641 2116 9509 1641 2116 9510 1646 2082 9511 1642 2081 9512 1641 2116 9513 1642 2081 9514 1637 2079 9515 1620 2113 9516 1619 2108 9517 1653 2118 9518 1653 2118 9519 1619 2108 9520 1652 2117 9521 1653 2118 9522 1652 2117 9523 1656 2087 9524 1656 2087 9525 1652 2117 9526 1655 2088 9527 1621 2084 9528 1620 2113 9529 1654 2085 9530 1654 2085 9531 1620 2113 9532 1653 2118 9533 1654 2085 9534 1653 2118 9535 1657 2086 9536 1657 2086 9537 1653 2118 9538 1656 2087 9539 1658 2119 9540 1482 1912 9541 1684 2120 9542 1684 2120 9543 1482 1912 9544 1617 2090 9545 1684 2120 9546 1617 2090 9547 1683 2121 9548 1683 2121 9549 1617 2090 9550 1616 2092 9551 1683 2121 9552 1616 2092 9553 1682 2122 9554 1682 2122 9555 1616 2092 9556 1681 2123 9557 1681 2123 9558 1616 2092 9559 1680 2124 9560 1680 2124 9561 1616 2092 9562 1679 2125 9563 1679 2125 9564 1616 2092 9565 1678 2126 9566 1678 2126 9567 1616 2092 9568 1615 2094 9569 1678 2126 9570 1615 2094 9571 1677 2127 9572 1677 2127 9573 1615 2094 9574 1672 2128 9575 1677 2127 9576 1672 2128 9577 1673 2129 9578 1614 2096 9579 1590 2130 9580 1615 2094 9581 1615 2094 9582 1590 2130 9583 1589 2131 9584 1615 2094 9585 1589 2131 9586 1672 2128 9587 1672 2128 9588 1589 2131 9589 1667 2132 9590 1672 2128 9591 1667 2132 9592 1671 2133 9593 1671 2133 9594 1667 2132 9595 1670 2134 9596 1670 2134 9597 1667 2132 9598 1669 2135 9599 1669 2135 9600 1667 2132 9601 1668 2136 9602 1590 2130 9603 1614 2096 9604 1591 2137 9605 1591 2137 9606 1614 2096 9607 1613 2098 9608 1591 2137 9609 1613 2098 9610 1592 2138 9611 1592 2138 9612 1613 2098 9613 1612 2100 9614 1592 2138 9615 1612 2100 9616 1593 2139 9617 1593 2139 9618 1612 2100 9619 1611 2102 9620 1593 2139 9621 1611 2102 9622 1476 2140 9623 1476 2141 9624 1611 2102 9625 1477 2142 9626 1477 2142 9627 1611 2102 9628 1478 2143 9629 1478 2143 9630 1611 2102 9631 1479 2144 9632 1479 2144 9633 1611 2102 9634 1610 2104 9635 1479 2144 9636 1610 2104 9637 1480 2145 9638 1480 2145 9639 1610 2104 9640 1594 2146 9641 1480 2145 9642 1594 2146 9643 1481 2147 9644 1610 2104 9645 1609 2074 9646 1594 2146 9647 1594 2146 9648 1609 2074 9649 1595 2148 9650 1595 2148 9651 1609 2074 9652 1492 1932 9653 1595 2148 9654 1492 1932 9655 1596 2149 9656 1588 2150 9657 1664 2151 9658 1589 2131 9659 1589 2131 9660 1664 2151 9661 1665 2152 9662 1589 2131 9663 1665 2152 9664 1666 2153 9665 1587 2154 9666 1661 2155 9667 1588 2150 9668 1588 2150 9669 1661 2155 9670 1662 2156 9671 1588 2150 9672 1662 2156 9673 1663 2157 9674 1661 2155 9675 1587 2154 9676 1660 2158 9677 1660 2158 9678 1587 2154 9679 1586 2159 9680 1660 2158 9681 1586 2159 9682 1659 2160 9683 1663 2157 9684 1664 2151 9685 1588 2150 9686 1666 2153 9687 1667 2132 9688 1589 2131 9689 1673 2129 9690 1674 2161 9691 1677 2127 9692 1677 2127 9693 1674 2161 9694 1675 2162 9695 1677 2127 9696 1675 2162 9697 1676 2163 9698 1596 2149 9699 1492 1932 9700 1597 2164 9701 1597 2164 9702 1492 1932 9703 1491 1930 9704 1597 2164 9705 1491 1930 9706 1598 2165 9707 1598 2165 9708 1491 1930 9709 1490 1928 9710 1598 2165 9711 1490 1928 9712 1700 2166 9713 1700 2166 9714 1490 1928 9715 1695 2167 9716 1700 2166 9717 1695 2167 9718 1699 2168 9719 1699 2168 9720 1695 2167 9721 1698 2169 9722 1698 2169 9723 1695 2167 9724 1697 2170 9725 1697 2171 9726 1695 2172 9727 1696 2173 9728 1489 1926 9729 1693 2174 9730 1490 1928 9731 1490 1928 9732 1693 2174 9733 1694 2175 9734 1490 1928 9735 1694 2175 9736 1695 2167 9737 1488 1924 9738 1691 2176 9739 1489 1926 9740 1489 1926 9741 1691 2176 9742 1692 2177 9743 1489 1926 9744 1692 2177 9745 1693 2174 9746 1691 2176 9747 1488 1924 9748 1690 2178 9749 1690 2178 9750 1488 1924 9751 1487 1922 9752 1690 2178 9753 1487 1922 9754 1689 2179 9755 1689 2179 9756 1487 1922 9757 1486 1920 9758 1689 2179 9759 1486 1920 9760 1688 2180 9761 1688 2180 9762 1486 1920 9763 1687 2181 9764 1687 2181 9765 1486 1920 9766 1686 2182 9767 1686 2182 9768 1486 1920 9769 402 501 9770 402 501 9771 1486 1920 9772 403 503 9773 403 503 9774 1486 1920 9775 1485 1918 9776 403 503 9777 1485 1918 9778 404 509 9779 404 509 9780 1485 1918 9781 405 510 9782 405 510 9783 1485 1918 9784 1484 1916 9785 405 510 9786 1484 1916 9787 406 511 9788 406 511 9789 1484 1916 9790 407 517 9791 407 517 9792 1484 1916 9793 1483 1914 9794 407 517 9795 1483 1914 9796 408 521 9797 408 521 9798 1483 1914 9799 1685 2183 9800 1685 2183 9801 1483 1914 9802 1482 1912 9803 1685 2183 9804 1482 1912 9805 1658 2119 9806 1598 2165 9807 1700 2166 9808 1705 2184 9809 1705 2184 9810 1700 2166 9811 1701 2185 9812 1705 2184 9813 1701 2185 9814 1702 2186 9815 1703 2187 9816 1704 2188 9817 1702 2186 9818 1702 2186 9819 1704 2188 9820 1705 2184 9821 1705 2184 9822 1706 2189 9823 1598 2165 9824 1598 2165 9825 1706 2189 9826 1599 2190 9827 1599 2190 9828 1706 2189 9829 1707 2191 9830 1599 2190 9831 1707 2191 9832 1708 2192 9833 1708 2192 9834 1709 2193 9835 1599 2190 9836 1599 2190 9837 1709 2193 9838 1710 2194 9839 1599 2190 9840 1710 2194 9841 1600 2195 9842 1600 2195 9843 1710 2194 9844 1711 2196 9845 1600 2195 9846 1711 2196 9847 1601 2197 9848 1601 2197 9849 1711 2196 9850 1712 2198 9851 1601 2197 9852 1712 2198 9853 1602 2199 9854 1602 2199 9855 1712 2198 9856 1713 2200 9857 1602 2199 9858 1713 2200 9859 1714 2201 9860 1602 2199 9861 1714 2201 9862 1603 2202 9863 1603 2202 9864 1714 2201 9865 1715 2203 9866 1603 2202 9867 1715 2203 9868 1604 2204 9869 1604 2205 9870 1715 2203 9871 1605 2206 9872 1605 2206 9873 1715 2203 9874 1716 2207 9875 1605 2206 9876 1716 2207 9877 1606 2208 9878 1606 2208 9879 1716 2207 9880 1607 2209 9881 1607 2209 9882 1716 2207 9883 1608 2210 9884 1608 2210 9885 1716 2207 9886 1717 2211 9887 1608 2210 9888 1717 2211 9889 1583 2212 9890 1583 2212 9891 1717 2211 9892 1584 2213 9893 1584 2213 9894 1717 2211 9895 1718 2214 9896 1584 2213 9897 1718 2214 9898 1585 2215 9899 1585 2215 9900 1718 2214 9901 1719 2216 9902 1585 2215 9903 1719 2216 9904 1586 2159 9905 1586 2159 9906 1719 2216 9907 1659 2160 9908 1688 2180 9909 1687 2181 9910 1726 2217 9911 1726 2217 9912 1687 2181 9913 1686 2182 9914 1726 2217 9915 1686 2182 9916 402 501 9917 413 500 9918 467 619 9919 402 501 9920 402 501 9921 467 619 9922 466 618 9923 402 501 9924 466 618 9925 1726 2217 9926 1726 2217 9927 466 618 9928 465 617 9929 1726 2217 9930 465 617 9931 464 609 9932 463 579 9933 1728 2218 9934 464 609 9935 464 609 9936 1728 2218 9937 1727 2219 9938 464 609 9939 1727 2219 9940 1726 2217 9941 1726 2217 9942 1727 2219 9943 1688 2180 9944 462 583 9945 1732 2220 9946 463 579 9947 463 579 9948 1732 2220 9949 1731 2221 9950 463 579 9951 1731 2221 9952 1730 2222 9953 1730 2222 9954 1731 2221 9955 1689 2179 9956 1730 2222 9957 1689 2179 9958 1729 2223 9959 1729 2223 9960 1689 2179 9961 1728 2218 9962 1729 2223 9963 1728 2218 9964 463 579 9965 461 585 9966 1735 2224 9967 462 583 9968 462 583 9969 1735 2224 9970 1734 2225 9971 462 583 9972 1734 2225 9973 1733 2226 9974 1733 2226 9975 1734 2225 9976 1690 2178 9977 1733 2226 9978 1690 2178 9979 1732 2220 9980 1732 2220 9981 1690 2178 9982 1689 2179 9983 1732 2220 9984 1689 2179 9985 1731 2221 9986 460 586 9987 1738 2227 9988 461 585 9989 461 585 9990 1738 2227 9991 1737 2228 9992 461 585 9993 1737 2228 9994 1736 2229 9995 1736 2229 9996 1737 2228 9997 1691 2176 9998 1736 2229 9999 1691 2176 10000 1735 2224 10001 1735 2224 10002 1691 2176 10003 1690 2178 10004 1735 2224 10005 1690 2178 10006 1734 2225 10007 459 588 10008 1740 2230 10009 460 586 10010 460 586 10011 1740 2230 10012 1739 2231 10013 460 586 10014 1739 2231 10015 1738 2227 10016 1738 2227 10017 1739 2231 10018 1691 2176 10019 1738 2227 10020 1691 2176 10021 1737 2228 10022 458 589 10023 1742 2232 10024 459 588 10025 459 588 10026 1742 2232 10027 1741 2233 10028 459 588 10029 1741 2233 10030 1740 2230 10031 1740 2230 10032 1741 2233 10033 1692 2177 10034 1740 2230 10035 1692 2177 10036 1739 2231 10037 1739 2231 10038 1692 2177 10039 1691 2176 10040 1742 2232 10041 458 589 10042 1743 2234 10043 1743 2234 10044 458 589 10045 457 587 10046 1743 2234 10047 457 587 10048 1744 2235 10049 1744 2235 10050 457 587 10051 1745 2236 10052 1744 2235 10053 1745 2236 10054 1694 2175 10055 1694 2175 10056 1745 2236 10057 1695 2167 10058 1695 2167 10059 1745 2236 10060 1746 2237 10061 1695 2167 10062 1746 2237 10063 1747 2238 10064 1747 2238 10065 1746 2237 10066 456 608 10067 1747 2238 10068 456 608 10069 455 606 10070 457 587 10071 456 608 10072 1745 2236 10073 1745 2236 10074 456 608 10075 1746 2237 10076 455 606 10077 1720 2239 10078 1747 2238 10079 1747 2238 10080 1720 2239 10081 1721 2240 10082 1747 2238 10083 1721 2240 10084 1722 2241 10085 1722 2241 10086 1723 2242 10087 1747 2238 10088 1747 2238 10089 1723 2242 10090 1724 2243 10091 1747 2238 10092 1724 2243 10093 1725 2244 10094 1725 2244 10095 1696 2245 10096 1747 2238 10097 1747 2238 10098 1696 2245 10099 1695 2167 10100 1694 2175 10101 1693 2174 10102 1744 2235 10103 1744 2235 10104 1693 2174 10105 1743 2234 10106 1743 2234 10107 1693 2174 10108 1742 2232 10109 1742 2232 10110 1693 2174 10111 1692 2177 10112 1742 2232 10113 1692 2177 10114 1741 2233 10115 1689 2179 10116 1688 2180 10117 1728 2218 10118 1728 2218 10119 1688 2180 10120 1727 2219 10121 463 579 10122 1730 2222 10123 1729 2223 10124 462 583 10125 1733 2226 10126 1732 2220 10127 461 585 10128 1736 2229 10129 1735 2224 10130 1676 2163 10131 1748 2246 10132 1774 2247 10133 1774 2247 10134 1748 2246 10135 1749 2248 10136 1774 2247 10137 1749 2248 10138 1750 2249 10139 1750 2249 10140 1751 2250 10141 1774 2247 10142 1774 2247 10143 1751 2250 10144 1752 2251 10145 1774 2247 10146 1752 2251 10147 1753 2252 10148 480 642 10149 479 637 10150 1753 2252 10151 1753 2252 10152 479 637 10153 1774 2247 10154 1774 2247 10155 479 637 10156 1773 2253 10157 1773 2253 10158 479 637 10159 478 636 10160 1773 2253 10161 478 636 10162 1772 2254 10163 1772 2254 10164 478 636 10165 477 638 10166 1772 2254 10167 477 638 10168 1771 2255 10169 1771 2255 10170 477 638 10171 476 640 10172 1771 2255 10173 476 640 10174 1770 2256 10175 1770 2256 10176 476 640 10177 475 641 10178 1770 2256 10179 475 641 10180 1769 2257 10181 1769 2257 10182 475 641 10183 1768 2258 10184 1769 2257 10185 1768 2258 10186 1681 2123 10187 1681 2123 10188 1768 2258 10189 1767 2259 10190 1681 2123 10191 1767 2259 10192 1682 2122 10193 1682 2122 10194 1767 2259 10195 1766 2260 10196 1682 2122 10197 1766 2260 10198 1765 2261 10199 1765 2261 10200 1766 2260 10201 473 635 10202 1765 2261 10203 473 635 10204 1764 2262 10205 1764 2262 10206 473 635 10207 472 545 10208 1764 2262 10209 472 545 10210 1763 2263 10211 1763 2263 10212 472 545 10213 1762 2264 10214 1763 2263 10215 1762 2264 10216 1683 2121 10217 1683 2121 10218 1762 2264 10219 1761 2265 10220 1683 2121 10221 1761 2265 10222 1684 2120 10223 1684 2120 10224 1761 2265 10225 1760 2266 10226 1684 2120 10227 1760 2266 10228 1759 2267 10229 1759 2267 10230 1760 2266 10231 471 546 10232 1759 2267 10233 471 546 10234 1758 2268 10235 1758 2268 10236 471 546 10237 470 634 10238 1758 2268 10239 470 634 10240 1658 2119 10241 1658 2119 10242 470 634 10243 1757 2269 10244 1658 2119 10245 1757 2269 10246 1685 2183 10247 1685 2183 10248 1757 2269 10249 1756 2270 10250 1685 2183 10251 1756 2270 10252 1755 2271 10253 1755 2271 10254 1756 2270 10255 469 633 10256 1755 2271 10257 469 633 10258 1754 2272 10259 1754 2272 10260 469 633 10261 468 629 10262 1754 2272 10263 468 629 10264 408 521 10265 408 521 10266 468 629 10267 409 524 10268 475 641 10269 474 639 10270 1768 2258 10271 1768 2258 10272 474 639 10273 1767 2259 10274 474 639 10275 473 635 10276 1767 2259 10277 1767 2259 10278 473 635 10279 1766 2260 10280 1762 2264 10281 472 545 10282 1761 2265 10283 1761 2265 10284 472 545 10285 471 546 10286 1761 2265 10287 471 546 10288 1760 2266 10289 470 634 10290 469 633 10291 1757 2269 10292 1757 2269 10293 469 633 10294 1756 2270 10295 408 521 10296 1685 2183 10297 1754 2272 10298 1754 2272 10299 1685 2183 10300 1755 2271 10301 1658 2119 10302 1684 2120 10303 1758 2268 10304 1758 2268 10305 1684 2120 10306 1759 2267 10307 1763 2263 10308 1683 2121 10309 1764 2262 10310 1764 2262 10311 1683 2121 10312 1682 2122 10313 1764 2262 10314 1682 2122 10315 1765 2261 10316 1681 2123 10317 1680 2124 10318 1769 2257 10319 1769 2257 10320 1680 2124 10321 1770 2256 10322 1680 2124 10323 1679 2125 10324 1770 2256 10325 1770 2256 10326 1679 2125 10327 1771 2255 10328 1679 2125 10329 1678 2126 10330 1771 2255 10331 1771 2255 10332 1678 2126 10333 1772 2254 10334 1772 2254 10335 1678 2126 10336 1773 2253 10337 1773 2253 10338 1678 2126 10339 1677 2127 10340 1773 2253 10341 1677 2127 10342 1774 2247 10343 1774 2247 10344 1677 2127 10345 1676 2163 10346 1717 2211 10347 1831 2273 10348 1718 2214 10349 1718 2214 10350 1831 2273 10351 1832 2274 10352 1718 2214 10353 1832 2274 10354 1833 2275 10355 1833 2275 10356 1832 2274 10357 1788 2276 10358 1833 2275 10359 1788 2276 10360 1789 2277 10361 1716 2207 10362 1828 2278 10363 1717 2211 10364 1717 2211 10365 1828 2278 10366 1829 2279 10367 1717 2211 10368 1829 2279 10369 1830 2280 10370 1830 2280 10371 1829 2279 10372 1787 2281 10373 1830 2280 10374 1787 2281 10375 1831 2273 10376 1831 2273 10377 1787 2281 10378 1788 2276 10379 1831 2273 10380 1788 2276 10381 1832 2274 10382 1715 2203 10383 1825 2282 10384 1716 2207 10385 1716 2207 10386 1825 2282 10387 1826 2283 10388 1716 2207 10389 1826 2283 10390 1827 2284 10391 1827 2284 10392 1826 2283 10393 1786 2285 10394 1827 2284 10395 1786 2285 10396 1828 2278 10397 1828 2278 10398 1786 2285 10399 1787 2281 10400 1828 2278 10401 1787 2281 10402 1829 2279 10403 1714 2201 10404 1822 2286 10405 1715 2203 10406 1715 2203 10407 1822 2286 10408 1823 2287 10409 1715 2203 10410 1823 2287 10411 1824 2288 10412 1824 2288 10413 1823 2287 10414 1785 2289 10415 1824 2288 10416 1785 2289 10417 1825 2282 10418 1825 2282 10419 1785 2289 10420 1786 2285 10421 1825 2282 10422 1786 2285 10423 1826 2283 10424 1713 2200 10425 1820 2290 10426 1714 2201 10427 1714 2201 10428 1820 2290 10429 1821 2291 10430 1714 2201 10431 1821 2291 10432 1822 2286 10433 1822 2286 10434 1821 2291 10435 1784 2292 10436 1822 2286 10437 1784 2292 10438 1785 2289 10439 1712 2198 10440 1817 2293 10441 1713 2200 10442 1713 2200 10443 1817 2293 10444 1818 2294 10445 1713 2200 10446 1818 2294 10447 1819 2295 10448 1819 2295 10449 1818 2294 10450 1783 2296 10451 1819 2295 10452 1783 2296 10453 1820 2290 10454 1820 2290 10455 1783 2296 10456 1784 2292 10457 1820 2290 10458 1784 2292 10459 1821 2291 10460 1711 2196 10461 1814 2297 10462 1712 2198 10463 1712 2198 10464 1814 2297 10465 1815 2298 10466 1712 2198 10467 1815 2298 10468 1816 2299 10469 1816 2299 10470 1815 2298 10471 1782 2300 10472 1816 2299 10473 1782 2300 10474 1817 2293 10475 1817 2293 10476 1782 2300 10477 1783 2296 10478 1817 2293 10479 1783 2296 10480 1818 2294 10481 1710 2194 10482 1812 2301 10483 1711 2196 10484 1711 2196 10485 1812 2301 10486 1813 2302 10487 1711 2196 10488 1813 2302 10489 1814 2297 10490 1814 2297 10491 1813 2302 10492 1781 2303 10493 1814 2297 10494 1781 2303 10495 1782 2300 10496 1709 2193 10497 1808 2304 10498 1710 2194 10499 1710 2194 10500 1808 2304 10501 1809 2305 10502 1710 2194 10503 1809 2305 10504 1810 2306 10505 1810 2306 10506 1809 2305 10507 1780 2307 10508 1810 2306 10509 1780 2307 10510 1811 2308 10511 1811 2308 10512 1780 2307 10513 1781 2303 10514 1811 2308 10515 1781 2303 10516 1812 2301 10517 1812 2301 10518 1781 2303 10519 1813 2302 10520 1708 2192 10521 1805 2309 10522 1709 2193 10523 1709 2193 10524 1805 2309 10525 1806 2310 10526 1709 2193 10527 1806 2310 10528 1807 2311 10529 1807 2311 10530 1806 2310 10531 1779 2312 10532 1807 2311 10533 1779 2312 10534 1808 2304 10535 1808 2304 10536 1779 2312 10537 1780 2307 10538 1808 2304 10539 1780 2307 10540 1809 2305 10541 1805 2309 10542 1708 2192 10543 1804 2313 10544 1804 2313 10545 1708 2192 10546 1707 2191 10547 1804 2313 10548 1707 2191 10549 1803 2314 10550 1803 2314 10551 1707 2191 10552 1706 2189 10553 1803 2314 10554 1706 2189 10555 1802 2315 10556 1802 2315 10557 1706 2189 10558 1705 2184 10559 1802 2315 10560 1705 2184 10561 1801 2316 10562 1801 2317 10563 1705 2318 10564 1800 2319 10565 1801 2316 10566 1800 2320 10567 1775 2321 10568 1775 2321 10569 1800 2320 10570 398 2322 10571 398 2322 10572 1800 2320 10573 1704 2188 10574 1704 2188 10575 1800 2320 10576 1705 2184 10577 1801 2316 10578 1775 2321 10579 1802 2315 10580 1802 2315 10581 1775 2321 10582 1776 2323 10583 1802 2315 10584 1776 2323 10585 1803 2314 10586 1803 2314 10587 1776 2323 10588 1777 2324 10589 1803 2314 10590 1777 2324 10591 1804 2313 10592 1804 2313 10593 1777 2324 10594 1778 2325 10595 1804 2313 10596 1778 2325 10597 1805 2309 10598 1805 2309 10599 1778 2325 10600 1806 2310 10601 1778 2325 10602 1779 2312 10603 1806 2310 10604 1790 2326 10605 1836 2327 10606 1789 2277 10607 1789 2277 10608 1836 2327 10609 1835 2328 10610 1789 2277 10611 1835 2328 10612 1834 2329 10613 1834 2329 10614 1835 2328 10615 1719 2216 10616 1834 2329 10617 1719 2216 10618 1833 2275 10619 1833 2275 10620 1719 2216 10621 1718 2214 10622 1791 2330 10623 1837 2331 10624 1790 2326 10625 1790 2326 10626 1837 2331 10627 1659 2160 10628 1790 2326 10629 1659 2160 10630 1836 2327 10631 1836 2327 10632 1659 2160 10633 1719 2216 10634 1836 2327 10635 1719 2216 10636 1835 2328 10637 1792 2332 10638 1840 2333 10639 1791 2330 10640 1791 2330 10641 1840 2333 10642 1839 2334 10643 1791 2330 10644 1839 2334 10645 1838 2335 10646 1838 2335 10647 1839 2334 10648 1660 2158 10649 1838 2335 10650 1660 2158 10651 1837 2331 10652 1837 2331 10653 1660 2158 10654 1659 2160 10655 1793 2336 10656 1842 2337 10657 1792 2332 10658 1792 2332 10659 1842 2337 10660 1841 2338 10661 1792 2332 10662 1841 2338 10663 1840 2333 10664 1840 2333 10665 1841 2338 10666 1661 2155 10667 1840 2333 10668 1661 2155 10669 1660 2158 10670 1794 2339 10671 1845 2340 10672 1793 2336 10673 1793 2336 10674 1845 2340 10675 1844 2341 10676 1793 2336 10677 1844 2341 10678 1843 2342 10679 1843 2342 10680 1844 2341 10681 1662 2156 10682 1843 2342 10683 1662 2156 10684 1661 2155 10685 1795 2343 10686 1847 2344 10687 1794 2339 10688 1794 2339 10689 1847 2344 10690 1846 2345 10691 1794 2339 10692 1846 2345 10693 1845 2340 10694 1845 2340 10695 1846 2345 10696 1662 2156 10697 1845 2340 10698 1662 2156 10699 1844 2341 10700 1847 2344 10701 1795 2343 10702 1848 2346 10703 1848 2346 10704 1795 2343 10705 1796 2347 10706 1848 2346 10707 1796 2347 10708 1849 2348 10709 1849 2348 10710 1796 2347 10711 1797 2349 10712 1849 2348 10713 1797 2349 10714 1850 2350 10715 1850 2350 10716 1797 2349 10717 1798 2351 10718 1850 2350 10719 1798 2351 10720 1851 2352 10721 1851 2352 10722 1798 2351 10723 1799 2353 10724 1851 2352 10725 1799 2353 10726 1852 2354 10727 1852 2354 10728 1799 2353 10729 1853 2355 10730 1852 2354 10731 1853 2355 10732 1667 2132 10733 1667 2132 10734 1853 2355 10735 1668 2136 10736 1668 2136 10737 1853 2355 10738 1799 2353 10739 1852 2354 10740 1667 2132 10741 1851 2352 10742 1851 2352 10743 1667 2132 10744 1666 2153 10745 1851 2352 10746 1666 2153 10747 1665 2152 10748 1664 2151 10749 1849 2348 10750 1665 2152 10751 1665 2152 10752 1849 2348 10753 1850 2350 10754 1665 2152 10755 1850 2350 10756 1851 2352 10757 1849 2348 10758 1664 2151 10759 1848 2346 10760 1848 2346 10761 1664 2151 10762 1663 2157 10763 1848 2346 10764 1663 2157 10765 1847 2344 10766 1847 2344 10767 1663 2157 10768 1846 2345 10769 1663 2157 10770 1662 2156 10771 1846 2345 10772 1808 2304 10773 1709 2193 10774 1807 2311 10775 1812 2301 10776 1710 2194 10777 1811 2308 10778 1811 2308 10779 1710 2194 10780 1810 2306 10781 1782 2300 10782 1815 2298 10783 1814 2297 10784 1817 2293 10785 1712 2198 10786 1816 2299 10787 1820 2290 10788 1713 2200 10789 1819 2295 10790 1785 2289 10791 1823 2287 10792 1822 2286 10793 1825 2282 10794 1715 2203 10795 1824 2288 10796 1828 2278 10797 1716 2207 10798 1827 2284 10799 1831 2273 10800 1717 2211 10801 1830 2280 10802 1789 2277 10803 1834 2329 10804 1833 2275 10805 1791 2330 10806 1838 2335 10807 1837 2331 10808 1840 2333 10809 1660 2158 10810 1839 2334 10811 1843 2342 10812 1661 2155 10813 1842 2337 10814 1842 2337 10815 1661 2155 10816 1841 2338 10817 1793 2336 10818 1843 2342 10819 1842 2337 10820 1669 2356 10821 1668 2357 10822 1857 2358 10823 1857 2358 10824 1668 2357 10825 1856 2359 10826 1856 2359 10827 1668 2357 10828 1855 2360 10829 1855 2360 10830 1668 2357 10831 1854 2361 10832 1675 2362 10833 1858 2363 10834 1676 2364 10835 1676 2163 10836 1858 2365 10837 1859 2366 10838 1676 2163 10839 1859 2366 10840 1748 2246 10841 1748 2246 10842 1859 2366 10843 1860 2367 10844 1748 2246 10845 1860 2367 10846 1861 2368 10847 1861 2369 10848 480 2369 10849 1748 2369 10850 1748 2370 10851 480 2371 10852 1753 2372 10853 1748 2373 10854 1753 2374 10855 1752 2375 10856 427 1049 10857 481 1049 10858 1861 1049 10859 1861 2376 10860 481 2376 10861 480 2376 10862 1752 2377 10863 1751 2378 10864 1748 2379 10865 1748 2380 10866 1751 2381 10867 1750 2382 10868 1748 2383 10869 1750 2384 10870 1749 2385 10871 454 2386 10872 1862 2386 10873 455 2386 10874 455 2387 10875 1862 2387 10876 1725 2387 10877 455 2388 10878 1725 2389 10879 1720 2390 10880 1720 2391 10881 1725 2392 10882 1721 2393 10883 1721 2394 10884 1725 2395 10885 1722 2396 10886 1722 2397 10887 1725 2398 10888 1723 2399 10889 1723 2400 10890 1725 2401 10891 1724 2402 10892 454 2403 10893 453 2403 10894 1862 2403 10895 1862 2404 10896 1863 2405 10897 1725 2244 10898 1725 2244 10899 1863 2405 10900 1864 2406 10901 1725 2244 10902 1864 2406 10903 1696 2245 10904 1696 2245 10905 1864 2406 10906 1865 2407 10907 1696 2408 10908 1865 2409 10909 1697 2410 10910 399 2411 10911 398 2322 10912 1868 2412 10913 1868 2412 10914 398 2322 10915 1704 2188 10916 1868 2412 10917 1704 2188 10918 1867 2413 10919 1867 2413 10920 1704 2188 10921 1866 2414 10922 1866 2415 10923 1704 2416 10924 1703 2417 10925 1775 2321 10926 398 2322 10927 1899 2418 10928 1899 2418 10929 398 2322 10930 401 2419 10931 1899 2418 10932 401 2419 10933 1921 2420 10934 1921 2420 10935 401 2419 10936 1898 2421 10937 1921 2420 10938 1898 2421 10939 1947 2422 10940 1947 2422 10941 1898 2421 10942 1949 2423 10943 1947 2422 10944 1949 2423 10945 1877 2424 10946 1877 2424 10947 1949 2423 10948 1876 2425 10949 1876 2425 10950 1949 2423 10951 1948 2426 10952 1876 2425 10953 1948 2426 10954 1875 2427 10955 1875 2427 10956 1948 2426 10957 1874 2428 10958 1874 2428 10959 1948 2426 10960 1870 2429 10961 1874 2428 10962 1870 2429 10963 1871 2430 10964 401 2419 10965 400 2431 10966 1898 2421 10967 1898 2421 10968 400 2432 10969 1869 2433 10970 1898 2421 10971 1869 2433 10972 1948 2426 10973 1948 2426 10974 1869 2433 10975 1870 2429 10976 1871 2430 10977 1872 2434 10978 1874 2428 10979 1874 2428 10980 1872 2434 10981 1873 2435 10982 1947 2422 10983 1877 2424 10984 1946 2436 10985 1946 2436 10986 1877 2424 10987 1878 2437 10988 1946 2436 10989 1878 2437 10990 1945 2438 10991 1945 2438 10992 1878 2437 10993 1879 2439 10994 1945 2438 10995 1879 2439 10996 1944 2440 10997 1944 2440 10998 1879 2439 10999 1950 2441 11000 1944 2440 11001 1950 2441 11002 1951 2442 11003 1951 2442 11004 1950 2441 11005 1880 2443 11006 1951 2442 11007 1880 2443 11008 1952 2444 11009 1952 2444 11010 1880 2443 11011 1960 2445 11012 1952 2444 11013 1960 2445 11014 1953 2446 11015 1953 2446 11016 1960 2445 11017 1959 2447 11018 1953 2446 11019 1959 2447 11020 1954 2448 11021 1954 2448 11022 1959 2447 11023 1958 2449 11024 1954 2448 11025 1958 2449 11026 1882 2450 11027 1882 2450 11028 1958 2449 11029 1962 2451 11030 1882 2450 11031 1962 2451 11032 1881 2452 11033 1881 2452 11034 1962 2451 11035 1961 2453 11036 1881 2452 11037 1961 2453 11038 1880 2443 11039 1880 2443 11040 1961 2453 11041 1960 2445 11042 1879 2439 11043 1880 2443 11044 1950 2441 11045 1954 2448 11046 1882 2450 11047 1955 2454 11048 1955 2454 11049 1882 2450 11050 1883 2455 11051 1955 2454 11052 1883 2455 11053 1939 2456 11054 1939 2456 11055 1883 2455 11056 1938 2457 11057 1939 2456 11058 1938 2457 11059 1930 2458 11060 1930 2458 11061 1938 2457 11062 1931 2459 11063 1930 2458 11064 1931 2459 11065 1908 2460 11066 1908 2460 11067 1931 2459 11068 1909 2461 11069 1908 2460 11070 1909 2461 11071 1788 2276 11072 1788 2276 11073 1909 2461 11074 1789 2277 11075 1789 2277 11076 1909 2461 11077 1910 2462 11078 1789 2277 11079 1910 2462 11080 1790 2326 11081 1790 2326 11082 1910 2462 11083 1791 2330 11084 1791 2330 11085 1910 2462 11086 1911 2463 11087 1791 2330 11088 1911 2463 11089 1914 2464 11090 1914 2464 11091 1911 2463 11092 1912 2465 11093 1914 2464 11094 1912 2465 11095 1913 2466 11096 1913 2466 11097 1912 2465 11098 1799 2353 11099 1913 2466 11100 1799 2353 11101 1798 2351 11102 1883 2455 11103 1884 2467 11104 1938 2457 11105 1938 2457 11106 1884 2467 11107 1937 2468 11108 1938 2457 11109 1937 2468 11110 1931 2459 11111 1931 2459 11112 1937 2468 11113 1932 2469 11114 1931 2459 11115 1932 2469 11116 1909 2461 11117 1909 2461 11118 1932 2469 11119 1910 2462 11120 1884 2467 11121 1885 2470 11122 1937 2468 11123 1937 2468 11124 1885 2470 11125 1936 2471 11126 1937 2468 11127 1936 2471 11128 1932 2469 11129 1932 2469 11130 1936 2471 11131 1933 2472 11132 1932 2469 11133 1933 2472 11134 1910 2462 11135 1910 2462 11136 1933 2472 11137 1911 2463 11138 1885 2470 11139 1886 2473 11140 1936 2471 11141 1936 2471 11142 1886 2473 11143 1956 2474 11144 1936 2471 11145 1956 2474 11146 1957 2475 11147 1957 2475 11148 1956 2474 11149 1887 2476 11150 1957 2475 11151 1887 2476 11152 1888 2477 11153 1886 2473 11154 1887 2476 11155 1956 2474 11156 1889 2478 11157 1890 2479 11158 1888 2477 11159 1888 2477 11160 1890 2479 11161 1891 2480 11162 1888 2477 11163 1891 2480 11164 1957 2475 11165 1957 2475 11166 1891 2480 11167 1892 2481 11168 1957 2475 11169 1892 2481 11170 1893 2482 11171 1957 2475 11172 1893 2482 11173 1935 2483 11174 1935 2483 11175 1893 2482 11176 1894 2484 11177 1935 2483 11178 1894 2484 11179 1895 2485 11180 1935 2483 11181 1895 2485 11182 1934 2486 11183 1934 2486 11184 1895 2485 11185 1896 2487 11186 1934 2486 11187 1896 2487 11188 1912 2465 11189 1912 2465 11190 1896 2487 11191 1668 2488 11192 1912 2465 11193 1668 2489 11194 1799 2353 11195 1913 2466 11196 1798 2351 11197 1793 2336 11198 1793 2336 11199 1798 2351 11200 1797 2349 11201 1793 2336 11202 1797 2349 11203 1794 2339 11204 1794 2339 11205 1797 2349 11206 1796 2347 11207 1794 2339 11208 1796 2347 11209 1795 2343 11210 1793 2336 11211 1792 2332 11212 1913 2466 11213 1913 2466 11214 1792 2332 11215 1914 2464 11216 1792 2332 11217 1791 2330 11218 1914 2464 11219 1908 2460 11220 1788 2276 11221 1915 2490 11222 1915 2490 11223 1788 2276 11224 1787 2281 11225 1915 2490 11226 1787 2281 11227 1916 2491 11228 1916 2491 11229 1787 2281 11230 1963 2492 11231 1916 2491 11232 1963 2492 11233 1964 2493 11234 1964 2493 11235 1963 2492 11236 1897 2494 11237 1964 2493 11238 1897 2494 11239 1786 2285 11240 1786 2285 11241 1897 2494 11242 1787 2281 11243 1787 2281 11244 1897 2494 11245 1963 2492 11246 1786 2285 11247 1785 2289 11248 1964 2493 11249 1964 2493 11250 1785 2289 11251 1917 2495 11252 1964 2493 11253 1917 2495 11254 1916 2491 11255 1916 2491 11256 1917 2495 11257 1906 2496 11258 1916 2491 11259 1906 2496 11260 1907 2497 11261 1907 2497 11262 1906 2496 11263 1929 2498 11264 1907 2497 11265 1929 2498 11266 1930 2458 11267 1930 2458 11268 1929 2498 11269 1939 2456 11270 1917 2495 11271 1785 2289 11272 1918 2499 11273 1918 2499 11274 1785 2289 11275 1784 2292 11276 1918 2499 11277 1784 2292 11278 1904 2500 11279 1904 2500 11280 1784 2292 11281 1903 2501 11282 1904 2500 11283 1903 2501 11284 1926 2502 11285 1926 2502 11286 1903 2501 11287 1925 2503 11288 1926 2502 11289 1925 2503 11290 1943 2504 11291 1943 2504 11292 1925 2503 11293 1944 2440 11294 1943 2504 11295 1944 2440 11296 1951 2442 11297 1784 2292 11298 1783 2296 11299 1903 2501 11300 1903 2501 11301 1783 2296 11302 1902 2505 11303 1903 2501 11304 1902 2505 11305 1925 2503 11306 1925 2503 11307 1902 2505 11308 1924 2506 11309 1925 2503 11310 1924 2506 11311 1944 2440 11312 1944 2440 11313 1924 2506 11314 1945 2438 11315 1902 2505 11316 1783 2296 11317 1901 2507 11318 1901 2507 11319 1783 2296 11320 1782 2300 11321 1901 2507 11322 1782 2300 11323 1900 2508 11324 1900 2508 11325 1782 2300 11326 1919 2509 11327 1900 2508 11328 1919 2509 11329 1781 2303 11330 1781 2303 11331 1919 2509 11332 1782 2300 11333 1900 2508 11334 1781 2303 11335 1920 2510 11336 1920 2510 11337 1781 2303 11338 1780 2307 11339 1920 2510 11340 1780 2307 11341 1779 2312 11342 1778 2325 11343 1777 2324 11344 1779 2312 11345 1779 2312 11346 1777 2324 11347 1920 2510 11348 1777 2324 11349 1776 2323 11350 1920 2510 11351 1920 2510 11352 1776 2323 11353 1775 2321 11354 1920 2510 11355 1775 2321 11356 1899 2418 11357 1920 2510 11358 1899 2418 11359 1900 2508 11360 1900 2508 11361 1899 2418 11362 1922 2511 11363 1900 2508 11364 1922 2511 11365 1923 2512 11366 1923 2512 11367 1922 2511 11368 1946 2436 11369 1923 2512 11370 1946 2436 11371 1945 2438 11372 1924 2506 11373 1902 2505 11374 1901 2507 11375 1924 2506 11376 1901 2507 11377 1923 2512 11378 1923 2512 11379 1901 2507 11380 1900 2508 11381 1917 2495 11382 1918 2499 11383 1905 2513 11384 1905 2513 11385 1918 2499 11386 1904 2500 11387 1905 2513 11388 1904 2500 11389 1927 2514 11390 1927 2514 11391 1904 2500 11392 1926 2502 11393 1927 2514 11394 1926 2502 11395 1942 2515 11396 1942 2515 11397 1926 2502 11398 1943 2504 11399 1942 2515 11400 1943 2504 11401 1952 2444 11402 1952 2444 11403 1943 2504 11404 1951 2442 11405 1917 2495 11406 1905 2513 11407 1906 2496 11408 1906 2496 11409 1905 2513 11410 1928 2516 11411 1906 2496 11412 1928 2516 11413 1929 2498 11414 1929 2498 11415 1928 2516 11416 1940 2517 11417 1929 2498 11418 1940 2517 11419 1939 2456 11420 1939 2456 11421 1940 2517 11422 1955 2454 11423 1928 2516 11424 1905 2513 11425 1927 2514 11426 1915 2490 11427 1916 2491 11428 1907 2497 11429 1930 2458 11430 1908 2460 11431 1907 2497 11432 1907 2497 11433 1908 2460 11434 1915 2490 11435 1934 2486 11436 1912 2465 11437 1911 2463 11438 1934 2486 11439 1911 2463 11440 1933 2472 11441 1899 2418 11442 1921 2420 11443 1922 2511 11444 1922 2511 11445 1921 2420 11446 1947 2422 11447 1922 2511 11448 1947 2422 11449 1946 2436 11450 1945 2438 11451 1924 2506 11452 1923 2512 11453 1928 2516 11454 1927 2514 11455 1941 2518 11456 1941 2518 11457 1927 2514 11458 1942 2515 11459 1941 2518 11460 1942 2515 11461 1953 2446 11462 1953 2446 11463 1942 2515 11464 1952 2444 11465 1935 2483 11466 1934 2486 11467 1933 2472 11468 1935 2483 11469 1933 2472 11470 1936 2471 11471 1935 2483 11472 1936 2471 11473 1957 2475 11474 1954 2448 11475 1955 2454 11476 1940 2517 11477 1953 2446 11478 1954 2448 11479 1941 2518 11480 1941 2518 11481 1954 2448 11482 1940 2517 11483 1941 2518 11484 1940 2517 11485 1928 2516 11486 1948 2426 11487 1949 2423 11488 1898 2421 11489 1958 2449 11490 1959 2447 11491 1962 2451 11492 1962 2451 11493 1959 2447 11494 1960 2445 11495 1962 2451 11496 1960 2445 11497 1961 2453 11498 1668 2519 11499 1896 2519 11500 1854 2519 11501 1854 2520 11502 1896 2520 11503 1895 2520 11504 1854 2521 11505 1895 2521 11506 1894 2521 11507 1881 447 11508 1965 2522 11509 1882 2523 11510 1882 2523 11511 1965 2522 11512 1966 2524 11513 1882 2523 11514 1966 2524 11515 1883 2525 11516 1883 2525 11517 1966 2524 11518 1967 2526 11519 1883 2525 11520 1967 2526 11521 1884 2527 11522 1884 2527 11523 1967 2526 11524 1885 2528 11525 1885 2528 11526 1967 2526 11527 1968 2529 11528 1885 2528 11529 1968 2529 11530 1886 2530 11531 1886 2530 11532 1968 2529 11533 1969 2531 11534 1886 2530 11535 1969 2531 11536 1887 2532 11537 1887 2532 11538 1969 2531 11539 1888 2477 11540 1888 2477 11541 1969 2531 11542 1970 2533 11543 1888 2477 11544 1970 2533 11545 1889 2478 11546 1889 2478 11547 1970 2533 11548 1890 2479 11549 1890 2479 11550 1970 2533 11551 1891 2480 11552 1891 2480 11553 1970 2533 11554 1892 2481 11555 1892 2481 11556 1970 2533 11557 1893 2534 11558 1893 2534 11559 1970 2533 11560 1672 2128 11561 1893 2534 11562 1672 2128 11563 1671 2133 11564 1971 2535 11565 433 532 11566 1970 2533 11567 1970 2533 11568 433 532 11569 432 535 11570 1970 2533 11571 432 535 11572 431 534 11573 1972 2536 11574 435 2537 11575 1971 2535 11576 1971 2535 11577 435 2537 11578 434 2538 11579 1971 2535 11580 434 2538 11581 433 532 11582 1973 2539 11583 437 2540 11584 1972 2536 11585 1972 2536 11586 437 2540 11587 436 2541 11588 1972 2536 11589 436 2541 11590 435 2537 11591 437 2540 11592 1973 2539 11593 438 2542 11594 438 2542 11595 1973 2539 11596 1974 2543 11597 438 2542 11598 1974 2543 11599 439 2544 11600 439 2544 11601 1974 2543 11602 1975 2545 11603 439 2544 11604 1975 2545 11605 440 2546 11606 431 534 11607 430 533 11608 1970 2533 11609 1970 2533 11610 430 533 11611 429 531 11612 1970 2533 11613 429 531 11614 428 2547 11615 427 2548 11616 1674 2549 11617 428 2547 11618 428 2547 11619 1674 2549 11620 1673 2129 11621 428 2547 11622 1673 2129 11623 1970 2533 11624 1970 2533 11625 1673 2129 11626 1672 2128 11627 1674 2549 11628 427 2548 11629 1675 2550 11630 1675 2551 11631 427 2552 11632 1861 2552 11633 1675 2553 11634 1861 2554 11635 1858 2555 11636 1858 2556 11637 1861 2557 11638 1859 2558 11639 1859 2559 11640 1861 2560 11641 1860 2561 11642 1671 2133 11643 1670 2562 11644 1893 2534 11645 1893 2534 11646 1670 2562 11647 1894 2563 11648 1894 2564 11649 1670 2565 11650 1669 2566 11651 1894 2567 11652 1669 2568 11653 1854 2567 11654 1854 2569 11655 1669 2570 11656 1857 2571 11657 1854 2572 11658 1857 2573 11659 1856 2574 11660 1856 2575 11661 1855 2576 11662 1854 2577 11663 440 2546 11664 1975 2545 11665 441 2578 11666 441 2578 11667 1975 2545 11668 1976 2579 11669 441 2578 11670 1976 2579 11671 442 2580 11672 442 2580 11673 1976 2579 11674 1977 2581 11675 442 2580 11676 1977 2581 11677 443 2582 11678 443 2582 11679 1977 2581 11680 444 2583 11681 444 2583 11682 1977 2581 11683 1978 2584 11684 444 2583 11685 1978 2584 11686 445 2585 11687 445 2585 11688 1978 2584 11689 1979 2586 11690 445 2585 11691 1979 2586 11692 446 2587 11693 446 2587 11694 1979 2586 11695 1980 2588 11696 446 2587 11697 1980 2588 11698 447 597 11699 447 597 11700 1980 2588 11701 448 598 11702 448 598 11703 1980 2588 11704 449 605 11705 449 605 11706 1980 2588 11707 450 599 11708 450 2589 11709 1980 2590 11710 1981 2591 11711 450 599 11712 1981 2592 11713 451 600 11714 451 600 11715 1981 2592 11716 452 2593 11717 452 2593 11718 1981 2592 11719 1982 2594 11720 452 2593 11721 1982 2594 11722 1699 2168 11723 1699 2168 11724 1982 2594 11725 1983 2595 11726 1699 2168 11727 1983 2595 11728 1700 2166 11729 1700 2166 11730 1983 2595 11731 1701 2185 11732 1701 2185 11733 1983 2595 11734 1869 2596 11735 1701 2185 11736 1869 2596 11737 1702 2597 11738 1702 2597 11739 1869 2596 11740 400 2598 11741 1702 2597 11742 400 2598 11743 1703 2599 11744 1703 2600 11745 400 2601 11746 399 2602 11747 1703 2603 11748 399 2604 11749 1866 2605 11750 1866 2606 11751 399 2607 11752 1867 2608 11753 1867 2609 11754 399 2610 11755 1868 2611 11756 1869 2596 11757 1983 2595 11758 1870 2429 11759 1870 2429 11760 1983 2595 11761 1984 2612 11762 1870 2429 11763 1984 2612 11764 1871 2430 11765 1871 2613 11766 1984 2614 11767 1985 2615 11768 1871 2430 11769 1985 2616 11770 1872 2434 11771 1872 2434 11772 1985 2617 11773 1873 2435 11774 1873 2435 11775 1985 2617 11776 1874 2428 11777 1874 2428 11778 1985 2617 11779 1875 2618 11780 1875 2618 11781 1985 2617 11782 1986 2619 11783 1875 2618 11784 1986 2619 11785 1876 2620 11786 1876 2620 11787 1986 2619 11788 1987 2621 11789 1876 2620 11790 1987 2621 11791 1877 2622 11792 1877 2622 11793 1987 2621 11794 1878 2623 11795 1878 2623 11796 1987 2621 11797 1988 2624 11798 1878 2623 11799 1988 2624 11800 1879 2625 11801 1879 2625 11802 1988 2624 11803 1989 2626 11804 1879 2625 11805 1989 2626 11806 1880 2627 11807 1880 2627 11808 1989 2626 11809 1965 2522 11810 1880 2627 11811 1965 2522 11812 1881 447 11813 1699 2168 11814 1698 2628 11815 452 2593 11816 452 2593 11817 1698 2628 11818 453 2629 11819 453 2630 11820 1698 2631 11821 1697 2632 11822 453 2633 11823 1697 2634 11824 1862 2635 11825 1862 2636 11826 1697 2637 11827 1865 2638 11828 1862 2639 11829 1865 2640 11830 1864 2641 11831 1864 2642 11832 1863 2643 11833 1862 2644 11834 1981 447 11835 1980 447 11836 1990 447 11837 1990 2645 11838 1980 2645 11839 1991 2645 11840 1984 0 11841 1983 0 11842 2001 0 11843 2001 2646 11844 1983 2647 11845 2000 2648 11846 2000 2649 11847 1983 2650 11848 1999 2651 11849 1999 0 11850 1983 0 11851 1998 0 11852 1998 0 11853 1983 0 11854 1997 0 11855 1997 0 11856 1983 0 11857 1996 0 11858 1996 0 11859 1983 0 11860 1982 0 11861 1996 0 11862 1982 0 11863 1995 0 11864 1995 0 11865 1982 0 11866 1994 0 11867 1994 2652 11868 1982 2653 11869 1993 2654 11870 1993 2655 11871 1982 2656 11872 1992 2657 11873 1992 2658 11874 1982 2659 11875 1990 2660 11876 1990 2661 11877 1982 2661 11878 1981 2661 11879 2002 488 11880 1985 488 11881 2001 488 11882 2001 488 11883 1985 488 11884 1984 488 11885 1965 2662 11886 2003 2663 11887 1966 2664 11888 1966 2664 11889 2003 2663 11890 2004 2665 11891 1966 2664 11892 2004 2665 11893 1967 2666 11894 1967 2666 11895 2004 2665 11896 2005 2667 11897 1967 2666 11898 2005 2667 11899 1968 2668 11900 1968 2668 11901 2005 2667 11902 2006 2669 11903 1968 2668 11904 2006 2669 11905 1969 2670 11906 1969 2670 11907 2006 2669 11908 2007 2671 11909 1969 2670 11910 2007 2671 11911 1970 2672 11912 1970 2672 11913 2007 2671 11914 2008 2673 11915 1970 2672 11916 2008 2673 11917 1971 2674 11918 1971 2674 11919 2008 2673 11920 2009 2675 11921 1971 2674 11922 2009 2675 11923 1972 2676 11924 1972 2676 11925 2009 2675 11926 2010 2677 11927 1972 2676 11928 2010 2677 11929 1973 2678 11930 1973 2678 11931 2010 2677 11932 2011 2679 11933 1973 2678 11934 2011 2679 11935 1974 2680 11936 1974 2680 11937 2011 2679 11938 2012 2681 11939 1974 2680 11940 2012 2681 11941 1975 2682 11942 1975 2682 11943 2012 2681 11944 2013 2683 11945 2014 2684 11946 2015 2685 11947 2002 2686 11948 2002 2687 11949 2015 2688 11950 1985 2689 11951 1985 2689 11952 2015 2688 11953 1986 2690 11954 1986 2690 11955 2015 2688 11956 2016 2691 11957 1986 2690 11958 2016 2691 11959 1987 2692 11960 1987 2692 11961 2016 2691 11962 2017 2693 11963 1987 2692 11964 2017 2693 11965 1988 2694 11966 1988 2694 11967 2017 2693 11968 2018 2695 11969 1988 2694 11970 2018 2695 11971 1989 2696 11972 1989 2696 11973 2018 2695 11974 2003 2663 11975 1989 2696 11976 2003 2663 11977 1965 2662 11978 1975 2682 11979 2013 2683 11980 1976 2697 11981 1976 2697 11982 2013 2683 11983 2019 2698 11984 1976 2697 11985 2019 2698 11986 1977 2699 11987 1977 2699 11988 2019 2698 11989 2020 2700 11990 1977 2699 11991 2020 2700 11992 1978 2701 11993 1978 2701 11994 2020 2700 11995 2021 2702 11996 1978 2701 11997 2021 2702 11998 1979 2703 11999 1979 2703 12000 2021 2702 12001 2022 2704 12002 1979 2703 12003 2022 2704 12004 1980 2705 12005 1980 2706 12006 2022 2707 12007 1991 2708 12008 1991 2708 12009 2022 2707 12010 2023 2709 12011 1990 2710 12012 1991 2711 12013 1992 2712 12014 1992 2713 12015 1991 2714 12016 2023 2715 12017 1992 2713 12018 2023 2715 12019 1993 2716 12020 1993 2716 12021 2023 2715 12022 2024 2717 12023 1993 2716 12024 2024 2717 12025 1994 2718 12026 1994 2718 12027 2024 2717 12028 2025 2719 12029 1994 2718 12030 2025 2719 12031 1995 2720 12032 1995 2720 12033 2025 2719 12034 2026 2721 12035 1995 2720 12036 2026 2721 12037 1996 2722 12038 1996 2722 12039 2026 2721 12040 2027 2723 12041 1996 2722 12042 2027 2723 12043 2028 2724 12044 1996 2722 12045 2028 2724 12046 1997 2725 12047 1997 2725 12048 2028 2724 12049 2029 2726 12050 1997 2725 12051 2029 2726 12052 1998 2727 12053 1998 2727 12054 2029 2726 12055 2030 2728 12056 1998 2727 12057 2030 2728 12058 1999 2729 12059 1999 2729 12060 2030 2728 12061 2014 2730 12062 1999 2731 12063 2014 2732 12064 2000 2733 12065 2000 2733 12066 2014 2732 12067 2002 2734 12068 2000 2733 12069 2002 2734 12070 2001 2735 12071 2015 2736 12072 2014 2736 12073 2037 2736 12074 2037 2737 12075 2014 2737 12076 2030 2737 12077 2037 0 12078 2030 0 12079 2036 0 12080 2036 2738 12081 2030 2738 12082 2029 2738 12083 2036 2739 12084 2029 2740 12085 2028 2741 12086 2028 2742 12087 2027 2742 12088 2036 2742 12089 2036 2743 12090 2027 2743 12091 2026 2743 12092 2036 2744 12093 2026 2745 12094 2025 2746 12095 2025 2747 12096 2024 2747 12097 2036 2747 12098 2036 0 12099 2024 0 12100 2035 0 12101 2035 2748 12102 2024 2748 12103 2023 2748 12104 2035 2749 12105 2023 2749 12106 2022 2749 12107 2035 2750 12108 2022 2750 12109 2034 2750 12110 2034 0 12111 2022 0 12112 2021 0 12113 2034 0 12114 2021 0 12115 2033 0 12116 2033 2751 12117 2021 2751 12118 2020 2751 12119 2033 2752 12120 2020 2752 12121 2032 2752 12122 2032 2753 12123 2020 2753 12124 2019 2753 12125 2032 2754 12126 2019 2754 12127 2031 2754 12128 2031 0 12129 2019 0 12130 2013 0 12131 2031 0 12132 2013 0 12133 2012 0 12134 2031 2755 12135 2012 2755 12136 2050 2755 12137 2050 2756 12138 2012 2756 12139 2011 2756 12140 2050 2757 12141 2011 2757 12142 2049 2757 12143 2049 0 12144 2011 0 12145 2010 0 12146 2049 2758 12147 2010 2758 12148 2048 2758 12149 2048 0 12150 2010 0 12151 2009 0 12152 2048 2759 12153 2009 2759 12154 2047 2759 12155 2047 2760 12156 2009 2760 12157 2008 2760 12158 2047 0 12159 2008 0 12160 2046 0 12161 2046 0 12162 2008 0 12163 2045 0 12164 2045 2761 12165 2008 2761 12166 2007 2761 12167 2045 0 12168 2007 0 12169 2044 0 12170 2044 0 12171 2007 0 12172 2006 0 12173 2044 0 12174 2006 0 12175 2043 0 12176 2043 0 12177 2006 0 12178 2005 0 12179 2043 2762 12180 2005 2762 12181 2042 2762 12182 2042 2763 12183 2005 2763 12184 2004 2763 12185 2042 0 12186 2004 0 12187 2041 0 12188 2041 0 12189 2004 0 12190 2003 0 12191 2041 0 12192 2003 0 12193 2018 0 12194 2041 2764 12195 2018 2764 12196 2040 2764 12197 2040 2765 12198 2018 2765 12199 2017 2765 12200 2040 2766 12201 2017 2766 12202 2039 2766 12203 2039 2767 12204 2017 2767 12205 2016 2767 12206 2039 2768 12207 2016 2768 12208 2038 2768 12209 2038 0 12210 2016 0 12211 2015 0 12212 2038 2769 12213 2015 2769 12214 2037 2769 12215 2031 2770 12216 2051 2771 12217 2032 2772 12218 2032 2772 12219 2051 2771 12220 2052 2773 12221 2032 2772 12222 2052 2773 12223 2033 2774 12224 2033 2774 12225 2052 2773 12226 2053 2775 12227 2033 2774 12228 2053 2775 12229 2034 2776 12230 2034 2776 12231 2053 2775 12232 2054 2777 12233 2034 2776 12234 2054 2777 12235 2035 2778 12236 2035 2778 12237 2054 2777 12238 2055 2779 12239 2035 2778 12240 2055 2779 12241 2036 2780 12242 2036 2780 12243 2055 2779 12244 2056 2781 12245 2036 2780 12246 2056 2781 12247 2037 2782 12248 2037 2782 12249 2056 2781 12250 2057 2783 12251 2037 2782 12252 2057 2783 12253 2038 2784 12254 2038 2784 12255 2057 2783 12256 2058 2785 12257 2038 2784 12258 2058 2785 12259 2039 2786 12260 2039 2786 12261 2058 2785 12262 2059 2787 12263 2039 2786 12264 2059 2787 12265 2040 2788 12266 2040 2788 12267 2059 2787 12268 2060 2789 12269 2040 2788 12270 2060 2789 12271 2041 2790 12272 2041 2790 12273 2060 2789 12274 2061 2791 12275 2041 2790 12276 2061 2791 12277 2042 2792 12278 2042 2792 12279 2061 2791 12280 2062 2793 12281 2042 2792 12282 2062 2793 12283 2043 2794 12284 2043 2794 12285 2062 2793 12286 2063 2795 12287 2043 2794 12288 2063 2795 12289 2044 2796 12290 2044 2796 12291 2063 2795 12292 2064 2797 12293 2044 2796 12294 2064 2797 12295 2045 2798 12296 2045 2798 12297 2064 2797 12298 2065 2799 12299 2045 2798 12300 2065 2799 12301 2046 2800 12302 2046 2800 12303 2065 2799 12304 2066 2801 12305 2046 2800 12306 2066 2801 12307 2047 2802 12308 2047 2802 12309 2066 2801 12310 2067 2803 12311 2047 2802 12312 2067 2803 12313 2048 2804 12314 2048 2804 12315 2067 2803 12316 2068 2805 12317 2048 2804 12318 2068 2805 12319 2049 2806 12320 2049 2806 12321 2068 2805 12322 2069 2807 12323 2049 2806 12324 2069 2807 12325 2050 2808 12326 2050 2808 12327 2069 2807 12328 2070 2809 12329 2050 2808 12330 2070 2809 12331 2031 2770 12332 2031 2770 12333 2070 2809 12334 2051 2771 12335 2072 2810 12336 2053 2810 12337 2071 2810 12338 2071 2811 12339 2053 2811 12340 2052 2811 12341 2071 2812 12342 2052 2812 12343 2090 2812 12344 2090 2811 12345 2052 2811 12346 2051 2811 12347 2090 2813 12348 2051 2813 12349 2089 2813 12350 2089 2811 12351 2051 2811 12352 2070 2811 12353 2089 2814 12354 2070 2814 12355 2088 2814 12356 2088 2811 12357 2070 2811 12358 2069 2811 12359 2088 2815 12360 2069 2815 12361 2087 2815 12362 2087 2811 12363 2069 2811 12364 2068 2811 12365 2087 2811 12366 2068 2811 12367 2086 2811 12368 2086 2811 12369 2068 2811 12370 2067 2811 12371 2086 2816 12372 2067 2816 12373 2085 2816 12374 2085 2817 12375 2067 2817 12376 2066 2817 12377 2085 2811 12378 2066 2811 12379 2084 2811 12380 2084 2818 12381 2066 2818 12382 2065 2818 12383 2084 2819 12384 2065 2819 12385 2083 2819 12386 2083 2811 12387 2065 2811 12388 2064 2811 12389 2083 2820 12390 2064 2820 12391 2082 2820 12392 2082 2811 12393 2064 2811 12394 2063 2811 12395 2082 2821 12396 2063 2821 12397 2081 2821 12398 2081 2811 12399 2063 2811 12400 2062 2811 12401 2081 2822 12402 2062 2822 12403 2080 2822 12404 2080 2811 12405 2062 2811 12406 2061 2811 12407 2080 2823 12408 2061 2823 12409 2079 2823 12410 2079 2824 12411 2061 2824 12412 2060 2824 12413 2079 2825 12414 2060 2825 12415 2078 2825 12416 2078 2811 12417 2060 2811 12418 2059 2811 12419 2078 2826 12420 2059 2826 12421 2077 2826 12422 2077 2827 12423 2059 2827 12424 2058 2827 12425 2077 2811 12426 2058 2811 12427 2076 2811 12428 2076 2811 12429 2058 2811 12430 2057 2811 12431 2076 2811 12432 2057 2811 12433 2075 2811 12434 2075 2828 12435 2057 2828 12436 2056 2828 12437 2075 2811 12438 2056 2811 12439 2074 2811 12440 2074 2817 12441 2056 2817 12442 2055 2817 12443 2074 2829 12444 2055 2829 12445 2073 2829 12446 2073 2811 12447 2055 2811 12448 2054 2811 12449 2073 2830 12450 2054 2830 12451 2072 2830 12452 2072 2811 12453 2054 2811 12454 2053 2811 12455 2101 2831 12456 2081 2832 12457 2100 2833 12458 2100 2833 12459 2081 2832 12460 2080 2834 12461 2100 2833 12462 2080 2834 12463 2099 2835 12464 2099 2835 12465 2080 2834 12466 2079 2836 12467 2099 2835 12468 2079 2836 12469 2098 2837 12470 2098 2837 12471 2079 2836 12472 2078 2838 12473 2098 2837 12474 2078 2838 12475 2097 2839 12476 2097 2839 12477 2078 2838 12478 2077 2840 12479 2097 2839 12480 2077 2840 12481 2096 2841 12482 2096 2841 12483 2077 2840 12484 2076 2842 12485 2096 2841 12486 2076 2842 12487 2095 2843 12488 2095 2843 12489 2076 2842 12490 2075 2844 12491 2095 2843 12492 2075 2844 12493 2094 2845 12494 2094 2845 12495 2075 2844 12496 2074 2846 12497 2094 2845 12498 2074 2846 12499 2093 2847 12500 2093 2847 12501 2074 2846 12502 2073 2848 12503 2093 2847 12504 2073 2848 12505 2092 2849 12506 2092 2849 12507 2073 2848 12508 2072 2850 12509 2092 2849 12510 2072 2850 12511 2091 2851 12512 2091 2851 12513 2072 2850 12514 2071 2852 12515 2091 2851 12516 2071 2852 12517 2110 2853 12518 2110 2853 12519 2071 2852 12520 2090 2854 12521 2110 2853 12522 2090 2854 12523 2109 2855 12524 2109 2855 12525 2090 2854 12526 2089 2856 12527 2109 2855 12528 2089 2856 12529 2108 2857 12530 2108 2857 12531 2089 2856 12532 2088 2858 12533 2108 2857 12534 2088 2858 12535 2107 2859 12536 2107 2859 12537 2088 2858 12538 2087 2860 12539 2107 2859 12540 2087 2860 12541 2106 2861 12542 2106 2861 12543 2087 2860 12544 2086 2862 12545 2106 2861 12546 2086 2862 12547 2105 2863 12548 2105 2863 12549 2086 2862 12550 2085 2864 12551 2105 2863 12552 2085 2864 12553 2104 2865 12554 2104 2865 12555 2085 2864 12556 2084 2866 12557 2104 2865 12558 2084 2866 12559 2103 2867 12560 2103 2867 12561 2084 2866 12562 2083 2868 12563 2103 2867 12564 2083 2868 12565 2102 2869 12566 2102 2869 12567 2083 2868 12568 2082 2870 12569 2102 2869 12570 2082 2870 12571 2101 2831 12572 2101 2831 12573 2082 2870 12574 2081 2832 12575 2110 2871 12576 2122 2871 12577 2091 2871 12578 2091 0 12579 2122 0 12580 2123 0 12581 2091 0 12582 2123 0 12583 2092 0 12584 2092 0 12585 2123 0 12586 2124 0 12587 2092 2872 12588 2124 2872 12589 2093 2872 12590 2093 0 12591 2124 0 12592 2125 0 12593 2093 0 12594 2125 0 12595 2094 0 12596 2094 2873 12597 2125 2873 12598 2126 2873 12599 2094 0 12600 2126 0 12601 2095 0 12602 2095 0 12603 2126 0 12604 2127 0 12605 2095 2874 12606 2127 2874 12607 2096 2874 12608 2096 0 12609 2127 0 12610 2128 0 12611 2096 2875 12612 2128 2875 12613 2097 2875 12614 2097 0 12615 2128 0 12616 2129 0 12617 2097 2876 12618 2129 2876 12619 2098 2876 12620 2098 0 12621 2129 0 12622 2130 0 12623 2098 2877 12624 2130 2877 12625 2099 2877 12626 2099 2878 12627 2130 2878 12628 2111 2878 12629 2099 2879 12630 2111 2879 12631 2100 2879 12632 2100 0 12633 2111 0 12634 2112 0 12635 2100 0 12636 2112 0 12637 2101 0 12638 2101 0 12639 2112 0 12640 2113 0 12641 2101 0 12642 2113 0 12643 2102 0 12644 2102 2880 12645 2113 2880 12646 2114 2880 12647 2102 2877 12648 2114 2877 12649 2103 2877 12650 2103 0 12651 2114 0 12652 2115 0 12653 2103 0 12654 2115 0 12655 2104 0 12656 2104 2881 12657 2115 2881 12658 2116 2881 12659 2104 2882 12660 2116 2882 12661 2105 2882 12662 2105 0 12663 2116 0 12664 2117 0 12665 2105 2883 12666 2117 2883 12667 2106 2883 12668 2106 0 12669 2117 0 12670 2118 0 12671 2106 2884 12672 2118 2884 12673 2107 2884 12674 2107 2885 12675 2118 2885 12676 2119 2885 12677 2107 2886 12678 2119 2886 12679 2108 2886 12680 2108 2887 12681 2119 2887 12682 2120 2887 12683 2108 2888 12684 2120 2888 12685 2109 2888 12686 2109 0 12687 2120 0 12688 2121 0 12689 2109 2889 12690 2121 2889 12691 2110 2889 12692 2110 2890 12693 2121 2890 12694 2122 2890 12695 2132 2891 12696 2172 2892 12697 2131 2893 12698 2131 2893 12699 2172 2892 12700 2173 2894 12701 2131 2893 12702 2173 2894 12703 2168 2895 12704 2168 2895 12705 2173 2894 12706 2174 2896 12707 2168 2895 12708 2174 2896 12709 2175 2897 12710 2175 2897 12711 2174 2896 12712 2348 2898 12713 2175 2897 12714 2348 2898 12715 2347 2899 12716 2347 2899 12717 2348 2898 12718 2209 2900 12719 2347 2899 12720 2209 2900 12721 2208 2901 12722 2208 2901 12723 2209 2900 12724 2191 2902 12725 2208 2901 12726 2191 2902 12727 2192 2903 12728 2192 2903 12729 2191 2902 12730 2235 2904 12731 2192 2903 12732 2235 2904 12733 2234 2905 12734 2234 2905 12735 2235 2904 12736 2221 2906 12737 2234 2905 12738 2221 2906 12739 2222 2907 12740 2222 2907 12741 2221 2906 12742 2331 2908 12743 2222 2907 12744 2331 2908 12745 2330 2909 12746 2330 2909 12747 2331 2908 12748 2260 2910 12749 2330 2909 12750 2260 2910 12751 2259 2911 12752 2259 2911 12753 2260 2910 12754 2252 2912 12755 2259 2911 12756 2252 2912 12757 2253 2913 12758 2253 2913 12759 2252 2912 12760 2281 2914 12761 2253 2913 12762 2281 2914 12763 2282 2915 12764 2282 2915 12765 2281 2914 12766 2299 2916 12767 2282 2915 12768 2299 2916 12769 2298 2917 12770 2298 2917 12771 2299 2916 12772 2297 2918 12773 2298 2917 12774 2297 2918 12775 2154 2919 12776 2154 2919 12777 2297 2918 12778 2153 2920 12779 2153 2920 12780 2297 2918 12781 2325 2921 12782 2153 2920 12783 2325 2921 12784 2152 2922 12785 2152 2922 12786 2325 2921 12787 2151 2923 12788 2151 2923 12789 2325 2921 12790 2324 2924 12791 2151 2923 12792 2324 2924 12793 2150 2925 12794 2150 2925 12795 2324 2924 12796 2323 2926 12797 2150 2925 12798 2323 2926 12799 2322 2927 12800 2322 2927 12801 2323 2926 12802 2294 2928 12803 2322 2927 12804 2294 2928 12805 2293 2929 12806 2293 2929 12807 2294 2928 12808 2302 2930 12809 2293 2929 12810 2302 2930 12811 2303 2931 12812 2303 2931 12813 2302 2930 12814 2278 2932 12815 2303 2931 12816 2278 2932 12817 2277 2933 12818 2277 2933 12819 2278 2932 12820 2249 2934 12821 2277 2933 12822 2249 2934 12823 2248 2935 12824 2248 2935 12825 2249 2934 12826 2263 2936 12827 2248 2935 12828 2263 2936 12829 2264 2937 12830 2264 2937 12831 2263 2936 12832 2334 2938 12833 2264 2937 12834 2334 2938 12835 2335 2939 12836 2335 2939 12837 2334 2938 12838 2218 2940 12839 2335 2939 12840 2218 2940 12841 2217 2941 12842 2217 2941 12843 2218 2940 12844 2238 2942 12845 2217 2941 12846 2238 2942 12847 2239 2943 12848 2239 2943 12849 2238 2942 12850 2188 2944 12851 2239 2943 12852 2188 2944 12853 2187 2945 12854 2187 2945 12855 2188 2944 12856 2212 2946 12857 2187 2945 12858 2212 2946 12859 2213 2947 12860 2213 2947 12861 2212 2946 12862 2170 2948 12863 2213 2947 12864 2170 2948 12865 2135 2949 12866 2135 2949 12867 2170 2948 12868 2134 2950 12869 2134 2950 12870 2170 2948 12871 2172 2892 12872 2134 2950 12873 2172 2892 12874 2133 2951 12875 2133 2951 12876 2172 2892 12877 2132 2891 12878 2213 2947 12879 2135 2949 12880 2186 2952 12881 2186 2952 12882 2135 2949 12883 2136 2953 12884 2186 2952 12885 2136 2953 12886 2241 2954 12887 2241 2954 12888 2136 2953 12889 2214 2955 12890 2241 2954 12891 2214 2955 12892 2215 2956 12893 2215 2956 12894 2214 2955 12895 2338 2957 12896 2215 2956 12897 2338 2957 12898 2337 2958 12899 2337 2958 12900 2338 2957 12901 2267 2959 12902 2337 2958 12903 2267 2959 12904 2266 2960 12905 2266 2960 12906 2267 2959 12907 2245 2961 12908 2266 2960 12909 2245 2961 12910 2246 2962 12911 2246 2962 12912 2245 2961 12913 2274 2963 12914 2246 2962 12915 2274 2963 12916 2275 2964 12917 2275 2964 12918 2274 2963 12919 2306 2965 12920 2275 2964 12921 2306 2965 12922 2305 2966 12923 2305 2966 12924 2306 2965 12925 2290 2967 12926 2305 2966 12927 2290 2967 12928 2291 2968 12929 2291 2968 12930 2290 2967 12931 2319 2969 12932 2291 2968 12933 2319 2969 12934 2320 2970 12935 2320 2970 12936 2319 2969 12937 2148 2971 12938 2320 2970 12939 2148 2971 12940 2149 2972 12941 2214 2955 12942 2136 2953 12943 2171 2973 12944 2171 2973 12945 2136 2953 12946 2137 2974 12947 2171 2973 12948 2137 2974 12949 2269 2975 12950 2269 2975 12951 2137 2974 12952 2242 2976 12953 2269 2975 12954 2242 2976 12955 2243 2977 12956 2243 2977 12957 2242 2976 12958 2271 2978 12959 2243 2977 12960 2271 2978 12961 2272 2979 12962 2272 2979 12963 2271 2978 12964 2309 2980 12965 2272 2979 12966 2309 2980 12967 2308 2981 12968 2308 2981 12969 2309 2980 12970 2287 2982 12971 2308 2981 12972 2287 2982 12973 2288 2983 12974 2288 2983 12975 2287 2982 12976 2316 2984 12977 2288 2983 12978 2316 2984 12979 2317 2985 12980 2317 2985 12981 2316 2984 12982 2146 2986 12983 2317 2985 12984 2146 2986 12985 2318 2987 12986 2318 2987 12987 2146 2986 12988 2147 2988 12989 2318 2987 12990 2147 2988 12991 2319 2969 12992 2319 2969 12993 2147 2988 12994 2148 2971 12995 2137 2974 12996 2138 2989 12997 2242 2976 12998 2242 2976 12999 2138 2989 13000 2270 2990 13001 2242 2976 13002 2270 2990 13003 2271 2978 13004 2271 2978 13005 2270 2990 13006 2310 2991 13007 2271 2978 13008 2310 2991 13009 2309 2980 13010 2309 2980 13011 2310 2991 13012 2286 2992 13013 2309 2980 13014 2286 2992 13015 2287 2982 13016 2287 2982 13017 2286 2992 13018 2315 2993 13019 2287 2982 13020 2315 2993 13021 2316 2984 13022 2316 2984 13023 2315 2993 13024 2145 2994 13025 2316 2984 13026 2145 2994 13027 2146 2986 13028 2138 2989 13029 2139 2995 13030 2270 2990 13031 2270 2990 13032 2139 2995 13033 2311 2996 13034 2270 2990 13035 2311 2996 13036 2310 2991 13037 2310 2991 13038 2311 2996 13039 2285 2997 13040 2310 2991 13041 2285 2997 13042 2286 2992 13043 2286 2992 13044 2285 2997 13045 2314 2998 13046 2286 2992 13047 2314 2998 13048 2315 2993 13049 2315 2993 13050 2314 2998 13051 2144 2999 13052 2315 2993 13053 2144 2999 13054 2145 2994 13055 2311 2996 13056 2139 2995 13057 2284 3000 13058 2284 3000 13059 2139 2995 13060 2140 3001 13061 2284 3000 13062 2140 3001 13063 2312 3002 13064 2312 3002 13065 2140 3001 13066 2141 3003 13067 2312 3002 13068 2141 3003 13069 2142 3004 13070 2142 3004 13071 2143 3005 13072 2312 3002 13073 2312 3002 13074 2143 3005 13075 2313 3006 13076 2312 3002 13077 2313 3006 13078 2284 3000 13079 2284 3000 13080 2313 3006 13081 2285 2997 13082 2284 3000 13083 2285 2997 13084 2311 2996 13085 2143 3005 13086 2144 2999 13087 2313 3006 13088 2313 3006 13089 2144 2999 13090 2314 2998 13091 2313 3006 13092 2314 2998 13093 2285 2997 13094 2150 2925 13095 2322 2927 13096 2149 2972 13097 2149 2972 13098 2322 2927 13099 2321 3007 13100 2149 2972 13101 2321 3007 13102 2320 2970 13103 2320 2970 13104 2321 3007 13105 2292 3008 13106 2320 2970 13107 2292 3008 13108 2291 2968 13109 2291 2968 13110 2292 3008 13111 2304 3009 13112 2291 2968 13113 2304 3009 13114 2305 2966 13115 2305 2966 13116 2304 3009 13117 2276 3010 13118 2305 2966 13119 2276 3010 13120 2275 2964 13121 2275 2964 13122 2276 3010 13123 2247 3011 13124 2275 2964 13125 2247 3011 13126 2246 2962 13127 2246 2962 13128 2247 3011 13129 2265 3012 13130 2246 2962 13131 2265 3012 13132 2266 2960 13133 2266 2960 13134 2265 3012 13135 2336 3013 13136 2266 2960 13137 2336 3013 13138 2337 2958 13139 2337 2958 13140 2336 3013 13141 2216 3014 13142 2337 2958 13143 2216 3014 13144 2215 2956 13145 2215 2956 13146 2216 3014 13147 2240 3015 13148 2215 2956 13149 2240 3015 13150 2241 2954 13151 2241 2954 13152 2240 3015 13153 2186 2952 13154 2298 2917 13155 2154 2919 13156 2283 3016 13157 2283 3016 13158 2154 2919 13159 2155 3017 13160 2283 3016 13161 2155 3017 13162 2255 3018 13163 2255 3018 13164 2155 3017 13165 2156 3019 13166 2255 3018 13167 2156 3019 13168 2256 3020 13169 2256 3020 13170 2156 3019 13171 2326 3021 13172 2256 3020 13173 2326 3021 13174 2327 3022 13175 2327 3022 13176 2326 3021 13177 2226 3023 13178 2327 3022 13179 2226 3023 13180 2225 3024 13181 2225 3024 13182 2226 3023 13183 2230 3025 13184 2225 3024 13185 2230 3025 13186 2231 3026 13187 2231 3026 13188 2230 3025 13189 2196 3027 13190 2231 3026 13191 2196 3027 13192 2195 3028 13193 2195 3028 13194 2196 3027 13195 2204 3029 13196 2195 3028 13197 2204 3029 13198 2205 3030 13199 2205 3030 13200 2204 3029 13201 2343 3031 13202 2205 3030 13203 2343 3031 13204 2344 3032 13205 2344 3032 13206 2343 3031 13207 2179 3033 13208 2344 3032 13209 2179 3033 13210 2178 3034 13211 2178 3034 13212 2179 3033 13213 2165 3035 13214 2178 3034 13215 2165 3035 13216 2166 3036 13217 2156 3019 13218 2157 3037 13219 2326 3021 13220 2326 3021 13221 2157 3037 13222 2227 3038 13223 2326 3021 13224 2227 3038 13225 2226 3023 13226 2226 3023 13227 2227 3038 13228 2229 3039 13229 2226 3023 13230 2229 3039 13231 2230 3025 13232 2230 3025 13233 2229 3039 13234 2197 3040 13235 2230 3025 13236 2197 3040 13237 2196 3027 13238 2196 3027 13239 2197 3040 13240 2203 3041 13241 2196 3027 13242 2203 3041 13243 2204 3029 13244 2204 3029 13245 2203 3041 13246 2342 3042 13247 2204 3029 13248 2342 3042 13249 2343 3031 13250 2343 3031 13251 2342 3042 13252 2180 3043 13253 2343 3031 13254 2180 3043 13255 2179 3033 13256 2179 3033 13257 2180 3043 13258 2164 3044 13259 2179 3033 13260 2164 3044 13261 2165 3035 13262 2157 3037 13263 2158 3045 13264 2227 3038 13265 2227 3038 13266 2158 3045 13267 2228 3046 13268 2227 3038 13269 2228 3046 13270 2229 3039 13271 2229 3039 13272 2228 3046 13273 2198 3047 13274 2229 3039 13275 2198 3047 13276 2197 3040 13277 2197 3040 13278 2198 3047 13279 2202 3048 13280 2197 3040 13281 2202 3048 13282 2203 3041 13283 2203 3041 13284 2202 3048 13285 2341 3049 13286 2203 3041 13287 2341 3049 13288 2342 3042 13289 2342 3042 13290 2341 3049 13291 2181 3050 13292 2342 3042 13293 2181 3050 13294 2180 3043 13295 2180 3043 13296 2181 3050 13297 2163 3051 13298 2180 3043 13299 2163 3051 13300 2164 3044 13301 2228 3046 13302 2158 3045 13303 2199 3052 13304 2199 3052 13305 2158 3045 13306 2159 3053 13307 2199 3052 13308 2159 3053 13309 2200 3054 13310 2200 3054 13311 2159 3053 13312 2169 3055 13313 2200 3054 13314 2169 3055 13315 2339 3056 13316 2339 3056 13317 2169 3055 13318 2184 3057 13319 2339 3056 13320 2184 3057 13321 2183 3058 13322 2183 3058 13323 2184 3057 13324 2162 3059 13325 2183 3058 13326 2162 3059 13327 2182 3060 13328 2182 3060 13329 2162 3059 13330 2163 3051 13331 2182 3060 13332 2163 3051 13333 2181 3050 13334 2159 3053 13335 2160 3061 13336 2169 3055 13337 2169 3055 13338 2160 3061 13339 2185 3062 13340 2169 3055 13341 2185 3062 13342 2184 3057 13343 2184 3057 13344 2185 3062 13345 2161 3063 13346 2184 3057 13347 2161 3063 13348 2162 3059 13349 2160 3061 13350 2161 3063 13351 2185 3062 13352 2167 3064 13353 2176 3065 13354 2166 3036 13355 2166 3036 13356 2176 3065 13357 2177 3066 13358 2166 3036 13359 2177 3066 13360 2178 3034 13361 2178 3034 13362 2177 3066 13363 2345 3067 13364 2178 3034 13365 2345 3067 13366 2344 3032 13367 2344 3032 13368 2345 3067 13369 2206 3068 13370 2344 3032 13371 2206 3068 13372 2205 3030 13373 2205 3030 13374 2206 3068 13375 2194 3069 13376 2205 3030 13377 2194 3069 13378 2195 3028 13379 2195 3028 13380 2194 3069 13381 2232 3070 13382 2195 3028 13383 2232 3070 13384 2231 3026 13385 2231 3026 13386 2232 3070 13387 2224 3071 13388 2231 3026 13389 2224 3071 13390 2225 3024 13391 2225 3024 13392 2224 3071 13393 2328 3072 13394 2225 3024 13395 2328 3072 13396 2327 3022 13397 2327 3022 13398 2328 3072 13399 2257 3073 13400 2327 3022 13401 2257 3073 13402 2256 3020 13403 2256 3020 13404 2257 3073 13405 2255 3018 13406 2176 3065 13407 2167 3064 13408 2175 2897 13409 2175 2897 13410 2167 3064 13411 2168 2895 13412 2173 2894 13413 2172 2892 13414 2350 3074 13415 2350 3074 13416 2172 2892 13417 2170 2948 13418 2350 3074 13419 2170 2948 13420 2212 2946 13421 2174 2896 13422 2173 2894 13423 2349 3075 13424 2349 3075 13425 2173 2894 13426 2350 3074 13427 2349 3075 13428 2350 3074 13429 2211 3076 13430 2211 3076 13431 2350 3074 13432 2212 2946 13433 2211 3076 13434 2212 2946 13435 2188 2944 13436 2175 2897 13437 2347 2899 13438 2176 3065 13439 2176 3065 13440 2347 2899 13441 2346 3077 13442 2176 3065 13443 2346 3077 13444 2177 3066 13445 2177 3066 13446 2346 3077 13447 2345 3067 13448 2181 3050 13449 2341 3049 13450 2182 3060 13451 2182 3060 13452 2341 3049 13453 2340 3078 13454 2182 3060 13455 2340 3078 13456 2183 3058 13457 2183 3058 13458 2340 3078 13459 2339 3056 13460 2213 2947 13461 2186 2952 13462 2187 2945 13463 2187 2945 13464 2186 2952 13465 2240 3015 13466 2187 2945 13467 2240 3015 13468 2239 2943 13469 2239 2943 13470 2240 3015 13471 2216 3014 13472 2239 2943 13473 2216 3014 13474 2217 2941 13475 2217 2941 13476 2216 3014 13477 2336 3013 13478 2217 2941 13479 2336 3013 13480 2335 2939 13481 2335 2939 13482 2336 3013 13483 2265 3012 13484 2335 2939 13485 2265 3012 13486 2264 2937 13487 2264 2937 13488 2265 3012 13489 2247 3011 13490 2264 2937 13491 2247 3011 13492 2248 2935 13493 2248 2935 13494 2247 3011 13495 2276 3010 13496 2248 2935 13497 2276 3010 13498 2277 2933 13499 2277 2933 13500 2276 3010 13501 2304 3009 13502 2277 2933 13503 2304 3009 13504 2303 2931 13505 2303 2931 13506 2304 3009 13507 2292 3008 13508 2303 2931 13509 2292 3008 13510 2293 2929 13511 2293 2929 13512 2292 3008 13513 2321 3007 13514 2293 2929 13515 2321 3007 13516 2322 2927 13517 2188 2944 13518 2189 3079 13519 2211 3076 13520 2211 3076 13521 2189 3079 13522 2210 3080 13523 2211 3076 13524 2210 3080 13525 2349 3075 13526 2349 3075 13527 2210 3080 13528 2348 2898 13529 2349 3075 13530 2348 2898 13531 2174 2896 13532 2189 3079 13533 2190 3081 13534 2210 3080 13535 2210 3080 13536 2190 3081 13537 2209 2900 13538 2210 3080 13539 2209 2900 13540 2348 2898 13541 2188 2944 13542 2238 2942 13543 2189 3079 13544 2189 3079 13545 2238 2942 13546 2237 3082 13547 2189 3079 13548 2237 3082 13549 2190 3081 13550 2190 3081 13551 2237 3082 13552 2236 3083 13553 2190 3081 13554 2236 3083 13555 2191 2902 13556 2191 2902 13557 2236 3083 13558 2235 2904 13559 2190 3081 13560 2191 2902 13561 2209 2900 13562 2192 2903 13563 2193 3084 13564 2207 3085 13565 2207 3085 13566 2193 3084 13567 2206 3068 13568 2207 3085 13569 2206 3068 13570 2345 3067 13571 2206 3068 13572 2193 3084 13573 2194 3069 13574 2194 3069 13575 2193 3084 13576 2233 3086 13577 2194 3069 13578 2233 3086 13579 2232 3070 13580 2232 3070 13581 2233 3086 13582 2223 3087 13583 2232 3070 13584 2223 3087 13585 2224 3071 13586 2224 3071 13587 2223 3087 13588 2329 3088 13589 2224 3071 13590 2329 3088 13591 2328 3072 13592 2328 3072 13593 2329 3088 13594 2258 3089 13595 2328 3072 13596 2258 3089 13597 2257 3073 13598 2257 3073 13599 2258 3089 13600 2254 3090 13601 2257 3073 13602 2254 3090 13603 2255 3018 13604 2255 3018 13605 2254 3090 13606 2283 3016 13607 2233 3086 13608 2193 3084 13609 2234 2905 13610 2234 2905 13611 2193 3084 13612 2192 2903 13613 2198 3047 13614 2199 3052 13615 2201 3091 13616 2201 3091 13617 2199 3052 13618 2200 3054 13619 2201 3091 13620 2200 3054 13621 2339 3056 13622 2199 3052 13623 2198 3047 13624 2228 3046 13625 2198 3047 13626 2201 3091 13627 2202 3048 13628 2202 3048 13629 2201 3091 13630 2340 3078 13631 2202 3048 13632 2340 3078 13633 2341 3049 13634 2340 3078 13635 2201 3091 13636 2339 3056 13637 2192 2903 13638 2207 3085 13639 2208 2901 13640 2208 2901 13641 2207 3085 13642 2346 3077 13643 2208 2901 13644 2346 3077 13645 2347 2899 13646 2346 3077 13647 2207 3085 13648 2345 3067 13649 2237 3082 13650 2238 2942 13651 2218 2940 13652 2236 3083 13653 2237 3082 13654 2219 3092 13655 2219 3092 13656 2237 3082 13657 2218 2940 13658 2219 3092 13659 2218 2940 13660 2334 2938 13661 2235 2904 13662 2236 3083 13663 2220 3093 13664 2220 3093 13665 2236 3083 13666 2219 3092 13667 2220 3093 13668 2219 3092 13669 2333 3094 13670 2333 3094 13671 2219 3092 13672 2334 2938 13673 2333 3094 13674 2334 2938 13675 2263 2936 13676 2235 2904 13677 2220 3093 13678 2221 2906 13679 2221 2906 13680 2220 3093 13681 2332 3095 13682 2221 2906 13683 2332 3095 13684 2331 2908 13685 2331 2908 13686 2332 3095 13687 2261 3096 13688 2331 2908 13689 2261 3096 13690 2260 2910 13691 2260 2910 13692 2261 3096 13693 2251 3097 13694 2260 2910 13695 2251 3097 13696 2252 2912 13697 2252 2912 13698 2251 3097 13699 2280 3098 13700 2252 2912 13701 2280 3098 13702 2281 2914 13703 2281 2914 13704 2280 3098 13705 2300 3099 13706 2281 2914 13707 2300 3099 13708 2299 2916 13709 2299 2916 13710 2300 3099 13711 2296 3100 13712 2299 2916 13713 2296 3100 13714 2297 2918 13715 2297 2918 13716 2296 3100 13717 2325 2921 13718 2332 3095 13719 2220 3093 13720 2333 3094 13721 2233 3086 13722 2234 2905 13723 2222 2907 13724 2233 3086 13725 2222 2907 13726 2223 3087 13727 2223 3087 13728 2222 2907 13729 2330 2909 13730 2223 3087 13731 2330 2909 13732 2329 3088 13733 2329 3088 13734 2330 2909 13735 2259 2911 13736 2329 3088 13737 2259 2911 13738 2258 3089 13739 2258 3089 13740 2259 2911 13741 2253 2913 13742 2258 3089 13743 2253 2913 13744 2254 3090 13745 2254 3090 13746 2253 2913 13747 2282 2915 13748 2254 3090 13749 2282 2915 13750 2283 3016 13751 2283 3016 13752 2282 2915 13753 2298 2917 13754 2243 2977 13755 2244 3101 13756 2268 3102 13757 2268 3102 13758 2244 3101 13759 2267 2959 13760 2268 3102 13761 2267 2959 13762 2338 2957 13763 2267 2959 13764 2244 3101 13765 2245 2961 13766 2245 2961 13767 2244 3101 13768 2273 3103 13769 2245 2961 13770 2273 3103 13771 2274 2963 13772 2274 2963 13773 2273 3103 13774 2307 3104 13775 2274 2963 13776 2307 3104 13777 2306 2965 13778 2306 2965 13779 2307 3104 13780 2289 3105 13781 2306 2965 13782 2289 3105 13783 2290 2967 13784 2290 2967 13785 2289 3105 13786 2318 2987 13787 2290 2967 13788 2318 2987 13789 2319 2969 13790 2273 3103 13791 2244 3101 13792 2272 2979 13793 2272 2979 13794 2244 3101 13795 2243 2977 13796 2249 2934 13797 2250 3106 13798 2262 3107 13799 2262 3107 13800 2250 3106 13801 2261 3096 13802 2262 3107 13803 2261 3096 13804 2332 3095 13805 2261 3096 13806 2250 3106 13807 2251 3097 13808 2251 3097 13809 2250 3106 13810 2279 3108 13811 2251 3097 13812 2279 3108 13813 2280 3098 13814 2280 3098 13815 2279 3108 13816 2301 3109 13817 2280 3098 13818 2301 3109 13819 2300 3099 13820 2300 3099 13821 2301 3109 13822 2295 3110 13823 2300 3099 13824 2295 3110 13825 2296 3100 13826 2296 3100 13827 2295 3110 13828 2324 2924 13829 2296 3100 13830 2324 2924 13831 2325 2921 13832 2279 3108 13833 2250 3106 13834 2278 2932 13835 2278 2932 13836 2250 3106 13837 2249 2934 13838 2333 3094 13839 2263 2936 13840 2262 3107 13841 2262 3107 13842 2263 2936 13843 2249 2934 13844 2333 3094 13845 2262 3107 13846 2332 3095 13847 2171 2973 13848 2269 2975 13849 2268 3102 13850 2268 3102 13851 2269 2975 13852 2243 2977 13853 2171 2973 13854 2268 3102 13855 2338 2957 13856 2307 3104 13857 2273 3103 13858 2308 2981 13859 2308 2981 13860 2273 3103 13861 2272 2979 13862 2301 3109 13863 2279 3108 13864 2302 2930 13865 2302 2930 13866 2279 3108 13867 2278 2932 13868 2307 3104 13869 2308 2981 13870 2288 2983 13871 2307 3104 13872 2288 2983 13873 2289 3105 13874 2289 3105 13875 2288 2983 13876 2317 2985 13877 2289 3105 13878 2317 2985 13879 2318 2987 13880 2301 3109 13881 2302 2930 13882 2294 2928 13883 2301 3109 13884 2294 2928 13885 2295 3110 13886 2295 3110 13887 2294 2928 13888 2323 2926 13889 2295 3110 13890 2323 2926 13891 2324 2924 13892 2214 2955 13893 2171 2973 13894 2338 2957 13895 2370 3111 13896 2142 3004 13897 2372 3112 13898 2372 3112 13899 2142 3004 13900 2141 3003 13901 2372 3112 13902 2141 3003 13903 2140 3001 13904 2139 2995 13905 2399 3113 13906 2140 3001 13907 2140 3001 13908 2399 3113 13909 2385 3114 13910 2140 3001 13911 2385 3114 13912 2372 3112 13913 2372 3112 13914 2385 3114 13915 2373 3115 13916 2372 3112 13917 2373 3115 13918 2370 3111 13919 2370 3111 13920 2373 3115 13921 2369 3116 13922 2369 3116 13923 2373 3115 13924 2374 3117 13925 2369 3116 13926 2374 3117 13927 2375 3118 13928 2375 3118 13929 2374 3117 13930 2387 3119 13931 2375 3118 13932 2387 3119 13933 2388 3120 13934 2388 3120 13935 2387 3119 13936 2402 3121 13937 2388 3120 13938 2402 3121 13939 2403 3122 13940 2403 3122 13941 2402 3121 13942 2417 3123 13943 2403 3122 13944 2417 3123 13945 2418 3124 13946 2418 3124 13947 2417 3123 13948 2432 3125 13949 2418 3124 13950 2432 3125 13951 2433 3126 13952 2433 3126 13953 2432 3125 13954 2447 3127 13955 2433 3126 13956 2447 3127 13957 2448 3128 13958 2448 3128 13959 2447 3127 13960 2475 3129 13961 2448 3128 13962 2475 3129 13963 2474 3130 13964 2474 3130 13965 2475 3129 13966 2463 3131 13967 2474 3130 13968 2463 3131 13969 2464 3132 13970 2464 3132 13971 2463 3131 13972 2487 3133 13973 2464 3132 13974 2487 3133 13975 2486 3134 13976 2486 3134 13977 2487 3133 13978 2359 3135 13979 2486 3134 13980 2359 3135 13981 2360 3136 13982 2399 3113 13983 2139 2995 13984 2413 3137 13985 2413 3137 13986 2139 2995 13987 2138 2989 13988 2413 3137 13989 2138 2989 13990 2427 3138 13991 2427 3138 13992 2138 2989 13993 2137 2974 13994 2427 3138 13995 2137 2974 13996 2441 3139 13997 2441 3139 13998 2137 2974 13999 2136 2953 14000 2441 3139 14001 2136 2953 14002 2482 3140 14003 2482 3140 14004 2136 2953 14005 2455 3141 14006 2482 3140 14007 2455 3141 14008 2456 3142 14009 2456 3142 14010 2455 3141 14011 2495 3143 14012 2456 3142 14013 2495 3143 14014 2494 3144 14015 2494 3144 14016 2495 3143 14017 2354 3145 14018 2494 3144 14019 2354 3145 14020 2493 3146 14021 2493 3146 14022 2354 3145 14023 2355 3147 14024 2493 3146 14025 2355 3147 14026 2492 3148 14027 2492 3148 14028 2355 3147 14029 2491 3149 14030 2492 3148 14031 2491 3149 14032 2459 3150 14033 2459 3150 14034 2491 3149 14035 2460 3151 14036 2459 3150 14037 2460 3151 14038 2478 3152 14039 2478 3152 14040 2460 3151 14041 2477 3153 14042 2478 3152 14043 2477 3153 14044 2445 3154 14045 2445 3154 14046 2477 3153 14047 2446 3155 14048 2445 3154 14049 2446 3155 14050 2431 3156 14051 2431 3156 14052 2446 3155 14053 2432 3125 14054 2431 3156 14055 2432 3125 14056 2417 3123 14057 2136 2953 14058 2135 2949 14059 2455 3141 14060 2455 3141 14061 2135 2949 14062 2496 3157 14063 2455 3141 14064 2496 3157 14065 2495 3143 14066 2495 3143 14067 2496 3157 14068 2353 3158 14069 2495 3143 14070 2353 3158 14071 2354 3145 14072 2134 2950 14073 2351 3159 14074 2135 2949 14075 2135 2949 14076 2351 3159 14077 2496 3157 14078 2351 3159 14079 2352 3160 14080 2496 3157 14081 2496 3157 14082 2352 3160 14083 2353 3158 14084 2355 3147 14085 2356 3161 14086 2491 3149 14087 2491 3149 14088 2356 3161 14089 2490 3162 14090 2491 3149 14091 2490 3162 14092 2460 3151 14093 2460 3151 14094 2490 3162 14095 2461 3163 14096 2460 3151 14097 2461 3163 14098 2477 3153 14099 2477 3153 14100 2461 3163 14101 2476 3164 14102 2477 3153 14103 2476 3164 14104 2446 3155 14105 2446 3155 14106 2476 3164 14107 2447 3127 14108 2446 3155 14109 2447 3127 14110 2432 3125 14111 2356 3161 14112 2357 3165 14113 2490 3162 14114 2490 3162 14115 2357 3165 14116 2489 3166 14117 2490 3162 14118 2489 3166 14119 2461 3163 14120 2461 3163 14121 2489 3166 14122 2462 3167 14123 2461 3163 14124 2462 3167 14125 2476 3164 14126 2476 3164 14127 2462 3167 14128 2475 3129 14129 2476 3164 14130 2475 3129 14131 2447 3127 14132 2357 3165 14133 2358 3168 14134 2489 3166 14135 2489 3166 14136 2358 3168 14137 2488 3169 14138 2489 3166 14139 2488 3169 14140 2462 3167 14141 2462 3167 14142 2488 3169 14143 2463 3131 14144 2462 3167 14145 2463 3131 14146 2475 3129 14147 2488 3169 14148 2358 3168 14149 2487 3133 14150 2487 3133 14151 2358 3168 14152 2359 3135 14153 2361 3170 14154 2484 3171 14155 2360 3136 14156 2360 3136 14157 2484 3171 14158 2485 3172 14159 2360 3136 14160 2485 3172 14161 2486 3134 14162 2486 3134 14163 2485 3172 14164 2465 3173 14165 2486 3134 14166 2465 3173 14167 2464 3132 14168 2464 3132 14169 2465 3173 14170 2473 3174 14171 2464 3132 14172 2473 3174 14173 2474 3130 14174 2474 3130 14175 2473 3174 14176 2449 3175 14177 2474 3130 14178 2449 3175 14179 2448 3128 14180 2448 3128 14181 2449 3175 14182 2434 3176 14183 2448 3128 14184 2434 3176 14185 2433 3126 14186 2433 3126 14187 2434 3176 14188 2419 3177 14189 2433 3126 14190 2419 3177 14191 2418 3124 14192 2418 3124 14193 2419 3177 14194 2404 3178 14195 2418 3124 14196 2404 3178 14197 2403 3122 14198 2403 3122 14199 2404 3178 14200 2389 3179 14201 2403 3122 14202 2389 3179 14203 2388 3120 14204 2388 3120 14205 2389 3179 14206 2376 3180 14207 2388 3120 14208 2376 3180 14209 2375 3118 14210 2375 3118 14211 2376 3180 14212 2368 3181 14213 2375 3118 14214 2368 3181 14215 2369 3116 14216 2484 3171 14217 2361 3170 14218 2483 3182 14219 2483 3182 14220 2361 3170 14221 2160 3061 14222 2483 3182 14223 2160 3061 14224 2159 3053 14225 2483 3182 14226 2159 3053 14227 2468 3183 14228 2468 3183 14229 2159 3053 14230 2158 3045 14231 2468 3183 14232 2158 3045 14233 2469 3184 14234 2469 3184 14235 2158 3045 14236 2454 3185 14237 2469 3184 14238 2454 3185 14239 2453 3186 14240 2453 3186 14241 2454 3185 14242 2439 3187 14243 2453 3186 14244 2439 3187 14245 2438 3188 14246 2438 3188 14247 2439 3187 14248 2424 3189 14249 2438 3188 14250 2424 3189 14251 2423 3190 14252 2423 3190 14253 2424 3189 14254 2409 3191 14255 2423 3190 14256 2409 3191 14257 2408 3192 14258 2408 3192 14259 2409 3191 14260 2394 3193 14261 2408 3192 14262 2394 3193 14263 2393 3194 14264 2393 3194 14265 2394 3193 14266 2381 3195 14267 2393 3194 14268 2381 3195 14269 2380 3196 14270 2380 3196 14271 2381 3195 14272 2365 3197 14273 2380 3196 14274 2365 3197 14275 2366 3198 14276 2158 3045 14277 2157 3037 14278 2454 3185 14279 2454 3185 14280 2157 3037 14281 2440 3199 14282 2454 3185 14283 2440 3199 14284 2439 3187 14285 2439 3187 14286 2440 3199 14287 2425 3200 14288 2439 3187 14289 2425 3200 14290 2424 3189 14291 2424 3189 14292 2425 3200 14293 2410 3201 14294 2424 3189 14295 2410 3201 14296 2409 3191 14297 2409 3191 14298 2410 3201 14299 2395 3202 14300 2409 3191 14301 2395 3202 14302 2394 3193 14303 2394 3193 14304 2395 3202 14305 2382 3203 14306 2394 3193 14307 2382 3203 14308 2381 3195 14309 2381 3195 14310 2382 3203 14311 2364 3204 14312 2381 3195 14313 2364 3204 14314 2365 3197 14315 2157 3037 14316 2156 3019 14317 2440 3199 14318 2440 3199 14319 2156 3019 14320 2426 3205 14321 2440 3199 14322 2426 3205 14323 2425 3200 14324 2425 3200 14325 2426 3205 14326 2411 3206 14327 2425 3200 14328 2411 3206 14329 2410 3201 14330 2410 3201 14331 2411 3206 14332 2396 3207 14333 2410 3201 14334 2396 3207 14335 2395 3202 14336 2395 3202 14337 2396 3207 14338 2383 3208 14339 2395 3202 14340 2383 3208 14341 2382 3203 14342 2382 3203 14343 2383 3208 14344 2363 3209 14345 2382 3203 14346 2363 3209 14347 2364 3204 14348 2156 3019 14349 2155 3017 14350 2426 3205 14351 2426 3205 14352 2155 3017 14353 2412 3210 14354 2426 3205 14355 2412 3210 14356 2411 3206 14357 2411 3206 14358 2412 3210 14359 2397 3211 14360 2411 3206 14361 2397 3211 14362 2396 3207 14363 2396 3207 14364 2397 3211 14365 2384 3212 14366 2396 3207 14367 2384 3212 14368 2383 3208 14369 2383 3208 14370 2384 3212 14371 2363 3209 14372 2155 3017 14373 2154 2919 14374 2412 3210 14375 2412 3210 14376 2154 2919 14377 2398 3213 14378 2412 3210 14379 2398 3213 14380 2397 3211 14381 2397 3211 14382 2398 3213 14383 2371 3214 14384 2397 3211 14385 2371 3214 14386 2384 3212 14387 2384 3212 14388 2371 3214 14389 2362 3215 14390 2384 3212 14391 2362 3215 14392 2363 3209 14393 2154 2919 14394 2153 2920 14395 2398 3213 14396 2398 3213 14397 2153 2920 14398 2371 3214 14399 2153 2920 14400 2152 2922 14401 2371 3214 14402 2371 3214 14403 2152 2922 14404 2362 3215 14405 2367 3216 14406 2378 3217 14407 2366 3198 14408 2366 3198 14409 2378 3217 14410 2379 3218 14411 2366 3198 14412 2379 3218 14413 2380 3196 14414 2380 3196 14415 2379 3218 14416 2392 3219 14417 2380 3196 14418 2392 3219 14419 2393 3194 14420 2393 3194 14421 2392 3219 14422 2407 3220 14423 2393 3194 14424 2407 3220 14425 2408 3192 14426 2408 3192 14427 2407 3220 14428 2422 3221 14429 2408 3192 14430 2422 3221 14431 2423 3190 14432 2423 3190 14433 2422 3221 14434 2437 3222 14435 2423 3190 14436 2437 3222 14437 2438 3188 14438 2438 3188 14439 2437 3222 14440 2452 3223 14441 2438 3188 14442 2452 3223 14443 2453 3186 14444 2453 3186 14445 2452 3223 14446 2470 3224 14447 2453 3186 14448 2470 3224 14449 2469 3184 14450 2469 3184 14451 2470 3224 14452 2468 3183 14453 2378 3217 14454 2367 3216 14455 2377 3225 14456 2377 3225 14457 2367 3216 14458 2368 3181 14459 2377 3225 14460 2368 3181 14461 2376 3180 14462 2374 3117 14463 2373 3115 14464 2386 3226 14465 2386 3226 14466 2373 3115 14467 2385 3114 14468 2386 3226 14469 2385 3114 14470 2400 3227 14471 2400 3227 14472 2385 3114 14473 2399 3113 14474 2400 3227 14475 2399 3113 14476 2414 3228 14477 2414 3228 14478 2399 3113 14479 2413 3137 14480 2414 3228 14481 2413 3137 14482 2428 3229 14483 2428 3229 14484 2413 3137 14485 2427 3138 14486 2428 3229 14487 2427 3138 14488 2442 3230 14489 2442 3230 14490 2427 3138 14491 2441 3139 14492 2442 3230 14493 2441 3139 14494 2481 3231 14495 2481 3231 14496 2441 3139 14497 2482 3140 14498 2481 3231 14499 2482 3140 14500 2456 3142 14501 2376 3180 14502 2389 3179 14503 2377 3225 14504 2377 3225 14505 2389 3179 14506 2390 3232 14507 2377 3225 14508 2390 3232 14509 2378 3217 14510 2378 3217 14511 2390 3232 14512 2391 3233 14513 2378 3217 14514 2391 3233 14515 2379 3218 14516 2379 3218 14517 2391 3233 14518 2392 3219 14519 2374 3117 14520 2386 3226 14521 2387 3119 14522 2387 3119 14523 2386 3226 14524 2401 3234 14525 2387 3119 14526 2401 3234 14527 2402 3121 14528 2402 3121 14529 2401 3234 14530 2416 3235 14531 2402 3121 14532 2416 3235 14533 2417 3123 14534 2417 3123 14535 2416 3235 14536 2431 3156 14537 2401 3234 14538 2386 3226 14539 2400 3227 14540 2389 3179 14541 2404 3178 14542 2390 3232 14543 2390 3232 14544 2404 3178 14545 2405 3236 14546 2390 3232 14547 2405 3236 14548 2391 3233 14549 2391 3233 14550 2405 3236 14551 2406 3237 14552 2391 3233 14553 2406 3237 14554 2392 3219 14555 2392 3219 14556 2406 3237 14557 2407 3220 14558 2401 3234 14559 2400 3227 14560 2415 3238 14561 2415 3238 14562 2400 3227 14563 2414 3228 14564 2415 3238 14565 2414 3228 14566 2429 3239 14567 2429 3239 14568 2414 3228 14569 2428 3229 14570 2429 3239 14571 2428 3229 14572 2443 3240 14573 2443 3240 14574 2428 3229 14575 2442 3230 14576 2443 3240 14577 2442 3230 14578 2480 3241 14579 2480 3241 14580 2442 3230 14581 2481 3231 14582 2480 3241 14583 2481 3231 14584 2457 3242 14585 2457 3242 14586 2481 3231 14587 2456 3142 14588 2457 3242 14589 2456 3142 14590 2494 3144 14591 2404 3178 14592 2419 3177 14593 2405 3236 14594 2405 3236 14595 2419 3177 14596 2420 3243 14597 2405 3236 14598 2420 3243 14599 2406 3237 14600 2406 3237 14601 2420 3243 14602 2421 3244 14603 2406 3237 14604 2421 3244 14605 2407 3220 14606 2407 3220 14607 2421 3244 14608 2422 3221 14609 2401 3234 14610 2415 3238 14611 2416 3235 14612 2416 3235 14613 2415 3238 14614 2430 3245 14615 2416 3235 14616 2430 3245 14617 2431 3156 14618 2431 3156 14619 2430 3245 14620 2445 3154 14621 2430 3245 14622 2415 3238 14623 2429 3239 14624 2419 3177 14625 2434 3176 14626 2420 3243 14627 2420 3243 14628 2434 3176 14629 2435 3246 14630 2420 3243 14631 2435 3246 14632 2421 3244 14633 2421 3244 14634 2435 3246 14635 2436 3247 14636 2421 3244 14637 2436 3247 14638 2422 3221 14639 2422 3221 14640 2436 3247 14641 2437 3222 14642 2430 3245 14643 2429 3239 14644 2444 3248 14645 2444 3248 14646 2429 3239 14647 2443 3240 14648 2444 3248 14649 2443 3240 14650 2479 3249 14651 2479 3249 14652 2443 3240 14653 2480 3241 14654 2479 3249 14655 2480 3241 14656 2458 3250 14657 2458 3250 14658 2480 3241 14659 2457 3242 14660 2458 3250 14661 2457 3242 14662 2493 3146 14663 2493 3146 14664 2457 3242 14665 2494 3144 14666 2434 3176 14667 2449 3175 14668 2435 3246 14669 2435 3246 14670 2449 3175 14671 2450 3251 14672 2435 3246 14673 2450 3251 14674 2436 3247 14675 2436 3247 14676 2450 3251 14677 2451 3252 14678 2436 3247 14679 2451 3252 14680 2437 3222 14681 2437 3222 14682 2451 3252 14683 2452 3223 14684 2478 3152 14685 2445 3154 14686 2444 3248 14687 2444 3248 14688 2445 3154 14689 2430 3245 14690 2478 3152 14691 2444 3248 14692 2479 3249 14693 2449 3175 14694 2473 3174 14695 2450 3251 14696 2450 3251 14697 2473 3174 14698 2472 3253 14699 2450 3251 14700 2472 3253 14701 2451 3252 14702 2451 3252 14703 2472 3253 14704 2471 3254 14705 2451 3252 14706 2471 3254 14707 2452 3223 14708 2452 3223 14709 2471 3254 14710 2470 3224 14711 2478 3152 14712 2479 3249 14713 2459 3150 14714 2459 3150 14715 2479 3249 14716 2458 3250 14717 2459 3150 14718 2458 3250 14719 2492 3148 14720 2492 3148 14721 2458 3250 14722 2493 3146 14723 2487 3133 14724 2463 3131 14725 2488 3169 14726 2472 3253 14727 2473 3174 14728 2465 3173 14729 2471 3254 14730 2472 3253 14731 2466 3255 14732 2466 3255 14733 2472 3253 14734 2465 3173 14735 2466 3255 14736 2465 3173 14737 2485 3172 14738 2470 3224 14739 2471 3254 14740 2467 3256 14741 2467 3256 14742 2471 3254 14743 2466 3255 14744 2467 3256 14745 2466 3255 14746 2484 3171 14747 2484 3171 14748 2466 3255 14749 2485 3172 14750 2483 3182 14751 2468 3183 14752 2467 3256 14753 2467 3256 14754 2468 3183 14755 2470 3224 14756 2483 3182 14757 2467 3256 14758 2484 3171 14759 2121 3257 14760 2497 3258 14761 2122 3259 14762 2122 3259 14763 2497 3258 14764 2498 3260 14765 2122 3259 14766 2498 3260 14767 2123 3261 14768 2123 3261 14769 2498 3260 14770 2499 3262 14771 2123 3261 14772 2499 3262 14773 2124 3263 14774 2124 3263 14775 2499 3262 14776 2500 3264 14777 2124 3263 14778 2500 3264 14779 2125 3265 14780 2125 3265 14781 2500 3264 14782 2501 3266 14783 2125 3265 14784 2501 3266 14785 2126 3267 14786 2126 3267 14787 2501 3266 14788 2502 3268 14789 2126 3267 14790 2502 3268 14791 2127 3269 14792 2127 3269 14793 2502 3268 14794 2503 3270 14795 2127 3269 14796 2503 3270 14797 2128 3271 14798 2128 3271 14799 2503 3270 14800 2504 3272 14801 2128 3271 14802 2504 3272 14803 2129 3273 14804 2129 3273 14805 2504 3272 14806 2505 3274 14807 2129 3273 14808 2505 3274 14809 2130 3275 14810 2130 3275 14811 2505 3274 14812 2506 3276 14813 2130 3275 14814 2506 3276 14815 2111 3277 14816 2111 3277 14817 2506 3276 14818 2507 3278 14819 2111 3277 14820 2507 3278 14821 2112 3279 14822 2112 3279 14823 2507 3278 14824 2508 3280 14825 2112 3279 14826 2508 3280 14827 2113 3281 14828 2113 3281 14829 2508 3280 14830 2509 3282 14831 2113 3281 14832 2509 3282 14833 2114 3283 14834 2114 3283 14835 2509 3282 14836 2510 3284 14837 2114 3283 14838 2510 3284 14839 2115 3285 14840 2115 3285 14841 2510 3284 14842 2511 3286 14843 2115 3285 14844 2511 3286 14845 2116 3287 14846 2116 3287 14847 2511 3286 14848 2512 3288 14849 2116 3287 14850 2512 3288 14851 2117 3289 14852 2117 3289 14853 2512 3288 14854 2513 3290 14855 2117 3289 14856 2513 3290 14857 2118 3291 14858 2118 3291 14859 2513 3290 14860 2514 3292 14861 2118 3291 14862 2514 3292 14863 2119 3293 14864 2119 3293 14865 2514 3292 14866 2515 3293 14867 2119 3293 14868 2515 3293 14869 2120 3294 14870 2120 3294 14871 2515 3293 14872 2516 3295 14873 2120 3294 14874 2516 3295 14875 2121 3257 14876 2121 3257 14877 2516 3295 14878 2497 3258 14879 2357 3296 14880 2517 1046 14881 2358 3297 14882 2358 3297 14883 2517 1046 14884 2518 3298 14885 2358 3297 14886 2518 3298 14887 2359 3299 14888 2359 3299 14889 2518 3298 14890 2519 3300 14891 2359 3299 14892 2519 3300 14893 2360 3301 14894 2360 3301 14895 2519 3300 14896 2520 3301 14897 2360 3301 14898 2520 3301 14899 2361 3170 14900 2361 3170 14901 2520 3301 14902 2521 3302 14903 2361 3170 14904 2521 3302 14905 2160 3061 14906 2160 3061 14907 2521 3302 14908 2522 3303 14909 2160 3061 14910 2522 3303 14911 2161 3063 14912 2161 3063 14913 2522 3303 14914 2523 3304 14915 2161 3063 14916 2523 3304 14917 2162 3305 14918 2162 3305 14919 2523 3304 14920 2524 3306 14921 2162 3305 14922 2524 3306 14923 2163 3307 14924 2163 3307 14925 2524 3306 14926 2525 3307 14927 2163 3307 14928 2525 3307 14929 2164 3308 14930 2164 3308 14931 2525 3307 14932 2526 3309 14933 2164 3308 14934 2526 3309 14935 2165 3310 14936 2165 3310 14937 2526 3309 14938 2527 3311 14939 2527 3311 14940 2528 3312 14941 2165 3310 14942 2165 3310 14943 2528 3312 14944 2166 3313 14945 2166 3313 14946 2528 3312 14947 2529 3314 14948 2166 3313 14949 2529 3314 14950 2167 3315 14951 2167 3315 14952 2529 3314 14953 2530 3316 14954 2167 3315 14955 2530 3316 14956 2168 3317 14957 2168 3317 14958 2530 3316 14959 2531 3318 14960 2168 3317 14961 2531 3318 14962 2131 3319 14963 2131 3319 14964 2531 3318 14965 2132 3320 14966 2132 3320 14967 2531 3318 14968 2532 3321 14969 2132 3320 14970 2532 3321 14971 2133 3322 14972 2133 3322 14973 2532 3321 14974 2134 447 14975 2134 447 14976 2532 3321 14977 2351 3323 14978 2351 3323 14979 2532 3321 14980 2352 3324 14981 2352 3324 14982 2532 3321 14983 2533 3325 14984 2352 3324 14985 2533 3325 14986 2353 3326 14987 2353 3326 14988 2533 3325 14989 2354 3327 14990 2354 3327 14991 2533 3325 14992 2534 3328 14993 2354 3327 14994 2534 3328 14995 2355 3329 14996 2355 3329 14997 2534 3328 14998 2535 3330 14999 2355 3329 15000 2535 3330 15001 2356 3331 15002 2356 3331 15003 2535 3330 15004 2536 3332 15005 2356 3331 15006 2536 3332 15007 2357 3296 15008 2357 3296 15009 2536 3332 15010 2517 1046 15011 2528 2811 15012 2527 2811 15013 2512 2811 15014 2512 3333 15015 2527 3333 15016 2526 3333 15017 2512 2811 15018 2526 2811 15019 2513 2811 15020 2513 3334 15021 2526 3334 15022 2525 3334 15023 2513 2811 15024 2525 2811 15025 2514 2811 15026 2514 2811 15027 2525 2811 15028 2524 2811 15029 2514 3335 15030 2524 3335 15031 2515 3335 15032 2515 2811 15033 2524 2811 15034 2523 2811 15035 2515 3336 15036 2523 3336 15037 2516 3336 15038 2516 2811 15039 2523 2811 15040 2522 2811 15041 2516 3337 15042 2522 3337 15043 2497 3337 15044 2497 2811 15045 2522 2811 15046 2498 2811 15047 2498 2811 15048 2522 2811 15049 2521 2811 15050 2498 2811 15051 2521 2811 15052 2499 2811 15053 2499 3338 15054 2521 3338 15055 2520 3338 15056 2499 2811 15057 2520 2811 15058 2500 2811 15059 2500 2811 15060 2520 2811 15061 2519 2811 15062 2500 2811 15063 2519 2811 15064 2501 2811 15065 2501 2811 15066 2519 2811 15067 2518 2811 15068 2501 3339 15069 2518 3339 15070 2502 3339 15071 2502 2811 15072 2518 2811 15073 2517 2811 15074 2502 2811 15075 2517 2811 15076 2536 2811 15077 2502 2811 15078 2536 2811 15079 2503 2811 15080 2503 2811 15081 2536 2811 15082 2535 2811 15083 2503 2811 15084 2535 2811 15085 2504 2811 15086 2504 2811 15087 2535 2811 15088 2534 2811 15089 2504 2811 15090 2534 2811 15091 2505 2811 15092 2505 2811 15093 2534 2811 15094 2533 2811 15095 2505 3340 15096 2533 3340 15097 2506 3340 15098 2506 2811 15099 2533 2811 15100 2532 2811 15101 2506 3341 15102 2532 3341 15103 2507 3341 15104 2507 3342 15105 2532 3342 15106 2508 3342 15107 2508 2811 15108 2532 2811 15109 2531 2811 15110 2508 3343 15111 2531 3343 15112 2509 3343 15113 2509 2811 15114 2531 2811 15115 2530 2811 15116 2509 3344 15117 2530 3344 15118 2510 3344 15119 2510 2811 15120 2530 2811 15121 2529 2811 15122 2510 2811 15123 2529 2811 15124 2511 2811 15125 2511 2811 15126 2529 2811 15127 2528 2811 15128 2511 3345 15129 2528 3345 15130 2512 3345 15131 2538 3346 15132 2546 3346 15133 2537 3346 15134 2537 3347 15135 2546 3347 15136 2547 3347 15137 2537 3348 15138 2547 3348 15139 2556 3348 15140 2556 3349 15141 2547 3349 15142 2548 3349 15143 2556 3350 15144 2548 3350 15145 2555 3350 15146 2555 3351 15147 2548 3351 15148 2549 3351 15149 2555 3352 15150 2549 3352 15151 2554 3352 15152 2554 3353 15153 2549 3353 15154 2550 3353 15155 2554 3354 15156 2550 3354 15157 2553 3354 15158 2553 3355 15159 2550 3355 15160 2551 3355 15161 2553 447 15162 2551 447 15163 2552 447 15164 2546 3350 15165 2538 3350 15166 2545 3350 15167 2545 3356 15168 2538 3356 15169 2539 3356 15170 2545 3357 15171 2539 3357 15172 2544 3357 15173 2544 3358 15174 2539 3358 15175 2540 3358 15176 2544 3359 15177 2540 3359 15178 2543 3359 15179 2543 447 15180 2540 447 15181 2541 447 15182 2543 447 15183 2541 447 15184 2542 447 15185 2557 3360 15186 2547 3361 15187 2567 3362 15188 2567 3362 15189 2547 3361 15190 2546 3363 15191 2567 3362 15192 2546 3363 15193 2566 3364 15194 2566 3364 15195 2546 3363 15196 2545 3365 15197 2566 3364 15198 2545 3365 15199 2565 3366 15200 2565 3366 15201 2545 3365 15202 2544 3367 15203 2565 3366 15204 2544 3367 15205 2564 3368 15206 2564 3368 15207 2544 3367 15208 2543 3369 15209 2564 3368 15210 2543 3369 15211 2563 3370 15212 2563 3370 15213 2543 3369 15214 2542 3371 15215 2563 3370 15216 2542 3371 15217 2562 3372 15218 2562 3372 15219 2542 3371 15220 2541 3373 15221 2562 3372 15222 2541 3373 15223 2561 3374 15224 2561 3374 15225 2541 3373 15226 2540 3375 15227 2561 3374 15228 2540 3375 15229 2539 3376 15230 2538 3377 15231 2559 3378 15232 2539 3376 15233 2539 3376 15234 2559 3378 15235 2560 3379 15236 2539 3376 15237 2560 3379 15238 2561 3374 15239 2537 3380 15240 2558 3381 15241 2538 3377 15242 2538 3377 15243 2558 3381 15244 2559 3378 15245 2147 3382 15246 2568 3383 15247 2148 3384 15248 2148 3384 15249 2568 3383 15250 2569 3385 15251 2148 3384 15252 2569 3385 15253 2149 3386 15254 2149 3386 15255 2569 3385 15256 2570 3387 15257 2149 3386 15258 2570 3387 15259 2150 3388 15260 2150 3388 15261 2570 3387 15262 2571 3389 15263 2150 3388 15264 2571 3389 15265 2151 2923 15266 2151 2923 15267 2571 3389 15268 2572 3390 15269 2151 2923 15270 2572 3390 15271 2152 2922 15272 2152 2922 15273 2572 3390 15274 2573 3391 15275 2152 2922 15276 2573 3391 15277 2362 3215 15278 2362 3215 15279 2573 3391 15280 2574 3392 15281 2362 3215 15282 2574 3392 15283 2363 3393 15284 2363 3393 15285 2574 3392 15286 2575 3394 15287 2363 3393 15288 2575 3394 15289 2364 3395 15290 2364 3395 15291 2575 3394 15292 2576 3396 15293 2364 3395 15294 2576 3396 15295 2365 3397 15296 2365 3397 15297 2576 3396 15298 2577 3398 15299 2365 3397 15300 2577 3398 15301 2366 3399 15302 2366 3399 15303 2577 3398 15304 2578 3400 15305 2547 3361 15306 2557 3360 15307 2548 3401 15308 2548 3401 15309 2557 3360 15310 2579 3402 15311 2548 3401 15312 2579 3402 15313 2549 3403 15314 2549 3403 15315 2579 3402 15316 2580 3396 15317 2549 3403 15318 2580 3396 15319 2550 3404 15320 2550 3404 15321 2580 3396 15322 2581 3405 15323 2550 3404 15324 2581 3405 15325 2551 3406 15326 2551 3406 15327 2581 3405 15328 2582 3407 15329 2551 3406 15330 2582 3407 15331 2552 3408 15332 2552 3408 15333 2582 3407 15334 2583 3409 15335 2552 3408 15336 2583 3409 15337 2553 3410 15338 2553 3410 15339 2583 3409 15340 2584 3411 15341 2553 3410 15342 2584 3411 15343 2554 3412 15344 2554 3412 15345 2584 3411 15346 2585 3413 15347 2554 3412 15348 2585 3413 15349 2555 3414 15350 2555 3414 15351 2585 3413 15352 2586 3415 15353 2555 3414 15354 2586 3415 15355 2556 3416 15356 2556 3416 15357 2586 3415 15358 2587 3417 15359 2556 3416 15360 2587 3417 15361 2537 3380 15362 2537 3380 15363 2587 3417 15364 2558 3381 15365 2589 1046 15366 2590 1046 15367 2588 1046 15368 2588 1046 15369 2590 1046 15370 2591 1046 15371 2590 3418 15372 2589 3419 15373 2143 3420 15374 2143 3420 15375 2589 3419 15376 2592 3421 15377 2143 3420 15378 2592 3421 15379 2144 3422 15380 2144 3422 15381 2592 3421 15382 2593 3423 15383 2144 3422 15384 2593 3423 15385 2145 3424 15386 2145 3424 15387 2593 3423 15388 2594 3425 15389 2145 3424 15390 2594 3425 15391 2146 3426 15392 2146 3426 15393 2594 3425 15394 2595 3427 15395 2146 3426 15396 2595 3427 15397 2147 3382 15398 2147 3382 15399 2595 3427 15400 2568 3383 15401 2590 3418 15402 2143 3420 15403 2616 3428 15404 2616 3428 15405 2143 3420 15406 2142 3429 15407 2616 3428 15408 2142 3429 15409 2615 3430 15410 2615 3430 15411 2142 3429 15412 2614 3431 15413 2614 3431 15414 2142 3429 15415 2613 3432 15416 2613 3432 15417 2142 3429 15418 2612 3433 15419 2612 3433 15420 2142 3429 15421 2611 3434 15422 2611 3434 15423 2142 3429 15424 2610 3435 15425 2610 3436 15426 2142 3437 15427 2609 3438 15428 2609 3439 15429 2142 3440 15430 2608 3441 15431 2608 3442 15432 2142 3443 15433 2607 3444 15434 2607 3445 15435 2142 3446 15436 2606 3447 15437 2606 3447 15438 2142 3446 15439 2605 3448 15440 2605 3448 15441 2142 3446 15442 2604 3449 15443 2604 3449 15444 2142 3446 15445 2603 3450 15446 2603 3450 15447 2142 3446 15448 2602 3451 15449 2602 3451 15450 2142 3446 15451 2370 3452 15452 2602 3451 15453 2370 3452 15454 2601 3453 15455 2601 3454 15456 2370 3455 15457 2600 3456 15458 2600 3456 15459 2370 3455 15460 2599 3457 15461 2599 3457 15462 2370 3455 15463 2369 3458 15464 2599 3457 15465 2369 3458 15466 2598 3459 15467 2598 3459 15468 2369 3458 15469 2368 3460 15470 2598 3459 15471 2368 3460 15472 2597 3461 15473 2597 3461 15474 2368 3460 15475 2367 3462 15476 2597 3461 15477 2367 3462 15478 2596 3463 15479 2596 3463 15480 2367 3462 15481 2366 3399 15482 2596 3463 15483 2366 3399 15484 2578 3400 15485 2595 447 15486 2557 447 15487 2568 447 15488 2568 447 15489 2557 447 15490 2567 447 15491 2568 3464 15492 2567 3464 15493 2569 3464 15494 2569 447 15495 2567 447 15496 2566 447 15497 2569 3465 15498 2566 3465 15499 2570 3465 15500 2570 447 15501 2566 447 15502 2565 447 15503 2570 3466 15504 2565 3466 15505 2571 3466 15506 2571 447 15507 2565 447 15508 2564 447 15509 2571 447 15510 2564 447 15511 2572 447 15512 2572 3467 15513 2564 3467 15514 2563 3467 15515 2572 3468 15516 2563 3468 15517 2573 3468 15518 2573 3469 15519 2563 3469 15520 2574 3469 15521 2574 447 15522 2563 447 15523 2562 447 15524 2574 3470 15525 2562 3470 15526 2575 3470 15527 2575 447 15528 2562 447 15529 2561 447 15530 2575 447 15531 2561 447 15532 2576 447 15533 2576 447 15534 2561 447 15535 2560 447 15536 2576 447 15537 2560 447 15538 2577 447 15539 2577 447 15540 2560 447 15541 2559 447 15542 2577 447 15543 2559 447 15544 2578 447 15545 2578 447 15546 2559 447 15547 2558 447 15548 2578 447 15549 2558 447 15550 2596 447 15551 2596 447 15552 2558 447 15553 2587 447 15554 2596 447 15555 2587 447 15556 2597 447 15557 2597 447 15558 2587 447 15559 2586 447 15560 2597 447 15561 2586 447 15562 2598 447 15563 2598 3471 15564 2586 3471 15565 2585 3471 15566 2598 447 15567 2585 447 15568 2599 447 15569 2599 447 15570 2585 447 15571 2584 447 15572 2599 3472 15573 2584 3472 15574 2600 3472 15575 2600 3473 15576 2584 3473 15577 2617 3473 15578 2617 3474 15579 2584 3474 15580 2583 3474 15581 2617 447 15582 2583 447 15583 2588 447 15584 2588 3475 15585 2583 3475 15586 2582 3475 15587 2588 447 15588 2582 447 15589 2589 447 15590 2589 3476 15591 2582 3476 15592 2592 3476 15593 2592 447 15594 2582 447 15595 2581 447 15596 2592 3477 15597 2581 3477 15598 2593 3477 15599 2593 3471 15600 2581 3471 15601 2580 3471 15602 2593 3478 15603 2580 3478 15604 2594 3478 15605 2594 447 15606 2580 447 15607 2579 447 15608 2594 3479 15609 2579 3479 15610 2595 3479 15611 2595 447 15612 2579 447 15613 2557 447 15614 2617 2811 15615 2588 2811 15616 2627 2811 15617 2627 2811 15618 2588 2811 15619 2591 2811 15620 2627 3480 15621 2591 3481 15622 2618 3482 15623 2618 2811 15624 2619 2811 15625 2627 2811 15626 2627 3483 15627 2619 3483 15628 2620 3483 15629 2627 3484 15630 2620 3485 15631 2621 3486 15632 2621 3487 15633 2622 3488 15634 2627 3489 15635 2627 3490 15636 2622 3490 15637 2623 3490 15638 2627 3491 15639 2623 3491 15640 2624 3491 15641 2624 3492 15642 2625 3493 15643 2627 3494 15644 2627 2811 15645 2625 2811 15646 2626 2811 15647 2601 3495 15648 2627 3496 15649 2602 3497 15650 2602 3497 15651 2627 3496 15652 2626 3498 15653 2602 3497 15654 2626 3498 15655 2603 3499 15656 2603 3499 15657 2626 3498 15658 2625 3500 15659 2603 3499 15660 2625 3500 15661 2604 3501 15662 2604 3501 15663 2625 3500 15664 2605 3502 15665 2605 3502 15666 2625 3500 15667 2624 3503 15668 2605 3502 15669 2624 3503 15670 2606 3504 15671 2606 3504 15672 2624 3503 15673 2607 3505 15674 2607 3505 15675 2624 3503 15676 2623 3506 15677 2607 3507 15678 2623 3508 15679 2608 3509 15680 2608 3509 15681 2623 3508 15682 2622 3510 15683 2608 3509 15684 2622 3510 15685 2609 3511 15686 2609 3511 15687 2622 3510 15688 2610 3512 15689 2610 3512 15690 2622 3510 15691 2621 3513 15692 2610 3512 15693 2621 3513 15694 2611 3514 15695 2611 3514 15696 2621 3513 15697 2620 3515 15698 2611 3514 15699 2620 3515 15700 2612 3516 15701 2612 3516 15702 2620 3515 15703 2613 3517 15704 2613 3517 15705 2620 3515 15706 2619 3518 15707 2613 3517 15708 2619 3518 15709 2614 3519 15710 2614 3519 15711 2619 3518 15712 2615 3520 15713 2615 3520 15714 2619 3518 15715 2618 3521 15716 2615 3520 15717 2618 3521 15718 2616 3522 15719 2616 3522 15720 2618 3521 15721 2591 3523 15722 2616 3522 15723 2591 3523 15724 2590 3524 15725 2601 1049 15726 2600 1049 15727 2627 1049 15728 2627 1049 15729 2600 1049 15730 2617 1049 15731</p>
        </triangles>
      </mesh>
    </geometry>
  </library_geometries>
  <library_visual_scenes>
    <visual_scene id="Scene" name="Scene">
      <node id="RD37-FR5L-V6_0-4-1" name="RD37-FR5L-V6.0-4-1" type="NODE">
        <matrix sid="transform">0.001 0 0 0 0 0.001 -4.37114e-11 0 0 4.37114e-11 0.001 0 0 0 0 1</matrix>
        <node id="stitch_result_stitchFBXASC032all" name="stitch_result_stitchFBXASC032all" type="NODE">
          <matrix sid="transform">4.37114e-8 -1 3.82137e-15 3.05176e-5 -1 -4.37114e-8 -8.74228e-8 0 8.74228e-8 0 -1 -3.8147e-6 0 0 0 1</matrix>
          <instance_geometry url="#stitch_result_stitchFBXASC032allMesh_003-mesh" name="stitch_result_stitchFBXASC032all">
            <bind_material>
              <technique_common>
                <instance_material symbol="MaterialFBXASC032FBXASC03528-material" target="#MaterialFBXASC032FBXASC03528-material">
                  <bind_vertex_input semantic="stitch_result_stitchFBXASC032all-UV0" input_semantic="TEXCOORD" input_set="0"/>
                </instance_material>
              </technique_common>
            </bind_material>
          </instance_geometry>
        </node>
      </node>
    </visual_scene>
  </library_visual_scenes>
  <scene>
    <instance_visual_scene url="#Scene"/>
  </scene>
</COLLADA>